speed,object_distance,visibility,weather,sensor_delay,road_condition,result,stopping_distance,margin,effective_deceleration,failure_probability,predicted_result
120,5,Poor,Fog,0.05,Slippery,FAIL,141.71335200746967,-136.71335200746967,4.76,0.9939986505569106,FAIL
100,5,Poor,Fog,0.05,Slippery,FAIL,101.8842722274095,-96.8842722274095,4.76,0.9939986505569106,FAIL
80,5,Poor,Fog,0.05,Slippery,FAIL,68.5392675588754,-63.5392675588754,4.76,0.9939986505569106,FAIL
80,10,Poor,Fog,0.05,Slippery,FAIL,68.5392675588754,-58.5392675588754,4.76,0.99399331638869,FAIL
100,10,Poor,Fog,0.05,Slippery,FAIL,101.8842722274095,-91.8842722274095,4.76,0.99399331638869,FAIL
120,10,Poor,Fog,0.05,Slippery,FAIL,141.71335200746967,-131.71335200746967,4.76,0.99399331638869,FAIL
80,5,Poor,Fog,0.1,Slippery,FAIL,69.65037866998651,-64.65037866998651,4.76,0.9938699108131518,FAIL
120,5,Poor,Fog,0.1,Slippery,FAIL,143.38001867413635,-138.38001867413635,4.76,0.9938699108131518,FAIL
100,5,Poor,Fog,0.1,Slippery,FAIL,103.27316111629838,-98.27316111629838,4.76,0.9938699108131518,FAIL
100,10,Poor,Fog,0.1,Slippery,FAIL,103.27316111629838,-93.27316111629838,4.76,0.9938645053169708,FAIL
80,10,Poor,Fog,0.1,Slippery,FAIL,69.65037866998651,-59.65037866998651,4.76,0.9938645053169708,FAIL
120,10,Poor,Fog,0.1,Slippery,FAIL,143.38001867413635,-133.38001867413635,4.76,0.9938645053169708,FAIL
100,5,Poor,Fog,0.15,Slippery,FAIL,104.66205000518728,-99.66205000518728,4.76,0.9938159113539304,FAIL
80,5,Poor,Fog,0.15,Slippery,FAIL,70.76148978109762,-65.76148978109762,4.76,0.9938159113539304,FAIL
120,5,Poor,Fog,0.15,Slippery,FAIL,145.046685340803,-140.046685340803,4.76,0.9938159113539304,FAIL
120,5,Poor,Fog,0.0,Slippery,FAIL,140.046685340803,-135.046685340803,4.76,0.9938117109816851,FAIL
100,5,Poor,Fog,0.0,Slippery,FAIL,100.4953833385206,-95.4953833385206,4.76,0.9938117109816851,FAIL
80,5,Poor,Fog,0.0,Slippery,FAIL,67.4281564477643,-62.428156447764295,4.76,0.9938117109816851,FAIL
100,10,Poor,Fog,0.15,Slippery,FAIL,104.66205000518728,-94.66205000518728,4.76,0.9938105304447908,FAIL
80,10,Poor,Fog,0.15,Slippery,FAIL,70.76148978109762,-60.76148978109762,4.76,0.9938105304447908,FAIL
120,10,Poor,Fog,0.15,Slippery,FAIL,145.046685340803,-135.046685340803,4.76,0.9938105304447908,FAIL
80,10,Poor,Fog,0.0,Slippery,FAIL,67.4281564477643,-57.428156447764295,4.76,0.9938064624182559,FAIL
120,10,Poor,Fog,0.0,Slippery,FAIL,140.046685340803,-130.046685340803,4.76,0.9938064624182559,FAIL
100,10,Poor,Fog,0.0,Slippery,FAIL,100.4953833385206,-90.4953833385206,4.76,0.9938064624182559,FAIL
100,5,Poor,Rain,0.1,Slippery,FAIL,98.7703311777386,-93.7703311777386,5.04,0.9937784355796884,FAIL
120,5,Poor,Rain,0.1,Slippery,FAIL,136.89594356261026,-131.89594356261026,5.04,0.9937784355796884,FAIL
100,10,Poor,Rain,0.1,Slippery,FAIL,98.7703311777386,-88.7703311777386,5.04,0.993772929506951,FAIL
120,10,Poor,Rain,0.1,Slippery,FAIL,136.89594356261026,-126.89594356261026,5.04,0.993772929506951,FAIL
80,5,Poor,Rain,0.1,Slippery,FAIL,66.76856750930824,-61.76856750930824,5.04,0.9937586433181778,FAIL
80,10,Poor,Rain,0.1,Slippery,FAIL,66.76856750930824,-56.76856750930824,5.04,0.9937531372454401,FAIL
100,5,Poor,Rain,0.05,Slippery,FAIL,97.38144228884973,-92.38144228884973,5.04,0.9937349038458446,FAIL
120,5,Poor,Rain,0.05,Slippery,FAIL,135.2292768959436,-130.2292768959436,5.04,0.9937349038458446,FAIL
80,5,Poor,Rain,0.05,Slippery,FAIL,65.65745639819713,-60.65745639819713,5.04,0.9937349038458446,FAIL
100,10,Poor,Rain,0.05,Slippery,FAIL,97.38144228884973,-87.38144228884971,5.04,0.9937297503972362,FAIL
120,10,Poor,Rain,0.05,Slippery,FAIL,135.2292768959436,-125.2292768959436,5.04,0.9937297503972362,FAIL
60,5,Poor,Fog,0.05,Slippery,FAIL,41.67833800186742,-36.67833800186742,4.76,0.993711413818177,FAIL
60,10,Poor,Fog,0.05,Slippery,FAIL,41.67833800186742,-31.678338001867417,4.76,0.9937056620564361,FAIL
60,5,Poor,Fog,0.1,Slippery,FAIL,42.51167133520076,-37.51167133520076,4.76,0.993700844728249,FAIL
120,5,Poor,Rain,0.15,Slippery,FAIL,138.5626102292769,-133.5626102292769,5.04,0.9936751758817076,FAIL
100,5,Poor,Rain,0.15,Slippery,FAIL,100.15922006662748,-95.15922006662748,5.04,0.9936751758817076,FAIL
100,10,Poor,Rain,0.15,Slippery,FAIL,100.15922006662748,-90.15922006662748,5.04,0.9936695573236367,FAIL
120,10,Poor,Rain,0.15,Slippery,FAIL,138.5626102292769,-128.5626102292769,5.04,0.9936695573236367,FAIL
60,5,Poor,Fog,0.15,Slippery,FAIL,43.34500466853409,-38.34500466853409,4.76,0.993659239128819,FAIL
80,5,Poor,Rain,0.15,Slippery,FAIL,67.87967862041936,-62.87967862041936,5.04,0.9936555141820932,FAIL
60,10,Poor,Fog,0.15,Slippery,FAIL,43.34500466853409,-33.34500466853409,4.76,0.9936537520094669,FAIL
80,10,Poor,Rain,0.15,Slippery,FAIL,67.87967862041936,-57.87967862041936,5.04,0.9936498956240222,FAIL
100,15,Poor,Fog,0.15,Slippery,FAIL,104.66205000518728,-89.66205000518727,4.76,0.9936338204114611,FAIL
120,15,Poor,Fog,0.15,Slippery,FAIL,145.046685340803,-130.046685340803,4.76,0.9936338204114611,FAIL
120,15,Poor,Rain,0.1,Slippery,FAIL,136.89594356261026,-121.89594356261026,5.04,0.9936316190384076,FAIL
100,15,Poor,Rain,0.1,Slippery,FAIL,98.7703311777386,-83.7703311777386,5.04,0.9936316190384076,FAIL
80,15,Poor,Fog,0.15,Slippery,FAIL,70.76148978109762,-55.76148978109762,4.76,0.9936242065086167,FAIL
120,15,Poor,Fog,0.1,Slippery,FAIL,143.38001867413635,-128.38001867413635,4.76,0.9936152655741962,FAIL
80,15,Poor,Fog,0.1,Slippery,FAIL,69.65037866998651,-54.65037866998651,4.76,0.9936152655741962,FAIL
100,15,Poor,Fog,0.1,Slippery,FAIL,103.27316111629838,-88.27316111629838,4.76,0.9936152655741962,FAIL
120,10,Moderate,Fog,0.15,Slippery,FAIL,141.71335200746967,-131.71335200746967,4.76,0.9936094025199921,FAIL
100,10,Moderate,Fog,0.15,Slippery,FAIL,101.8842722274095,-91.8842722274095,4.76,0.9936094025199921,FAIL
100,5,Moderate,Fog,0.15,Slippery,FAIL,101.8842722274095,-96.8842722274095,4.76,0.9936094025199921,FAIL
80,10,Moderate,Fog,0.15,Slippery,FAIL,68.5392675588754,-58.5392675588754,4.76,0.9936094025199921,FAIL
120,5,Moderate,Fog,0.15,Slippery,FAIL,141.71335200746967,-136.71335200746967,4.76,0.9936094025199921,FAIL
80,5,Moderate,Fog,0.15,Slippery,FAIL,68.5392675588754,-63.5392675588754,4.76,0.9936094025199921,FAIL
120,15,Poor,Rain,0.15,Slippery,FAIL,138.5626102292769,-123.56261022927691,5.04,0.993572630453302,FAIL
100,15,Poor,Rain,0.15,Slippery,FAIL,100.15922006662748,-85.15922006662748,5.04,0.993572630453302,FAIL
80,15,Poor,Rain,0.15,Slippery,FAIL,67.87967862041936,-52.87967862041936,5.04,0.9935527221410154,FAIL
120,5,Good,Rain,0.1,Wet,FAIL,110.7770515613653,-105.7770515613653,6.12,0.9934720818445374,FAIL
80,15,Poor,Fog,0.05,Slippery,FAIL,68.5392675588754,-53.5392675588754,4.76,0.9934698496195979,FAIL
100,15,Poor,Fog,0.05,Slippery,FAIL,101.8842722274095,-86.8842722274095,4.76,0.9934698496195979,FAIL
120,15,Poor,Fog,0.05,Slippery,FAIL,141.71335200746967,-126.71335200746968,4.76,0.9934698496195979,FAIL
100,5,Good,Rain,0.1,Wet,FAIL,79.70628580650367,-74.70628580650367,6.12,0.9934414012287748,FAIL
80,5,Poor,Rain,0.0,Slippery,FAIL,64.54634528708603,-59.54634528708603,5.04,0.9934410569453241,FAIL
120,5,Poor,Rain,0.0,Slippery,FAIL,133.5626102292769,-128.5626102292769,5.04,0.9934410569453241,FAIL
100,5,Poor,Rain,0.0,Slippery,FAIL,95.9925533999608,-90.9925533999608,5.04,0.9934410569453241,FAIL
120,15,Moderate,Fog,0.15,Slippery,FAIL,141.71335200746967,-126.71335200746968,4.76,0.9934402466756233,FAIL
100,15,Moderate,Fog,0.15,Slippery,FAIL,101.8842722274095,-86.8842722274095,4.76,0.9934402466756233,FAIL
120,10,Poor,Rain,0.0,Slippery,FAIL,133.5626102292769,-123.56261022927691,5.04,0.993435558921243,FAIL
80,10,Poor,Rain,0.0,Slippery,FAIL,64.54634528708603,-54.54634528708603,5.04,0.993435558921243,FAIL
80,15,Moderate,Fog,0.15,Slippery,FAIL,68.5392675588754,-53.5392675588754,4.76,0.9934297815008343,FAIL
120,5,Poor,Fog,0.25,Slippery,FAIL,148.38001867413635,-143.38001867413635,4.76,0.9934112219650073,FAIL
80,5,Poor,Fog,0.25,Slippery,FAIL,72.98371200331985,-67.98371200331985,4.76,0.9934112219650073,FAIL
100,5,Poor,Fog,0.25,Slippery,FAIL,107.43982778296504,-102.43982778296504,4.76,0.9934112219650073,FAIL
100,10,Good,Rain,0.1,Wet,FAIL,79.70628580650367,-69.70628580650367,6.12,0.9934109037929139,FAIL
100,10,Poor,Fog,0.25,Slippery,FAIL,107.43982778296504,-97.43982778296504,4.76,0.9934057952829922,FAIL
80,10,Poor,Fog,0.25,Slippery,FAIL,72.98371200331985,-62.98371200331985,4.76,0.9934057952829922,FAIL
120,10,Poor,Fog,0.25,Slippery,FAIL,148.38001867413635,-138.38001867413635,4.76,0.9934057952829922,FAIL
60,15,Poor,Fog,0.15,Slippery,FAIL,43.34500466853409,-28.345004668534088,4.76,0.9933405607420545,FAIL
120,10,Moderate,Fog,0.1,Slippery,FAIL,140.046685340803,-130.046685340803,4.76,0.9933376810127588,FAIL
80,10,Moderate,Fog,0.1,Slippery,FAIL,67.4281564477643,-57.428156447764295,4.76,0.9933376810127588,FAIL
100,10,Moderate,Fog,0.1,Slippery,FAIL,100.4953833385206,-90.4953833385206,4.76,0.9933376810127588,FAIL
120,5,Moderate,Fog,0.1,Slippery,FAIL,140.046685340803,-135.046685340803,4.76,0.9933376810127588,FAIL
100,5,Moderate,Fog,0.1,Slippery,FAIL,100.4953833385206,-95.4953833385206,4.76,0.9933376810127588,FAIL
120,5,Moderate,Clear,0.1,Slippery,FAIL,122.53968253968256,-117.53968253968256,5.6,0.9933362342423641,FAIL
100,10,Moderate,Clear,0.1,Slippery,FAIL,88.33774250440918,-78.33774250440918,5.6,0.9933362342423641,FAIL
80,5,Moderate,Clear,0.1,Slippery,FAIL,59.647266313932974,-54.647266313932974,5.6,0.9933362342423641,FAIL
80,10,Moderate,Clear,0.1,Slippery,FAIL,59.647266313932974,-49.647266313932974,5.6,0.9933362342423641,FAIL
100,5,Moderate,Clear,0.1,Slippery,FAIL,88.33774250440918,-83.33774250440918,5.6,0.9933362342423641,FAIL
120,10,Moderate,Clear,0.1,Slippery,FAIL,122.53968253968256,-112.53968253968256,5.6,0.9933362342423641,FAIL
60,15,Poor,Fog,0.1,Slippery,FAIL,42.51167133520076,-27.51167133520076,4.76,0.9933149251467569,FAIL
80,5,Good,Rain,0.1,Wet,FAIL,53.67868958282901,-48.67868958282901,6.12,0.9933132927712481,FAIL
60,5,Poor,Fog,0.25,Slippery,FAIL,45.01167133520075,-40.01167133520075,4.76,0.9932616436892279,FAIL
60,10,Poor,Fog,0.25,Slippery,FAIL,45.01167133520075,-35.01167133520075,4.76,0.9932561099051741,FAIL
120,10,Moderate,Clear,0.15,Slippery,FAIL,124.20634920634924,-114.20634920634924,5.6,0.9932505287695411,FAIL
120,5,Moderate,Clear,0.15,Slippery,FAIL,124.20634920634924,-119.20634920634924,5.6,0.9932505287695411,FAIL
80,5,Moderate,Clear,0.15,Slippery,FAIL,60.75837742504409,-55.75837742504409,5.6,0.9932505287695411,FAIL
80,10,Moderate,Clear,0.15,Slippery,FAIL,60.75837742504409,-50.75837742504409,5.6,0.9932505287695411,FAIL
100,10,Moderate,Clear,0.15,Slippery,FAIL,89.72663139329808,-79.72663139329808,5.6,0.9932505287695411,FAIL
120,15,Poor,Fog,0.0,Slippery,FAIL,140.046685340803,-125.046685340803,4.76,0.9932437006517653,FAIL
80,15,Poor,Fog,0.0,Slippery,FAIL,67.4281564477643,-52.428156447764295,4.76,0.9932437006517653,FAIL
100,15,Poor,Fog,0.0,Slippery,FAIL,100.4953833385206,-85.4953833385206,4.76,0.9932437006517653,FAIL
100,5,Poor,Rain,0.25,Slippery,FAIL,102.93699784440524,-97.93699784440524,5.04,0.9932363734657026,FAIL
100,10,Poor,Rain,0.25,Slippery,FAIL,102.93699784440524,-92.93699784440524,5.04,0.9932307528163257,FAIL
120,10,Poor,Rain,0.25,Slippery,FAIL,141.89594356261026,-131.89594356261026,5.04,0.9932307528163257,FAIL
120,10,Poor,Clear,0.1,Slippery,FAIL,125.8730158730159,-115.8730158730159,5.6,0.9932256851803499,FAIL
80,5,Poor,Rain,0.25,Slippery,FAIL,70.10190084264158,-65.10190084264158,5.04,0.9932133856803823,FAIL
100,10,Moderate,Fog,0.05,Slippery,FAIL,99.10649444963173,-89.10649444963171,4.76,0.993211123559095,FAIL
80,10,Moderate,Fog,0.05,Slippery,FAIL,66.31704533665318,-56.31704533665318,4.76,0.993211123559095,FAIL
80,5,Moderate,Fog,0.05,Slippery,FAIL,66.31704533665318,-61.31704533665318,4.76,0.993211123559095,FAIL
120,10,Moderate,Fog,0.05,Slippery,FAIL,138.38001867413635,-128.38001867413635,4.76,0.993211123559095,FAIL
100,5,Moderate,Fog,0.05,Slippery,FAIL,99.10649444963173,-94.10649444963173,4.76,0.993211123559095,FAIL
100,15,Poor,Rain,0.05,Slippery,FAIL,97.38144228884973,-82.38144228884971,5.04,0.9932097716604715,FAIL
120,15,Poor,Rain,0.05,Slippery,FAIL,135.2292768959436,-120.2292768959436,5.04,0.9932097716604715,FAIL
80,15,Poor,Rain,0.05,Slippery,FAIL,65.65745639819713,-50.65745639819713,5.04,0.9932097716604715,FAIL
80,10,Poor,Rain,0.25,Slippery,FAIL,70.10190084264158,-60.101900842641584,5.04,0.9932077650310054,FAIL
60,10,Moderate,Fog,0.15,Slippery,FAIL,41.67833800186742,-31.678338001867417,4.76,0.9931711898172108,FAIL
60,5,Moderate,Fog,0.15,Slippery,FAIL,41.67833800186742,-36.67833800186742,4.76,0.9931711898172108,FAIL
100,5,Poor,Clear,0.1,Slippery,FAIL,91.11552028218696,-86.11552028218696,5.6,0.9931665415556521,FAIL
80,5,Poor,Clear,0.1,Slippery,FAIL,61.8694885361552,-56.8694885361552,5.6,0.9931665415556521,FAIL
80,10,Poor,Clear,0.1,Slippery,FAIL,61.8694885361552,-51.8694885361552,5.6,0.9931599987355811,FAIL
100,10,Poor,Clear,0.1,Slippery,FAIL,91.11552028218696,-81.11552028218696,5.6,0.9931599987355811,FAIL
120,5,Good,Rain,0.15,Wet,FAIL,112.44371822803195,-107.44371822803195,6.12,0.9931572196093127,FAIL
120,5,Poor,Clear,0.15,Slippery,FAIL,127.53968253968256,-122.53968253968256,5.6,0.9931320501733222,FAIL
100,5,Good,Rain,0.15,Wet,FAIL,81.09517469539256,-76.09517469539256,6.12,0.9931287294659601,FAIL
120,10,Good,Rain,0.15,Wet,FAIL,112.44371822803195,-102.44371822803195,6.12,0.9931281102713566,FAIL
120,10,Poor,Clear,0.15,Slippery,FAIL,127.53968253968256,-117.53968253968256,5.6,0.9931256567537879,FAIL
100,5,Moderate,Rain,0.1,Slippery,FAIL,95.9925533999608,-90.9925533999608,5.04,0.9931219960568092,FAIL
80,10,Moderate,Rain,0.1,Slippery,FAIL,64.54634528708603,-54.54634528708603,5.04,0.9931219960568092,FAIL
120,5,Moderate,Rain,0.1,Slippery,FAIL,133.5626102292769,-128.5626102292769,5.04,0.9931219960568092,FAIL
100,10,Moderate,Rain,0.1,Slippery,FAIL,95.9925533999608,-85.99255339996081,5.04,0.9931219960568092,FAIL
120,10,Moderate,Rain,0.1,Slippery,FAIL,133.5626102292769,-123.56261022927691,5.04,0.9931219960568092,FAIL
100,10,Good,Rain,0.15,Wet,FAIL,81.09517469539256,-71.09517469539256,6.12,0.9930992635501094,FAIL
100,15,Poor,Rain,0.25,Slippery,FAIL,102.93699784440524,-87.93699784440525,5.04,0.9930820789886864,FAIL
120,15,Poor,Rain,0.25,Slippery,FAIL,141.89594356261026,-126.89594356261026,5.04,0.9930820789886864,FAIL
100,5,Poor,Clear,0.15,Slippery,FAIL,92.50440917107584,-87.50440917107585,5.6,0.9930645930551754,FAIL
80,5,Good,Rain,0.15,Wet,FAIL,54.78980069394012,-49.78980069394012,6.12,0.9930640963696856,FAIL
100,10,Moderate,Fog,0.25,Slippery,FAIL,104.66205000518728,-94.66205000518728,4.76,0.9930623732426748,FAIL
100,5,Moderate,Fog,0.25,Slippery,FAIL,104.66205000518728,-99.66205000518728,4.76,0.9930623732426748,FAIL
80,5,Moderate,Fog,0.25,Slippery,FAIL,70.76148978109762,-65.76148978109762,4.76,0.9930623732426748,FAIL
80,10,Moderate,Fog,0.25,Slippery,FAIL,70.76148978109762,-60.76148978109762,4.76,0.9930623732426748,FAIL
120,5,Moderate,Fog,0.25,Slippery,FAIL,145.046685340803,-140.046685340803,4.76,0.9930623732426748,FAIL
120,10,Moderate,Fog,0.25,Slippery,FAIL,145.046685340803,-135.046685340803,4.76,0.9930623732426748,FAIL
80,15,Poor,Rain,0.25,Slippery,FAIL,70.10190084264158,-55.101900842641584,5.04,0.9930588035308026,FAIL
100,10,Poor,Clear,0.15,Slippery,FAIL,92.50440917107584,-82.50440917107585,5.6,0.9930580737442172,FAIL
80,10,Poor,Clear,0.15,Slippery,FAIL,62.98059964726632,-52.98059964726632,5.6,0.9930580737442172,FAIL
120,15,Poor,Fog,0.25,Slippery,FAIL,148.38001867413635,-133.38001867413635,4.76,0.9930552410667953,FAIL
80,15,Poor,Fog,0.25,Slippery,FAIL,72.98371200331985,-57.98371200331985,4.76,0.9930552410667953,FAIL
100,15,Poor,Fog,0.25,Slippery,FAIL,107.43982778296504,-92.43982778296504,4.76,0.9930552410667953,FAIL
80,5,Moderate,Rain,0.15,Slippery,FAIL,65.65745639819713,-60.65745639819713,5.04,0.993034901192944,FAIL
80,10,Moderate,Rain,0.15,Slippery,FAIL,65.65745639819713,-55.65745639819713,5.04,0.993034901192944,FAIL
120,10,Moderate,Rain,0.15,Slippery,FAIL,135.2292768959436,-125.2292768959436,5.04,0.993034901192944,FAIL
100,10,Moderate,Rain,0.15,Slippery,FAIL,97.38144228884973,-87.38144228884971,5.04,0.993034901192944,FAIL
120,5,Moderate,Rain,0.15,Slippery,FAIL,135.2292768959436,-130.2292768959436,5.04,0.993034901192944,FAIL
100,5,Moderate,Rain,0.15,Slippery,FAIL,97.38144228884973,-92.38144228884973,5.04,0.993034901192944,FAIL
80,10,Good,Rain,0.15,Wet,FAIL,54.78980069394012,-44.78980069394012,6.12,0.9930341629988296,FAIL
60,15,Poor,Fog,0.05,Slippery,FAIL,41.67833800186742,-26.678338001867417,4.76,0.9930234762962534,FAIL
60,5,Poor,Rain,0.1,Slippery,FAIL,40.89065255731923,-35.89065255731923,5.04,0.9929785668051953,FAIL
60,10,Poor,Rain,0.1,Slippery,FAIL,40.89065255731923,-30.89065255731923,5.04,0.9929727233321433,FAIL
60,10,Poor,Rain,0.05,Slippery,FAIL,40.0573192239859,-30.0573192239859,5.04,0.9929422253399448,FAIL
80,5,Moderate,Clear,0.05,Slippery,FAIL,58.53615520282187,-53.53615520282187,5.6,0.9929396650676725,FAIL
120,5,Moderate,Clear,0.05,Slippery,FAIL,120.8730158730159,-115.8730158730159,5.6,0.9929396650676725,FAIL
100,10,Moderate,Clear,0.05,Slippery,FAIL,86.94885361552029,-76.94885361552029,5.6,0.9929396650676725,FAIL
120,10,Moderate,Clear,0.05,Slippery,FAIL,120.8730158730159,-110.8730158730159,5.6,0.9929396650676725,FAIL
80,10,Moderate,Clear,0.05,Slippery,FAIL,58.53615520282187,-48.53615520282187,5.6,0.9929396650676725,FAIL
120,15,Moderate,Fog,0.1,Slippery,FAIL,140.046685340803,-125.046685340803,4.76,0.9929141102176582,FAIL
80,15,Moderate,Fog,0.1,Slippery,FAIL,67.4281564477643,-52.428156447764295,4.76,0.9929141102176582,FAIL
100,15,Moderate,Fog,0.1,Slippery,FAIL,100.4953833385206,-85.4953833385206,4.76,0.9929141102176582,FAIL
120,10,Poor,Fog,0.25,Dry,FAIL,113.36601307189544,-103.36601307189544,6.8,0.9929050453893021,FAIL
100,10,Poor,Fog,0.25,Dry,FAIL,83.1245461147422,-73.1245461147422,6.8,0.9929050453893021,FAIL
100,5,Poor,Fog,0.25,Dry,FAIL,83.1245461147422,-78.1245461147422,6.8,0.9929050453893021,FAIL
120,5,Poor,Fog,0.25,Dry,FAIL,113.36601307189544,-108.36601307189544,6.8,0.9929050453893021,FAIL
120,10,Good,Rain,0.15,Slippery,FAIL,131.89594356261026,-121.89594356261026,5.04,0.9928992199384012,FAIL
120,5,Good,Rain,0.15,Slippery,FAIL,131.89594356261026,-126.89594356261026,5.04,0.9928992199384012,FAIL
120,15,Poor,Rain,0.0,Slippery,FAIL,133.5626102292769,-118.56261022927691,5.04,0.992894615048726,FAIL
100,15,Poor,Rain,0.0,Slippery,FAIL,95.9925533999608,-80.99255339996081,5.04,0.992894615048726,FAIL
80,15,Poor,Rain,0.0,Slippery,FAIL,64.54634528708603,-49.54634528708603,5.04,0.992894615048726,FAIL
120,5,Poor,Clear,0.05,Slippery,FAIL,124.20634920634924,-119.20634920634924,5.6,0.9928821715849938,FAIL
120,10,Poor,Clear,0.05,Slippery,FAIL,124.20634920634924,-114.20634920634924,5.6,0.9928752133451623,FAIL
100,10,Good,Rain,0.15,Slippery,FAIL,94.60366451107193,-84.60366451107193,5.04,0.9928729948702918,FAIL
80,10,Poor,Fog,0.25,Dry,FAIL,57.421931735657225,-47.421931735657225,6.8,0.9928722608741236,FAIL
60,15,Moderate,Fog,0.15,Slippery,FAIL,41.67833800186742,-26.678338001867417,4.76,0.9928527704546697,FAIL
100,15,Moderate,Rain,0.15,Slippery,FAIL,97.38144228884973,-82.38144228884971,5.04,0.9928455336680647,FAIL
80,15,Moderate,Rain,0.15,Slippery,FAIL,65.65745639819713,-50.65745639819713,5.04,0.9928455336680647,FAIL
120,15,Moderate,Rain,0.15,Slippery,FAIL,135.2292768959436,-120.2292768959436,5.04,0.9928455336680647,FAIL
120,5,Good,Rain,0.1,Slippery,FAIL,130.2292768959436,-125.2292768959436,5.04,0.9928235600599737,FAIL
120,10,Good,Rain,0.1,Slippery,FAIL,130.2292768959436,-120.2292768959436,5.04,0.9928235600599737,FAIL
100,10,Poor,Fog,0.15,Dry,FAIL,80.34676833696443,-70.34676833696443,6.8,0.9928230933432195,FAIL
120,10,Poor,Fog,0.15,Dry,FAIL,110.03267973856212,-100.03267973856212,6.8,0.9928230933432195,FAIL
120,5,Poor,Fog,0.15,Dry,FAIL,110.03267973856212,-105.03267973856212,6.8,0.9928230933432195,FAIL
100,5,Poor,Fog,0.15,Dry,FAIL,80.34676833696443,-75.34676833696443,6.8,0.9928230933432195,FAIL
100,5,Poor,Clear,0.05,Slippery,FAIL,89.72663139329808,-84.72663139329808,5.6,0.9928118674642932,FAIL
60,15,Poor,Fog,0.25,Slippery,FAIL,45.01167133520075,-30.011671335200752,4.76,0.9928095839522632,FAIL
100,15,Moderate,Rain,0.1,Slippery,FAIL,95.9925533999608,-80.99255339996081,5.04,0.9928094346344032,FAIL
80,15,Moderate,Rain,0.1,Slippery,FAIL,64.54634528708603,-49.54634528708603,5.04,0.9928094346344032,FAIL
120,15,Moderate,Rain,0.1,Slippery,FAIL,133.5626102292769,-118.56261022927691,5.04,0.9928094346344032,FAIL
80,10,Poor,Clear,0.05,Slippery,FAIL,60.75837742504409,-50.75837742504409,5.6,0.9928047723962197,FAIL
100,10,Poor,Clear,0.05,Slippery,FAIL,89.72663139329808,-79.72663139329808,5.6,0.9928047723962197,FAIL
100,10,Good,Rain,0.1,Slippery,FAIL,93.21477562218304,-83.21477562218304,5.04,0.9927938896013376,FAIL
100,5,Good,Rain,0.1,Slippery,FAIL,93.21477562218304,-88.21477562218304,5.04,0.9927938896013376,FAIL
80,5,Good,Rain,0.15,Slippery,FAIL,63.43523417597491,-58.43523417597491,5.04,0.9927909615296333,FAIL
80,10,Poor,Fog,0.15,Dry,FAIL,55.199709513435,-45.199709513435,6.8,0.9927902781657627,FAIL
60,15,Poor,Fog,0.0,Slippery,FAIL,40.84500466853409,-25.845004668534088,4.76,0.9927738015573269,FAIL
80,15,Moderate,Fog,0.25,Slippery,FAIL,70.76148978109762,-55.76148978109762,4.76,0.9927504491755077,FAIL
100,15,Moderate,Fog,0.25,Slippery,FAIL,104.66205000518728,-89.66205000518727,4.76,0.9927504491755077,FAIL
120,15,Moderate,Fog,0.25,Slippery,FAIL,145.046685340803,-130.046685340803,4.76,0.9927504491755077,FAIL
120,5,Poor,Rain,0.1,Dry,FAIL,103.82716049382718,-98.82716049382718,7.2,0.9927299580931269,FAIL
120,10,Poor,Rain,0.1,Dry,FAIL,103.82716049382718,-93.82716049382718,7.2,0.9927299580931269,FAIL
100,5,Poor,Rain,0.1,Dry,FAIL,75.80589849108368,-70.80589849108368,7.2,0.9927299580931269,FAIL
100,10,Poor,Rain,0.1,Dry,FAIL,75.80589849108368,-65.80589849108368,7.2,0.9927299580931269,FAIL
80,5,Good,Rain,0.1,Slippery,FAIL,62.3241230648638,-57.3241230648638,5.04,0.9927105995493977,FAIL
80,10,Good,Rain,0.1,Slippery,FAIL,62.3241230648638,-52.3241230648638,5.04,0.9927105995493977,FAIL
60,15,Poor,Rain,0.1,Slippery,FAIL,40.89065255731923,-25.89065255731923,5.04,0.9926863402758336,FAIL
60,10,Moderate,Fog,0.25,Slippery,FAIL,43.34500466853409,-33.34500466853409,4.76,0.9926767165467248,FAIL
120,15,Good,Rain,0.1,Wet,FAIL,110.7770515613653,-95.7770515613653,6.12,0.9926511098903001,FAIL
100,15,Good,Rain,0.1,Wet,FAIL,79.70628580650367,-64.70628580650367,6.12,0.9926176436374481,FAIL
60,5,Poor,Rain,0.15,Slippery,FAIL,41.72398589065256,-36.72398589065256,5.04,0.9926105987520073,FAIL
60,10,Poor,Rain,0.15,Slippery,FAIL,41.72398589065256,-31.723985890652564,5.04,0.9926046359966604,FAIL
120,5,Moderate,Rain,0.05,Slippery,FAIL,131.89594356261026,-126.89594356261026,5.04,0.9925953559722152,FAIL
80,5,Moderate,Rain,0.05,Slippery,FAIL,63.43523417597491,-58.43523417597491,5.04,0.9925953559722152,FAIL
100,10,Moderate,Rain,0.05,Slippery,FAIL,94.60366451107193,-84.60366451107193,5.04,0.9925953559722152,FAIL
100,5,Moderate,Rain,0.05,Slippery,FAIL,94.60366451107193,-89.60366451107193,5.04,0.9925953559722152,FAIL
80,10,Moderate,Rain,0.05,Slippery,FAIL,63.43523417597491,-53.43523417597491,5.04,0.9925953559722152,FAIL
120,10,Moderate,Rain,0.05,Slippery,FAIL,131.89594356261026,-121.89594356261026,5.04,0.9925953559722152,FAIL
120,5,Poor,Clear,0.25,Slippery,FAIL,130.8730158730159,-125.8730158730159,5.6,0.9925728988744271,FAIL
120,10,Poor,Clear,0.25,Slippery,FAIL,130.8730158730159,-120.8730158730159,5.6,0.9925665137619942,FAIL
100,5,Good,Fog,0.15,Slippery,FAIL,99.10649444963173,-94.10649444963173,4.76,0.9925493865454049,FAIL
120,10,Good,Fog,0.15,Slippery,FAIL,138.38001867413635,-128.38001867413635,4.76,0.9925493865454049,FAIL
120,5,Good,Fog,0.15,Slippery,FAIL,138.38001867413635,-133.38001867413635,4.76,0.9925493865454049,FAIL
100,10,Good,Fog,0.15,Slippery,FAIL,99.10649444963173,-89.10649444963171,4.76,0.9925493865454049,FAIL
60,5,Moderate,Fog,0.1,Slippery,FAIL,40.84500466853409,-35.84500466853409,4.76,0.9925399927101214,FAIL
60,10,Moderate,Fog,0.1,Slippery,FAIL,40.84500466853409,-30.845004668534088,4.76,0.9925399927101214,FAIL
120,10,Moderate,Fog,0.0,Slippery,FAIL,136.71335200746967,-126.71335200746968,4.76,0.9925136734306083,FAIL
100,10,Moderate,Fog,0.0,Slippery,FAIL,97.71760556074284,-87.71760556074283,4.76,0.9925136734306083,FAIL
100,5,Moderate,Fog,0.0,Slippery,FAIL,97.71760556074284,-92.71760556074284,4.76,0.9925136734306083,FAIL
120,5,Moderate,Fog,0.0,Slippery,FAIL,136.71335200746967,-131.71335200746967,4.76,0.9925136734306083,FAIL
120,15,Good,Rain,0.15,Wet,FAIL,112.44371822803195,-97.44371822803195,6.12,0.9925090248821666,FAIL
100,5,Poor,Clear,0.25,Slippery,FAIL,95.28218694885362,-90.28218694885362,5.6,0.9925068229374201,FAIL
80,5,Poor,Clear,0.25,Slippery,FAIL,65.20282186948853,-60.20282186948853,5.6,0.9925068229374201,FAIL
80,10,Poor,Clear,0.25,Slippery,FAIL,65.20282186948853,-55.20282186948853,5.6,0.9925003120946423,FAIL
100,10,Poor,Clear,0.25,Slippery,FAIL,95.28218694885362,-85.28218694885362,5.6,0.9925003120946423,FAIL
100,5,Poor,Rain,0.05,Dry,FAIL,74.41700960219478,-69.41700960219478,7.2,0.9924957244925124,FAIL
100,10,Poor,Rain,0.05,Dry,FAIL,74.41700960219478,-64.41700960219478,7.2,0.9924957244925124,FAIL
120,5,Poor,Rain,0.05,Dry,FAIL,102.16049382716052,-97.16049382716052,7.2,0.9924957244925124,FAIL
80,5,Good,Fog,0.15,Slippery,FAIL,66.31704533665318,-61.31704533665318,4.76,0.9924873903244323,FAIL
80,10,Good,Fog,0.15,Slippery,FAIL,66.31704533665318,-56.31704533665318,4.76,0.9924873903244323,FAIL
100,15,Good,Rain,0.15,Wet,FAIL,81.09517469539256,-66.09517469539256,6.12,0.9924785815632067,FAIL
80,10,Moderate,Fog,0.0,Slippery,FAIL,65.20593422554207,-55.20593422554207,4.76,0.9924767238485032,FAIL
80,5,Moderate,Fog,0.0,Slippery,FAIL,65.20593422554207,-60.20593422554207,4.76,0.9924767238485032,FAIL
120,5,Good,Fog,0.25,Slippery,FAIL,141.71335200746967,-136.71335200746967,4.76,0.9924761168080922,FAIL
100,10,Good,Fog,0.25,Slippery,FAIL,101.8842722274095,-91.8842722274095,4.76,0.9924761168080922,FAIL
100,5,Good,Fog,0.25,Slippery,FAIL,101.8842722274095,-96.8842722274095,4.76,0.9924761168080922,FAIL
120,10,Good,Fog,0.25,Slippery,FAIL,141.71335200746967,-131.71335200746967,4.76,0.9924761168080922,FAIL
120,15,Poor,Clear,0.15,Slippery,FAIL,127.53968253968256,-112.53968253968256,5.6,0.992464538055619,FAIL
120,5,Poor,Clear,0.0,Slippery,FAIL,122.53968253968256,-117.53968253968256,5.6,0.9924545132888047,FAIL
120,10,Poor,Clear,0.0,Slippery,FAIL,122.53968253968256,-112.53968253968256,5.6,0.9924471221822856,FAIL
120,5,Poor,Rain,0.15,Dry,FAIL,105.49382716049384,-100.49382716049384,7.2,0.9924337490095253,FAIL
100,5,Poor,Rain,0.15,Dry,FAIL,77.19478737997257,-72.19478737997257,7.2,0.9924337490095253,FAIL
120,10,Poor,Rain,0.15,Dry,FAIL,105.49382716049384,-95.49382716049384,7.2,0.9924337490095253,FAIL
100,10,Poor,Rain,0.15,Dry,FAIL,77.19478737997257,-67.19478737997257,7.2,0.9924337490095253,FAIL
120,5,Good,Rain,0.25,Slippery,FAIL,135.2292768959436,-130.2292768959436,5.04,0.9924171591731754,FAIL
120,10,Good,Rain,0.25,Slippery,FAIL,135.2292768959436,-125.2292768959436,5.04,0.9924171591731754,FAIL
100,5,Poor,Clear,0.0,Slippery,FAIL,88.33774250440918,-83.33774250440918,5.6,0.9924142658183669,FAIL
80,5,Poor,Clear,0.0,Slippery,FAIL,59.647266313932974,-54.647266313932974,5.6,0.9924142658183669,FAIL
80,5,Good,Fog,0.25,Slippery,FAIL,68.5392675588754,-63.5392675588754,4.76,0.9924104326470751,FAIL
80,10,Good,Fog,0.25,Slippery,FAIL,68.5392675588754,-58.5392675588754,4.76,0.9924104326470751,FAIL
80,10,Poor,Clear,0.0,Slippery,FAIL,59.647266313932974,-49.647266313932974,5.6,0.992406874711848,FAIL
100,10,Poor,Clear,0.0,Slippery,FAIL,88.33774250440918,-78.33774250440918,5.6,0.992406874711848,FAIL
60,5,Poor,Rain,0.0,Slippery,FAIL,39.22398589065256,-34.223985890652564,5.04,0.9924055193890815,FAIL
120,15,Poor,Clear,0.1,Slippery,FAIL,125.8730158730159,-110.8730158730159,5.6,0.9924048152691979,FAIL
80,5,Moderate,Clear,0.25,Slippery,FAIL,62.98059964726632,-57.98059964726632,5.6,0.9924006766461592,FAIL
120,10,Moderate,Clear,0.25,Slippery,FAIL,127.53968253968256,-117.53968253968256,5.6,0.9924006766461592,FAIL
100,10,Moderate,Clear,0.25,Slippery,FAIL,92.50440917107584,-82.50440917107585,5.6,0.9924006766461592,FAIL
100,5,Moderate,Clear,0.25,Slippery,FAIL,92.50440917107584,-87.50440917107585,5.6,0.9924006766461592,FAIL
80,10,Moderate,Clear,0.25,Slippery,FAIL,62.98059964726632,-52.98059964726632,5.6,0.9924006766461592,FAIL
120,5,Moderate,Clear,0.25,Slippery,FAIL,127.53968253968256,-122.53968253968256,5.6,0.9924006766461592,FAIL
60,10,Poor,Rain,0.0,Slippery,FAIL,39.22398589065256,-29.223985890652564,5.04,0.9923997777559034,FAIL
100,15,Poor,Clear,0.15,Slippery,FAIL,92.50440917107584,-77.50440917107585,5.6,0.992391024874409,FAIL
80,15,Poor,Clear,0.15,Slippery,FAIL,62.98059964726632,-47.98059964726632,5.6,0.992391024874409,FAIL
100,5,Good,Rain,0.25,Slippery,FAIL,97.38144228884973,-92.38144228884973,5.04,0.9923885089260155,FAIL
100,10,Good,Rain,0.25,Slippery,FAIL,97.38144228884973,-87.38144228884971,5.04,0.9923885089260155,FAIL
120,10,Good,Rain,0.05,Slippery,FAIL,128.5626102292769,-118.56261022927691,5.04,0.9923758437385135,FAIL
120,5,Good,Rain,0.05,Slippery,FAIL,128.5626102292769,-123.56261022927691,5.04,0.9923758437385135,FAIL
100,10,Good,Rain,0.05,Slippery,FAIL,91.82588673329414,-81.82588673329414,5.04,0.9923758437385135,FAIL
100,5,Good,Rain,0.05,Slippery,FAIL,91.82588673329414,-86.82588673329414,5.04,0.9923758437385135,FAIL
60,15,Poor,Rain,0.15,Slippery,FAIL,41.72398589065256,-26.723985890652564,5.04,0.9923594929850228,FAIL
80,5,Good,Rain,0.05,Slippery,FAIL,61.21301195375269,-56.21301195375269,5.04,0.9923588644792549,FAIL
80,10,Good,Rain,0.05,Slippery,FAIL,61.21301195375269,-51.21301195375269,5.04,0.9923588644792549,FAIL
120,15,Moderate,Fog,0.05,Slippery,FAIL,138.38001867413635,-123.38001867413637,4.76,0.992355645183542,FAIL
80,15,Moderate,Fog,0.05,Slippery,FAIL,66.31704533665318,-51.31704533665318,4.76,0.992355645183542,FAIL
100,15,Moderate,Fog,0.05,Slippery,FAIL,99.10649444963173,-84.10649444963171,4.76,0.992355645183542,FAIL
60,5,Poor,Clear,0.1,Slippery,FAIL,38.13492063492065,-33.13492063492065,5.6,0.9923540678721426,FAIL
100,10,Poor,Fog,0.25,Wet,FAIL,93.13672091930457,-83.13672091930455,5.779999999999999,0.9923515790554605,FAIL
120,5,Poor,Fog,0.25,Wet,FAIL,127.78354479046524,-122.78354479046524,5.779999999999999,0.9923515790554605,FAIL
100,5,Poor,Fog,0.25,Wet,FAIL,93.13672091930457,-88.13672091930455,5.779999999999999,0.9923515790554605,FAIL
120,10,Poor,Fog,0.25,Wet,FAIL,127.78354479046524,-117.78354479046524,5.779999999999999,0.9923515790554605,FAIL
80,10,Poor,Fog,0.25,Wet,FAIL,63.82972361057713,-53.82972361057713,5.779999999999999,0.9923515790554605,FAIL
60,10,Poor,Clear,0.1,Slippery,FAIL,38.13492063492065,-28.134920634920647,5.6,0.9923467856199018,FAIL
80,10,Poor,Rain,0.1,Dry,FAIL,52.071330589849104,-42.071330589849104,7.2,0.9923410076803842,FAIL
80,5,Poor,Rain,0.1,Dry,FAIL,52.071330589849104,-47.071330589849104,7.2,0.9923410076803842,FAIL
80,15,Poor,Clear,0.1,Slippery,FAIL,61.8694885361552,-46.8694885361552,5.6,0.9923331149406678,FAIL
100,15,Poor,Clear,0.1,Slippery,FAIL,91.11552028218696,-76.11552028218696,5.6,0.9923331149406678,FAIL
120,15,Good,Rain,0.15,Slippery,FAIL,131.89594356261026,-116.89594356261026,5.04,0.9923134118425818,FAIL
100,5,Poor,Rain,0.25,Dry,FAIL,79.97256515775034,-74.97256515775034,7.2,0.9923089897991378,FAIL
100,10,Poor,Rain,0.25,Dry,FAIL,79.97256515775034,-69.97256515775034,7.2,0.9923089897991378,FAIL
120,10,Poor,Rain,0.25,Dry,FAIL,108.82716049382718,-98.82716049382718,7.2,0.9923089897991378,FAIL
120,5,Poor,Rain,0.25,Dry,FAIL,108.82716049382718,-103.82716049382718,7.2,0.9923089897991378,FAIL
80,5,Good,Rain,0.25,Slippery,FAIL,65.65745639819713,-60.65745639819713,5.04,0.9923004157452022,FAIL
80,10,Good,Rain,0.25,Slippery,FAIL,65.65745639819713,-55.65745639819713,5.04,0.9923004157452022,FAIL
80,10,Poor,Rain,0.15,Dry,FAIL,53.18244170096021,-43.18244170096021,7.2,0.9922905624399782,FAIL
80,5,Poor,Rain,0.15,Dry,FAIL,53.18244170096021,-48.18244170096021,7.2,0.9922905624399782,FAIL
100,15,Good,Rain,0.15,Slippery,FAIL,94.60366451107193,-79.60366451107193,5.04,0.9922865254402143,FAIL
120,10,Poor,Fog,0.15,Wet,FAIL,124.45021145713191,-114.45021145713191,5.779999999999999,0.9922781735077043,FAIL
80,5,Poor,Fog,0.15,Wet,FAIL,61.607501388354905,-56.607501388354905,5.779999999999999,0.9922781735077043,FAIL
100,10,Poor,Fog,0.15,Wet,FAIL,90.35894314152678,-80.35894314152678,5.779999999999999,0.9922781735077043,FAIL
100,5,Poor,Fog,0.15,Wet,FAIL,90.35894314152678,-85.35894314152678,5.779999999999999,0.9922781735077043,FAIL
80,10,Poor,Fog,0.15,Wet,FAIL,61.607501388354905,-51.607501388354905,5.779999999999999,0.9922781735077043,FAIL
120,5,Poor,Fog,0.15,Wet,FAIL,124.45021145713191,-119.45021145713191,5.779999999999999,0.9922781735077043,FAIL
120,15,Moderate,Clear,0.15,Slippery,FAIL,124.20634920634924,-109.20634920634924,5.6,0.9922717181328483,FAIL
100,15,Moderate,Clear,0.15,Slippery,FAIL,89.72663139329808,-74.72663139329808,5.6,0.9922717181328483,FAIL
80,15,Moderate,Clear,0.15,Slippery,FAIL,60.75837742504409,-45.75837742504409,5.6,0.9922717181328483,FAIL
60,15,Moderate,Fog,0.25,Slippery,FAIL,43.34500466853409,-28.345004668534088,4.76,0.9922661438049925,FAIL
100,15,Poor,Fog,0.25,Wet,FAIL,93.13672091930457,-78.13672091930455,5.779999999999999,0.99226584816035,FAIL
120,15,Poor,Fog,0.25,Wet,FAIL,127.78354479046524,-112.78354479046524,5.779999999999999,0.99226584816035,FAIL
80,15,Poor,Fog,0.25,Wet,FAIL,63.82972361057713,-48.82972361057713,5.779999999999999,0.99226584816035,FAIL
100,10,Moderate,Clear,0.0,Slippery,FAIL,85.5599647266314,-75.5599647266314,5.6,0.9922599287360662,FAIL
120,10,Moderate,Clear,0.0,Slippery,FAIL,119.20634920634924,-109.20634920634924,5.6,0.9922599287360662,FAIL
120,5,Moderate,Clear,0.0,Slippery,FAIL,119.20634920634924,-114.20634920634924,5.6,0.9922599287360662,FAIL
80,5,Moderate,Clear,0.0,Slippery,FAIL,57.42504409171076,-52.42504409171076,5.6,0.9922599287360662,FAIL
100,5,Moderate,Clear,0.0,Slippery,FAIL,85.5599647266314,-80.5599647266314,5.6,0.9922599287360662,FAIL
100,5,Good,Fog,0.05,Slippery,FAIL,96.32871667185393,-91.32871667185393,4.76,0.9922516802309647,FAIL
120,10,Good,Fog,0.05,Slippery,FAIL,135.046685340803,-125.046685340803,4.76,0.9922516802309647,FAIL
100,10,Good,Fog,0.05,Slippery,FAIL,96.32871667185393,-86.32871667185393,4.76,0.9922516802309647,FAIL
120,5,Good,Fog,0.05,Slippery,FAIL,135.046685340803,-130.046685340803,4.76,0.9922516802309647,FAIL
120,15,Poor,Fog,0.15,Wet,FAIL,124.45021145713191,-109.45021145713191,5.779999999999999,0.9922434100125681,FAIL
100,15,Poor,Fog,0.15,Wet,FAIL,90.35894314152678,-75.35894314152678,5.779999999999999,0.9922434100125681,FAIL
80,15,Poor,Fog,0.15,Wet,FAIL,61.607501388354905,-46.607501388354905,5.779999999999999,0.9922434100125681,FAIL
60,15,Poor,Rain,0.05,Slippery,FAIL,40.0573192239859,-25.0573192239859,5.04,0.9922335058279981,FAIL
80,10,Moderate,Rain,0.25,Slippery,FAIL,67.87967862041936,-57.87967862041936,5.04,0.9922267413901714,FAIL
80,5,Moderate,Rain,0.25,Slippery,FAIL,67.87967862041936,-62.87967862041936,5.04,0.9922267413901714,FAIL
120,10,Moderate,Rain,0.25,Slippery,FAIL,138.5626102292769,-128.5626102292769,5.04,0.9922267413901714,FAIL
100,10,Moderate,Rain,0.25,Slippery,FAIL,100.15922006662748,-90.15922006662748,5.04,0.9922267413901714,FAIL
100,5,Moderate,Rain,0.25,Slippery,FAIL,100.15922006662748,-95.15922006662748,5.04,0.9922267413901714,FAIL
120,5,Moderate,Rain,0.25,Slippery,FAIL,138.5626102292769,-133.5626102292769,5.04,0.9922267413901714,FAIL
80,5,Moderate,Fog,0.15,Wet,FAIL,59.38527916613268,-54.38527916613268,5.779999999999999,0.992226483300985,FAIL
120,5,Moderate,Fog,0.15,Wet,FAIL,121.11687812379856,-116.11687812379856,5.779999999999999,0.992226483300985,FAIL
100,5,Moderate,Fog,0.15,Wet,FAIL,87.581165363749,-82.581165363749,5.779999999999999,0.992226483300985,FAIL
100,10,Good,Clear,0.15,Slippery,FAIL,86.94885361552029,-76.94885361552029,5.6,0.9922229540873208,FAIL
100,5,Good,Clear,0.15,Slippery,FAIL,86.94885361552029,-81.94885361552029,5.6,0.9922229540873208,FAIL
120,10,Good,Clear,0.15,Slippery,FAIL,120.8730158730159,-110.8730158730159,5.6,0.9922229540873208,FAIL
120,5,Good,Clear,0.15,Slippery,FAIL,120.8730158730159,-115.8730158730159,5.6,0.9922229540873208,FAIL
80,10,Moderate,Fog,0.15,Wet,FAIL,59.38527916613268,-49.38527916613268,5.779999999999999,0.9922031713256313,FAIL
100,10,Moderate,Fog,0.15,Wet,FAIL,87.581165363749,-77.581165363749,5.779999999999999,0.9922031713256313,FAIL
80,10,Good,Fog,0.05,Slippery,FAIL,64.09482311443097,-54.094823114430966,4.76,0.9921977571414742,FAIL
80,5,Good,Fog,0.05,Slippery,FAIL,64.09482311443097,-59.094823114430966,4.76,0.9921977571414742,FAIL
80,15,Good,Rain,0.15,Slippery,FAIL,63.43523417597491,-48.43523417597491,5.04,0.9921975337122377,FAIL
120,10,Poor,Clear,0.25,Dry,FAIL,101.11111111111111,-91.11111111111111,8.0,0.9921895652635555,FAIL
120,5,Poor,Clear,0.25,Dry,FAIL,101.11111111111111,-96.11111111111111,8.0,0.9921895652635555,FAIL
80,10,Poor,Rain,0.25,Dry,FAIL,55.40466392318244,-45.40466392318244,7.2,0.9921771389121086,FAIL
80,5,Poor,Rain,0.25,Dry,FAIL,55.40466392318244,-50.40466392318244,7.2,0.9921771389121086,FAIL
80,5,Good,Clear,0.15,Slippery,FAIL,58.53615520282187,-53.53615520282187,5.6,0.9921753353265366,FAIL
80,10,Good,Clear,0.15,Slippery,FAIL,58.53615520282187,-48.53615520282187,5.6,0.9921753353265366,FAIL
100,5,Poor,Clear,0.25,Dry,FAIL,74.6141975308642,-69.6141975308642,8.0,0.99216171593856,FAIL
100,10,Poor,Clear,0.25,Dry,FAIL,74.6141975308642,-64.6141975308642,8.0,0.99216171593856,FAIL
80,10,Poor,Rain,0.05,Dry,FAIL,50.96021947873799,-40.96021947873799,7.2,0.9921513439335937,FAIL
80,5,Poor,Rain,0.05,Dry,FAIL,50.96021947873799,-45.96021947873799,7.2,0.9921513439335937,FAIL
60,5,Poor,Clear,0.15,Slippery,FAIL,38.968253968253975,-33.968253968253975,5.6,0.9921142766503976,FAIL
100,5,Moderate,Clear,0.15,Wet,FAIL,77.56899055918664,-72.56899055918664,6.8,0.9921084396820298,FAIL
120,5,Moderate,Clear,0.15,Wet,FAIL,106.69934640522878,-101.69934640522878,6.8,0.9921084396820298,FAIL
60,10,Poor,Clear,0.15,Slippery,FAIL,38.968253968253975,-28.96825396825397,5.6,0.992107020518921,FAIL
100,10,Moderate,Clear,0.15,Wet,FAIL,77.56899055918664,-67.56899055918664,6.8,0.9920968481812567,FAIL
120,10,Moderate,Clear,0.15,Wet,FAIL,106.69934640522878,-96.69934640522878,6.8,0.9920968481812567,FAIL
100,5,Moderate,Fog,0.15,Dry,FAIL,77.56899055918664,-72.56899055918664,6.8,0.9920966106474631,FAIL
120,5,Moderate,Fog,0.15,Dry,FAIL,106.69934640522878,-101.69934640522878,6.8,0.9920966106474631,FAIL
60,5,Moderate,Fog,0.05,Slippery,FAIL,40.01167133520075,-35.01167133520075,4.76,0.9920881212278211,FAIL
60,10,Moderate,Fog,0.05,Slippery,FAIL,40.01167133520075,-30.011671335200752,4.76,0.9920881212278211,FAIL
60,5,Moderate,Clear,0.15,Slippery,FAIL,37.3015873015873,-32.301587301587304,5.6,0.9920801997156563,FAIL
60,10,Moderate,Clear,0.15,Slippery,FAIL,37.3015873015873,-27.301587301587304,5.6,0.9920801997156563,FAIL
80,5,Poor,Clear,0.25,Dry,FAIL,51.9753086419753,-46.9753086419753,8.0,0.9920774693675078,FAIL
80,10,Poor,Clear,0.25,Dry,FAIL,51.9753086419753,-41.9753086419753,8.0,0.9920774693675078,FAIL
60,5,Moderate,Clear,0.1,Slippery,FAIL,36.468253968253975,-31.46825396825397,5.6,0.9920715554414036,FAIL
100,10,Moderate,Fog,0.15,Dry,FAIL,77.56899055918664,-67.56899055918664,6.8,0.9920635498253088,FAIL
120,10,Moderate,Fog,0.15,Dry,FAIL,106.69934640522878,-96.69934640522878,6.8,0.9920635498253088,FAIL
100,15,Moderate,Clear,0.1,Slippery,FAIL,88.33774250440918,-73.33774250440918,5.6,0.9920588749858371,FAIL
120,15,Moderate,Clear,0.1,Slippery,FAIL,122.53968253968256,-107.53968253968256,5.6,0.9920588749858371,FAIL
80,15,Moderate,Clear,0.1,Slippery,FAIL,59.647266313932974,-44.647266313932974,5.6,0.9920588749858371,FAIL
80,5,Moderate,Clear,0.15,Wet,FAIL,52.977487291212775,-47.977487291212775,6.8,0.9920389744596498,FAIL
100,10,Good,Fog,0.1,Slippery,FAIL,97.71760556074284,-87.71760556074283,4.76,0.9920250956086722,FAIL
120,10,Good,Fog,0.1,Slippery,FAIL,136.71335200746967,-126.71335200746968,4.76,0.9920250956086722,FAIL
100,5,Good,Fog,0.1,Slippery,FAIL,97.71760556074284,-92.71760556074284,4.76,0.9920250956086722,FAIL
120,5,Good,Fog,0.1,Slippery,FAIL,136.71335200746967,-131.71335200746967,4.76,0.9920250956086722,FAIL
120,15,Moderate,Rain,0.25,Slippery,FAIL,138.5626102292769,-123.56261022927691,5.04,0.9919785534363552,FAIL
80,15,Moderate,Rain,0.25,Slippery,FAIL,67.87967862041936,-52.87967862041936,5.04,0.9919785534363552,FAIL
80,5,Good,Fog,0.1,Slippery,FAIL,65.20593422554207,-60.20593422554207,4.76,0.9919591130874916,FAIL
80,10,Good,Fog,0.1,Slippery,FAIL,65.20593422554207,-55.20593422554207,4.76,0.9919591130874916,FAIL
120,5,Good,Rain,0.05,Wet,FAIL,109.11038489469864,-104.11038489469864,6.12,0.9919473930799227,FAIL
100,5,Good,Rain,0.05,Wet,FAIL,78.31739691761479,-73.31739691761479,6.12,0.9919473930799227,FAIL
120,10,Poor,Fog,0.1,Wet,FAIL,122.78354479046524,-112.78354479046524,5.779999999999999,0.9919413964121256,FAIL
80,5,Poor,Fog,0.1,Wet,FAIL,60.4963902772438,-55.4963902772438,5.779999999999999,0.9919413964121256,FAIL
120,5,Poor,Fog,0.1,Wet,FAIL,122.78354479046524,-117.78354479046524,5.779999999999999,0.9919413964121256,FAIL
100,5,Poor,Fog,0.1,Wet,FAIL,88.9700542526379,-83.9700542526379,5.779999999999999,0.9919413964121256,FAIL
100,10,Poor,Fog,0.1,Wet,FAIL,88.9700542526379,-78.9700542526379,5.779999999999999,0.9919413964121256,FAIL
120,5,Poor,Clear,0.15,Dry,FAIL,97.7777777777778,-92.7777777777778,8.0,0.9919206379379529,FAIL
120,10,Poor,Clear,0.15,Dry,FAIL,97.7777777777778,-87.7777777777778,8.0,0.9919206379379529,FAIL
120,10,Good,Rain,0.05,Wet,FAIL,109.11038489469864,-99.11038489469864,6.12,0.9919113431418942,FAIL
100,10,Good,Rain,0.05,Wet,FAIL,78.31739691761479,-68.31739691761479,6.12,0.9919113431418942,FAIL
100,10,Poor,Clear,0.15,Dry,FAIL,71.83641975308643,-61.83641975308643,8.0,0.9918896062081848,FAIL
100,5,Poor,Clear,0.15,Dry,FAIL,71.83641975308643,-66.83641975308643,8.0,0.9918896062081848,FAIL
60,15,Moderate,Fog,0.1,Slippery,FAIL,40.84500466853409,-25.845004668534088,4.76,0.9918823788640101,FAIL
80,5,Moderate,Fog,0.15,Dry,FAIL,52.977487291212775,-47.977487291212775,6.8,0.9918784600977766,FAIL
60,5,Poor,Rain,0.25,Slippery,FAIL,43.39065255731923,-38.39065255731923,5.04,0.9918778072376521,FAIL
120,15,Good,Rain,0.1,Slippery,FAIL,130.2292768959436,-115.2292768959436,5.04,0.991876800375348,FAIL
60,10,Poor,Rain,0.25,Slippery,FAIL,43.39065255731923,-33.39065255731923,5.04,0.9918718422646681,FAIL
60,5,Poor,Clear,0.05,Slippery,FAIL,37.3015873015873,-32.301587301587304,5.6,0.9918537777307724,FAIL
60,10,Poor,Clear,0.05,Slippery,FAIL,37.3015873015873,-27.301587301587304,5.6,0.9918456221313177,FAIL
100,15,Good,Rain,0.1,Slippery,FAIL,93.21477562218304,-78.21477562218304,5.04,0.9918443500900693,FAIL
80,10,Moderate,Fog,0.15,Dry,FAIL,52.977487291212775,-42.977487291212775,6.8,0.9918442246369251,FAIL
80,5,Good,Rain,0.05,Wet,FAIL,52.5675784717179,-47.5675784717179,6.12,0.991842251141209,FAIL
120,15,Good,Fog,0.15,Slippery,FAIL,138.38001867413635,-123.38001867413637,4.76,0.9918221482788873,FAIL
100,15,Good,Fog,0.15,Slippery,FAIL,99.10649444963173,-84.10649444963171,4.76,0.9918221482788873,FAIL
120,10,Poor,Fog,0.1,Dry,FAIL,108.36601307189544,-98.36601307189544,6.8,0.9918091157280664,FAIL
120,5,Poor,Fog,0.1,Dry,FAIL,108.36601307189544,-103.36601307189544,6.8,0.9918091157280664,FAIL
100,5,Poor,Fog,0.1,Dry,FAIL,78.95787944807553,-73.95787944807553,6.8,0.9918091157280664,FAIL
100,10,Poor,Fog,0.1,Dry,FAIL,78.95787944807553,-68.95787944807553,6.8,0.9918091157280664,FAIL
80,10,Good,Rain,0.05,Wet,FAIL,52.5675784717179,-42.5675784717179,6.12,0.9918050632009068,FAIL
80,5,Poor,Clear,0.15,Dry,FAIL,49.75308641975309,-44.75308641975309,8.0,0.9918043367296832,FAIL
80,10,Poor,Clear,0.15,Dry,FAIL,49.75308641975309,-39.75308641975309,8.0,0.9918043367296832,FAIL
100,15,Poor,Fog,0.1,Wet,FAIL,88.9700542526379,-73.9700542526379,5.779999999999999,0.9917911868633901,FAIL
120,15,Poor,Fog,0.1,Wet,FAIL,122.78354479046524,-107.78354479046524,5.779999999999999,0.9917911868633901,FAIL
100,5,Good,Clear,0.15,Wet,FAIL,74.79121278140886,-69.79121278140886,6.8,0.9917889372549968,FAIL
100,10,Good,Clear,0.15,Wet,FAIL,74.79121278140886,-64.79121278140886,6.8,0.9917889372549968,FAIL
120,5,Good,Clear,0.15,Wet,FAIL,103.36601307189544,-98.36601307189544,6.8,0.9917889372549968,FAIL
120,10,Moderate,Rain,0.0,Slippery,FAIL,130.2292768959436,-120.2292768959436,5.04,0.9917819268991994,FAIL
100,10,Moderate,Rain,0.0,Slippery,FAIL,93.21477562218304,-83.21477562218304,5.04,0.9917819268991994,FAIL
80,10,Moderate,Rain,0.0,Slippery,FAIL,62.3241230648638,-52.3241230648638,5.04,0.9917819268991994,FAIL
120,5,Moderate,Rain,0.0,Slippery,FAIL,130.2292768959436,-125.2292768959436,5.04,0.9917819268991994,FAIL
80,5,Moderate,Rain,0.0,Slippery,FAIL,62.3241230648638,-57.3241230648638,5.04,0.9917819268991994,FAIL
120,5,Poor,Rain,0.0,Dry,FAIL,100.49382716049384,-95.49382716049384,7.2,0.9917661869464112,FAIL
120,10,Poor,Rain,0.0,Dry,FAIL,100.49382716049384,-90.49382716049384,7.2,0.9917661869464112,FAIL
100,10,Poor,Rain,0.0,Dry,FAIL,73.0281207133059,-63.028120713305896,7.2,0.9917558240882649,FAIL
100,5,Poor,Rain,0.0,Dry,FAIL,73.0281207133059,-68.0281207133059,7.2,0.9917558240882649,FAIL
120,15,Moderate,Rain,0.05,Slippery,FAIL,131.89594356261026,-116.89594356261026,5.04,0.9917529178306825,FAIL
100,15,Moderate,Rain,0.05,Slippery,FAIL,94.60366451107193,-79.60366451107193,5.04,0.9917529178306825,FAIL
80,15,Moderate,Rain,0.05,Slippery,FAIL,63.43523417597491,-48.43523417597491,5.04,0.9917529178306825,FAIL
80,15,Good,Rain,0.1,Slippery,FAIL,62.3241230648638,-47.3241230648638,5.04,0.9917506711748671,FAIL
80,15,Good,Fog,0.15,Slippery,FAIL,66.31704533665318,-51.31704533665318,4.76,0.9917408346886114,FAIL
120,10,Poor,Clear,0.1,Dry,FAIL,96.11111111111111,-86.11111111111113,8.0,0.9917238576136189,FAIL
120,5,Poor,Clear,0.1,Dry,FAIL,96.11111111111111,-91.11111111111111,8.0,0.9917238576136189,FAIL
120,15,Good,Rain,0.25,Slippery,FAIL,135.2292768959436,-120.2292768959436,5.04,0.9917222366159448,FAIL
120,15,Poor,Clear,0.25,Slippery,FAIL,130.8730158730159,-115.8730158730159,5.6,0.9917203712264803,FAIL
100,5,Good,Fog,0.15,Dry,FAIL,74.79121278140886,-69.79121278140886,6.8,0.9917101339110979,FAIL
120,5,Good,Fog,0.15,Dry,FAIL,103.36601307189544,-98.36601307189544,6.8,0.9917101339110979,FAIL
100,10,Poor,Clear,0.1,Dry,FAIL,70.44753086419753,-60.44753086419753,8.0,0.9916930372626348,FAIL
100,5,Poor,Clear,0.1,Dry,FAIL,70.44753086419753,-65.44753086419753,8.0,0.9916930372626348,FAIL
100,15,Good,Rain,0.25,Slippery,FAIL,97.38144228884973,-82.38144228884971,5.04,0.9916928648531981,FAIL
120,10,Good,Fog,0.15,Dry,FAIL,103.36601307189544,-93.36601307189544,6.8,0.9916706664259263,FAIL
80,5,Good,Clear,0.15,Wet,FAIL,50.75526506899055,-45.75526506899055,6.8,0.9916630480379321,FAIL
80,10,Good,Clear,0.15,Wet,FAIL,50.75526506899055,-40.75526506899055,6.8,0.9916630480379321,FAIL
80,15,Poor,Clear,0.25,Slippery,FAIL,65.20282186948853,-50.20282186948853,5.6,0.9916484248913406,FAIL
100,15,Poor,Clear,0.25,Slippery,FAIL,95.28218694885362,-80.28218694885362,5.6,0.9916484248913406,FAIL
60,15,Poor,Rain,0.0,Slippery,FAIL,39.22398589065256,-24.223985890652564,5.04,0.9916458007554223,FAIL
100,5,Moderate,Fog,0.25,Wet,FAIL,90.35894314152678,-85.35894314152678,5.779999999999999,0.9916427698204486,FAIL
120,5,Moderate,Fog,0.25,Wet,FAIL,124.4502114571319,-119.4502114571319,5.779999999999999,0.9916427698204486,FAIL
80,5,Moderate,Fog,0.25,Wet,FAIL,61.607501388354905,-56.607501388354905,5.779999999999999,0.9916427698204486,FAIL
120,15,Poor,Fog,0.25,Dry,FAIL,113.36601307189544,-98.36601307189544,6.8,0.9916257774522894,FAIL
100,15,Poor,Fog,0.25,Dry,FAIL,83.1245461147422,-68.1245461147422,6.8,0.9916257774522894,FAIL
80,10,Moderate,Fog,0.25,Wet,FAIL,61.607501388354905,-51.607501388354905,5.779999999999999,0.9916184488407851,FAIL
100,10,Moderate,Fog,0.25,Wet,FAIL,90.35894314152678,-80.35894314152678,5.779999999999999,0.9916184488407851,FAIL
120,10,Moderate,Fog,0.25,Wet,FAIL,124.4502114571319,-114.4502114571319,5.779999999999999,0.9916184488407851,FAIL
100,15,Poor,Fog,0.15,Dry,FAIL,80.34676833696443,-65.34676833696443,6.8,0.9915963093925301,FAIL
120,15,Poor,Fog,0.15,Dry,FAIL,110.03267973856212,-95.03267973856212,6.8,0.9915963093925301,FAIL
80,15,Good,Rain,0.25,Slippery,FAIL,65.65745639819713,-50.65745639819713,5.04,0.9915958256154592,FAIL
60,15,Poor,Rain,0.25,Slippery,FAIL,43.39065255731923,-28.39065255731923,5.04,0.9915876665493182,FAIL
120,5,Good,Rain,0.25,Wet,FAIL,115.7770515613653,-110.7770515613653,6.12,0.9915856696727066,FAIL
100,15,Moderate,Fog,0.15,Wet,FAIL,87.581165363749,-72.581165363749,5.779999999999999,0.9915632915363725,FAIL
80,15,Moderate,Fog,0.15,Wet,FAIL,59.38527916613268,-44.38527916613268,5.779999999999999,0.9915632915363725,FAIL
120,15,Moderate,Fog,0.15,Wet,FAIL,121.11687812379856,-106.11687812379856,5.779999999999999,0.9915632915363725,FAIL
120,15,Good,Fog,0.25,Slippery,FAIL,141.71335200746967,-126.71335200746968,4.76,0.9915558764381556,FAIL
100,15,Good,Fog,0.25,Slippery,FAIL,101.8842722274095,-86.8842722274095,4.76,0.9915558764381556,FAIL
120,15,Moderate,Fog,0.0,Slippery,FAIL,136.71335200746967,-121.71335200746968,4.76,0.9915496296467919,FAIL
100,15,Moderate,Fog,0.0,Slippery,FAIL,97.71760556074284,-82.71760556074283,4.76,0.9915496296467919,FAIL
120,10,Good,Rain,0.25,Wet,FAIL,115.7770515613653,-105.7770515613653,6.12,0.9915481239448075,FAIL
100,5,Good,Rain,0.25,Wet,FAIL,83.87295247317034,-78.87295247317034,6.12,0.9915460090913589,FAIL
120,15,Poor,Clear,0.05,Slippery,FAIL,124.20634920634924,-109.20634920634924,5.6,0.9915323616552716,FAIL
80,15,Poor,Fog,0.25,Dry,FAIL,57.421931735657225,-42.421931735657225,6.8,0.9915225063785366,FAIL
80,15,Moderate,Fog,0.0,Slippery,FAIL,65.20593422554207,-50.20593422554207,4.76,0.9915091524901383,FAIL
100,10,Good,Rain,0.25,Wet,FAIL,83.87295247317034,-73.87295247317034,6.12,0.9915079700429237,FAIL
80,5,Good,Rain,0.25,Wet,FAIL,57.01202291616234,-52.01202291616234,6.12,0.9915039040732172,FAIL
100,5,Poor,Clear,0.1,Wet,FAIL,78.95787944807553,-73.95787944807553,6.8,0.9914927966646211,FAIL
120,10,Poor,Clear,0.1,Wet,FAIL,108.36601307189544,-98.36601307189544,6.8,0.9914927966646211,FAIL
100,10,Poor,Clear,0.1,Wet,FAIL,78.95787944807553,-68.95787944807553,6.8,0.9914927966646211,FAIL
120,5,Poor,Clear,0.1,Wet,FAIL,108.36601307189544,-103.36601307189544,6.8,0.9914927966646211,FAIL
80,15,Poor,Fog,0.15,Dry,FAIL,55.199709513435,-40.199709513435,6.8,0.9914798984598283,FAIL
80,15,Good,Fog,0.25,Slippery,FAIL,68.5392675588754,-53.5392675588754,4.76,0.9914797016862383,FAIL
60,5,Poor,Clear,0.25,Slippery,FAIL,40.63492063492064,-35.63492063492064,5.6,0.9914770444833714,FAIL
60,10,Poor,Clear,0.25,Slippery,FAIL,40.63492063492064,-30.63492063492064,5.6,0.9914697977608942,FAIL
80,10,Poor,Clear,0.1,Wet,FAIL,54.08859840232389,-44.08859840232389,6.8,0.9914697547781616,FAIL
80,5,Poor,Clear,0.1,Wet,FAIL,54.08859840232389,-49.08859840232389,6.8,0.9914697547781616,FAIL
80,10,Good,Rain,0.25,Wet,FAIL,57.01202291616234,-47.01202291616234,6.12,0.9914656651785604,FAIL
120,5,Moderate,Clear,0.1,Wet,FAIL,105.03267973856212,-100.03267973856212,6.8,0.9914575877435826,FAIL
100,5,Moderate,Clear,0.1,Wet,FAIL,76.18010167029774,-71.18010167029774,6.8,0.9914575877435826,FAIL
80,10,Poor,Rain,0.0,Dry,FAIL,49.84910836762688,-39.84910836762688,7.2,0.9914564053144211,FAIL
80,5,Poor,Rain,0.0,Dry,FAIL,49.84910836762688,-44.84910836762688,7.2,0.9914564053144211,FAIL
120,5,Poor,Fog,0.0,Dry,FAIL,105.03267973856212,-100.03267973856212,6.8,0.9914515138374467,FAIL
80,15,Poor,Clear,0.05,Slippery,FAIL,60.75837742504409,-45.75837742504409,5.6,0.9914504625359601,FAIL
100,15,Poor,Clear,0.05,Slippery,FAIL,89.72663139329808,-74.72663139329808,5.6,0.9914504625359601,FAIL
120,10,Moderate,Clear,0.1,Wet,FAIL,105.03267973856212,-95.03267973856212,6.8,0.9914446924343944,FAIL
100,10,Moderate,Clear,0.1,Wet,FAIL,76.18010167029774,-66.18010167029774,6.8,0.9914446924343944,FAIL
100,10,Poor,Fog,0.0,Dry,FAIL,76.18010167029774,-66.18010167029774,6.8,0.991443960858736,FAIL
120,5,Good,Rain,0.0,Slippery,FAIL,126.89594356261026,-121.89594356261026,5.04,0.991428090106788,FAIL
100,10,Good,Rain,0.0,Slippery,FAIL,90.43699784440524,-80.43699784440525,5.04,0.991428090106788,FAIL
120,10,Good,Rain,0.0,Slippery,FAIL,126.89594356261026,-116.89594356261026,5.04,0.991428090106788,FAIL
100,5,Good,Rain,0.0,Slippery,FAIL,90.43699784440524,-85.43699784440525,5.04,0.991428090106788,FAIL
120,10,Good,Clear,0.1,Slippery,FAIL,119.20634920634924,-109.20634920634924,5.6,0.9914105154671018,FAIL
100,5,Good,Clear,0.1,Slippery,FAIL,85.5599647266314,-80.5599647266314,5.6,0.9914105154671018,FAIL
100,10,Good,Clear,0.1,Slippery,FAIL,85.5599647266314,-75.5599647266314,5.6,0.9914105154671018,FAIL
120,5,Good,Clear,0.1,Slippery,FAIL,119.20634920634924,-114.20634920634924,5.6,0.9914105154671018,FAIL
80,10,Good,Rain,0.0,Slippery,FAIL,60.101900842641584,-50.101900842641584,5.04,0.9914081777099168,FAIL
80,5,Good,Rain,0.0,Slippery,FAIL,60.101900842641584,-55.101900842641584,5.04,0.9914081777099168,FAIL
100,15,Poor,Rain,0.15,Dry,FAIL,77.19478737997257,-62.19478737997257,7.2,0.9913976242638608,FAIL
120,5,Moderate,Clear,0.25,Wet,FAIL,110.03267973856212,-105.03267973856212,6.8,0.9913818385466735,FAIL
100,5,Moderate,Clear,0.25,Wet,FAIL,80.34676833696442,-75.34676833696442,6.8,0.9913818385466735,FAIL
120,10,Moderate,Clear,0.25,Wet,FAIL,110.03267973856212,-100.03267973856212,6.8,0.9913695664757973,FAIL
100,10,Moderate,Clear,0.25,Wet,FAIL,80.34676833696442,-70.34676833696442,6.8,0.9913695664757973,FAIL
80,10,Good,Clear,0.1,Slippery,FAIL,57.42504409171076,-47.42504409171076,5.6,0.991362215480619,FAIL
80,5,Good,Clear,0.1,Slippery,FAIL,57.42504409171076,-52.42504409171076,5.6,0.991362215480619,FAIL
80,10,Poor,Fog,0.1,Dry,FAIL,54.08859840232389,-44.08859840232389,6.8,0.9913417696182909,FAIL
80,5,Poor,Fog,0.1,Dry,FAIL,54.08859840232389,-49.08859840232389,6.8,0.9913417696182909,FAIL
120,10,Poor,Clear,0.05,Dry,FAIL,94.44444444444446,-84.44444444444446,8.0,0.9913379282098406,FAIL
120,5,Poor,Clear,0.05,Dry,FAIL,94.44444444444446,-89.44444444444446,8.0,0.9913379282098406,FAIL
100,10,Good,Clear,0.25,Slippery,FAIL,89.72663139329808,-79.72663139329808,5.6,0.9913358625573927,FAIL
120,10,Good,Clear,0.25,Slippery,FAIL,124.20634920634924,-114.20634920634924,5.6,0.9913358625573927,FAIL
100,5,Good,Clear,0.25,Slippery,FAIL,89.72663139329808,-84.72663139329808,5.6,0.9913358625573927,FAIL
120,5,Good,Clear,0.25,Slippery,FAIL,124.20634920634924,-119.20634920634924,5.6,0.9913358625573927,FAIL
80,5,Moderate,Clear,0.1,Wet,FAIL,51.86637618010167,-46.86637618010167,6.8,0.9913308040910612,FAIL
100,5,Moderate,Rain,0.15,Wet,FAIL,83.87295247317034,-78.87295247317034,6.12,0.9913294418987345,FAIL
120,5,Moderate,Rain,0.15,Wet,FAIL,115.7770515613653,-110.7770515613653,6.12,0.9913294418987345,FAIL
120,10,Poor,Clear,0.15,Wet,FAIL,110.03267973856212,-100.03267973856212,6.8,0.9913181763031839,FAIL
100,5,Poor,Clear,0.15,Wet,FAIL,80.34676833696443,-75.34676833696443,6.8,0.9913181763031839,FAIL
120,5,Poor,Clear,0.15,Wet,FAIL,110.03267973856212,-105.03267973856212,6.8,0.9913181763031839,FAIL
100,10,Poor,Clear,0.15,Wet,FAIL,80.34676833696443,-70.34676833696443,6.8,0.9913181763031839,FAIL
80,10,Moderate,Clear,0.1,Wet,FAIL,51.86637618010167,-41.86637618010167,6.8,0.9913179087818731,FAIL
100,5,Moderate,Fog,0.25,Dry,FAIL,80.34676833696442,-75.34676833696442,6.8,0.991315820719394,FAIL
120,5,Moderate,Fog,0.25,Dry,FAIL,110.03267973856212,-105.03267973856212,6.8,0.991315820719394,FAIL
80,5,Moderate,Clear,0.25,Wet,FAIL,55.199709513435,-50.199709513435,6.8,0.9913117355224358,FAIL
120,15,Moderate,Clear,0.25,Slippery,FAIL,127.53968253968256,-112.53968253968256,5.6,0.9913117106586432,FAIL
80,15,Moderate,Clear,0.25,Slippery,FAIL,62.98059964726632,-47.98059964726632,5.6,0.9913117106586432,FAIL
100,15,Moderate,Clear,0.25,Slippery,FAIL,92.50440917107584,-77.50440917107585,5.6,0.9913117106586432,FAIL
80,5,Moderate,Rain,0.15,Wet,FAIL,57.01202291616234,-52.01202291616234,6.12,0.9913052417324705,FAIL
120,10,Poor,Fog,0.05,Wet,FAIL,121.11687812379856,-111.11687812379856,5.779999999999999,0.9913044978394332,FAIL
120,5,Poor,Fog,0.05,Wet,FAIL,121.11687812379856,-116.11687812379856,5.779999999999999,0.9913044978394332,FAIL
100,10,Poor,Fog,0.05,Wet,FAIL,87.581165363749,-77.581165363749,5.779999999999999,0.9913044978394332,FAIL
100,10,Moderate,Rain,0.15,Wet,FAIL,83.87295247317034,-73.87295247317034,6.12,0.9913044806050756,FAIL
120,10,Moderate,Rain,0.15,Wet,FAIL,115.7770515613653,-105.7770515613653,6.12,0.9913044806050756,FAIL
80,10,Moderate,Clear,0.25,Wet,FAIL,55.199709513435,-45.199709513435,6.8,0.9912994634515598,FAIL
100,10,Poor,Clear,0.05,Dry,FAIL,69.05864197530865,-59.058641975308646,8.0,0.9912972938876461,FAIL
100,5,Poor,Clear,0.05,Dry,FAIL,69.05864197530865,-64.05864197530865,8.0,0.9912972938876461,FAIL
60,10,Good,Fog,0.15,Slippery,FAIL,40.01167133520075,-30.011671335200752,4.76,0.991293714563519,FAIL
60,5,Good,Fog,0.15,Slippery,FAIL,40.01167133520075,-35.01167133520075,4.76,0.991293714563519,FAIL
80,10,Poor,Clear,0.15,Wet,FAIL,55.199709513435,-45.199709513435,6.8,0.9912901633957689,FAIL
80,5,Poor,Clear,0.15,Wet,FAIL,55.199709513435,-50.199709513435,6.8,0.9912901633957689,FAIL
120,10,Good,Fog,0.0,Slippery,FAIL,133.38001867413635,-123.38001867413637,4.76,0.9912859021290308,FAIL
120,5,Good,Fog,0.0,Slippery,FAIL,133.38001867413635,-128.38001867413635,4.76,0.9912859021290308,FAIL
100,10,Good,Fog,0.0,Slippery,FAIL,94.93982778296504,-84.93982778296504,4.76,0.9912859021290308,FAIL
100,5,Good,Fog,0.0,Slippery,FAIL,94.93982778296504,-89.93982778296504,4.76,0.9912859021290308,FAIL
100,10,Moderate,Fog,0.25,Dry,FAIL,80.34676833696442,-70.34676833696442,6.8,0.9912810958205875,FAIL
120,10,Moderate,Fog,0.25,Dry,FAIL,110.03267973856212,-100.03267973856212,6.8,0.9912810958205875,FAIL
80,10,Moderate,Rain,0.15,Wet,FAIL,57.01202291616234,-47.01202291616234,6.12,0.9912802804388117,FAIL
80,5,Good,Clear,0.25,Slippery,FAIL,60.75837742504409,-55.75837742504409,5.6,0.9912782553475312,FAIL
80,10,Good,Clear,0.25,Slippery,FAIL,60.75837742504409,-50.75837742504409,5.6,0.9912782553475312,FAIL
100,15,Poor,Rain,0.25,Dry,FAIL,79.97256515775034,-64.97256515775034,7.2,0.991267098049264,FAIL
120,15,Poor,Rain,0.25,Dry,FAIL,108.82716049382718,-93.82716049382718,7.2,0.991267098049264,FAIL
80,5,Poor,Fog,0.05,Wet,FAIL,59.38527916613268,-54.38527916613268,5.779999999999999,0.99126117308935,FAIL
80,10,Poor,Fog,0.05,Wet,FAIL,59.38527916613268,-49.38527916613268,5.779999999999999,0.99126117308935,FAIL
60,5,Good,Fog,0.25,Slippery,FAIL,41.67833800186742,-36.67833800186742,4.76,0.9912355868929611,FAIL
60,5,Moderate,Clear,0.25,Slippery,FAIL,38.968253968253975,-33.968253968253975,5.6,0.9912183272679108,FAIL
60,10,Moderate,Clear,0.25,Slippery,FAIL,38.968253968253975,-28.96825396825397,5.6,0.9912183272679108,FAIL
100,5,Poor,Clear,0.25,Wet,FAIL,83.1245461147422,-78.1245461147422,6.8,0.9912132862413863,FAIL
120,10,Poor,Clear,0.25,Wet,FAIL,113.36601307189544,-103.36601307189544,6.8,0.9912132862413863,FAIL
120,5,Poor,Clear,0.25,Wet,FAIL,113.36601307189544,-108.36601307189544,6.8,0.9912132862413863,FAIL
100,10,Poor,Clear,0.25,Wet,FAIL,83.1245461147422,-73.1245461147422,6.8,0.9912132862413863,FAIL
120,5,Poor,Fog,0.0,Wet,FAIL,119.4502114571319,-114.4502114571319,5.779999999999999,0.9912126273123281,FAIL
100,10,Poor,Fog,0.0,Wet,FAIL,86.19227647486011,-76.19227647486011,5.779999999999999,0.9912126273123281,FAIL
100,5,Poor,Fog,0.0,Wet,FAIL,86.19227647486011,-81.19227647486011,5.779999999999999,0.9912126273123281,FAIL
120,10,Poor,Fog,0.0,Wet,FAIL,119.4502114571319,-109.4502114571319,5.779999999999999,0.9912126273123281,FAIL
60,5,Poor,Clear,0.0,Slippery,FAIL,36.468253968253975,-31.46825396825397,5.6,0.9911967604888933,FAIL
80,5,Poor,Clear,0.25,Wet,FAIL,57.421931735657225,-52.421931735657225,6.8,0.9911892962355893,FAIL
80,10,Poor,Clear,0.25,Wet,FAIL,57.421931735657225,-47.421931735657225,6.8,0.9911892962355893,FAIL
80,10,Good,Fog,0.0,Slippery,FAIL,62.98371200331985,-52.98371200331985,4.76,0.9911887512565002,FAIL
60,10,Poor,Clear,0.0,Slippery,FAIL,36.468253968253975,-26.46825396825397,5.6,0.9911882654854095,FAIL
80,15,Poor,Rain,0.15,Dry,FAIL,53.18244170096021,-38.18244170096021,7.2,0.9911780097050539,FAIL
100,5,Moderate,Fog,0.1,Wet,FAIL,86.19227647486011,-81.19227647486011,5.779999999999999,0.9911740375810393,FAIL
120,5,Moderate,Fog,0.1,Wet,FAIL,119.4502114571319,-114.4502114571319,5.779999999999999,0.9911740375810393,FAIL
120,10,Poor,Fog,0.05,Dry,FAIL,106.69934640522878,-96.69934640522878,6.8,0.9911724493839739,FAIL
100,5,Poor,Fog,0.05,Dry,FAIL,77.56899055918664,-72.56899055918664,6.8,0.9911724493839739,FAIL
120,5,Poor,Fog,0.05,Dry,FAIL,106.69934640522878,-101.69934640522878,6.8,0.9911724493839739,FAIL
100,10,Poor,Fog,0.05,Dry,FAIL,77.56899055918664,-67.56899055918664,6.8,0.9911724493839739,FAIL
80,5,Poor,Fog,0.0,Wet,FAIL,58.274168055021576,-53.274168055021576,5.779999999999999,0.9911705198462311,FAIL
80,10,Poor,Fog,0.0,Wet,FAIL,58.274168055021576,-48.274168055021576,5.779999999999999,0.9911705198462311,FAIL
120,10,Moderate,Fog,0.1,Wet,FAIL,119.4502114571319,-109.4502114571319,5.779999999999999,0.9911475405569741,FAIL
100,10,Moderate,Fog,0.1,Wet,FAIL,86.19227647486011,-76.19227647486011,5.779999999999999,0.9911475405569741,FAIL
80,10,Poor,Clear,0.1,Dry,FAIL,48.641975308641975,-38.641975308641975,8.0,0.9911438543332716,FAIL
80,5,Poor,Clear,0.1,Dry,FAIL,48.641975308641975,-43.641975308641975,8.0,0.9911438543332716,FAIL
80,5,Moderate,Fog,0.1,Wet,FAIL,58.274168055021576,-53.274168055021576,5.779999999999999,0.9911153278523702,FAIL
120,15,Poor,Rain,0.1,Dry,FAIL,103.82716049382718,-88.82716049382718,7.2,0.9911101212328305,FAIL
100,15,Moderate,Clear,0.05,Slippery,FAIL,86.94885361552029,-71.94885361552029,5.6,0.9911003796373071,FAIL
120,15,Moderate,Clear,0.05,Slippery,FAIL,120.8730158730159,-105.8730158730159,5.6,0.9911003796373071,FAIL
80,15,Moderate,Clear,0.05,Slippery,FAIL,58.53615520282187,-43.53615520282187,5.6,0.9911003796373071,FAIL
80,10,Moderate,Fog,0.1,Wet,FAIL,58.274168055021576,-48.274168055021576,5.779999999999999,0.991088830828305,FAIL
60,5,Moderate,Rain,0.15,Slippery,FAIL,40.0573192239859,-35.0573192239859,5.04,0.9910793686357957,FAIL
60,10,Moderate,Rain,0.15,Slippery,FAIL,40.0573192239859,-30.0573192239859,5.04,0.9910793686357957,FAIL
60,10,Poor,Fog,0.15,Wet,FAIL,38.19588619761631,-28.19588619761631,5.779999999999999,0.9910743972385042,FAIL
60,5,Poor,Fog,0.15,Wet,FAIL,38.19588619761631,-33.19588619761631,5.779999999999999,0.9910743972385042,FAIL
80,5,Moderate,Fog,0.25,Dry,FAIL,55.199709513435,-50.199709513435,6.8,0.9910740145577085,FAIL
60,10,Moderate,Clear,0.05,Slippery,FAIL,35.63492063492064,-25.63492063492064,5.6,0.991071328998818,FAIL
60,5,Moderate,Clear,0.05,Slippery,FAIL,35.63492063492064,-30.63492063492064,5.6,0.991071328998818,FAIL
120,5,Poor,Rain,0.1,Wet,FAIL,117.44371822803195,-112.44371822803195,6.12,0.9910702849348685,FAIL
100,10,Poor,Rain,0.1,Wet,FAIL,85.26184136205923,-75.26184136205923,6.12,0.9910702849348685,FAIL
100,5,Poor,Rain,0.1,Wet,FAIL,85.26184136205923,-80.26184136205923,6.12,0.9910702849348685,FAIL
120,10,Poor,Rain,0.1,Wet,FAIL,117.44371822803195,-107.44371822803195,6.12,0.9910702849348685,FAIL
60,5,Moderate,Rain,0.1,Slippery,FAIL,39.22398589065256,-34.223985890652564,5.04,0.9910689636684296,FAIL
60,10,Moderate,Rain,0.1,Slippery,FAIL,39.22398589065256,-29.223985890652564,5.04,0.9910689636684296,FAIL
60,15,Poor,Clear,0.1,Slippery,FAIL,38.13492063492065,-23.134920634920647,5.6,0.9910671735905977,FAIL
100,5,Good,Fog,0.15,Wet,FAIL,84.80338758597122,-79.80338758597122,5.779999999999999,0.991063524826386,FAIL
120,5,Good,Fog,0.15,Wet,FAIL,117.78354479046524,-112.78354479046524,5.779999999999999,0.991063524826386,FAIL
60,10,Moderate,Fog,0.0,Slippery,FAIL,39.17833800186742,-29.178338001867417,4.76,0.9910596261667985,FAIL
60,5,Moderate,Fog,0.0,Slippery,FAIL,39.17833800186742,-34.17833800186742,4.76,0.9910596261667985,FAIL
100,10,Good,Fog,0.15,Wet,FAIL,84.80338758597122,-74.80338758597122,5.779999999999999,0.9910494733358668,FAIL
120,10,Good,Fog,0.15,Wet,FAIL,117.78354479046524,-107.78354479046524,5.779999999999999,0.9910494733358668,FAIL
80,10,Poor,Rain,0.1,Wet,FAIL,58.12313402727346,-48.12313402727346,6.12,0.991046404236311,FAIL
80,5,Poor,Rain,0.1,Wet,FAIL,58.12313402727346,-53.12313402727346,6.12,0.991046404236311,FAIL
80,10,Moderate,Fog,0.25,Dry,FAIL,55.199709513435,-45.199709513435,6.8,0.9910380550622012,FAIL
60,5,Poor,Fog,0.25,Wet,FAIL,39.862552864282975,-34.862552864282975,5.779999999999999,0.9909905691281748,FAIL
60,10,Poor,Fog,0.25,Wet,FAIL,39.862552864282975,-29.86255286428297,5.779999999999999,0.9909905691281748,FAIL
100,5,Good,Fog,0.25,Dry,FAIL,77.56899055918664,-72.56899055918664,6.8,0.9909894742788907,FAIL
120,5,Good,Fog,0.25,Dry,FAIL,106.69934640522878,-101.69934640522878,6.8,0.9909894742788907,FAIL
60,15,Poor,Clear,0.15,Slippery,FAIL,38.968253968253975,-23.96825396825397,5.6,0.9909852492432458,FAIL
120,10,Good,Clear,0.05,Slippery,FAIL,117.53968253968256,-107.53968253968256,5.6,0.9909717728379366,FAIL
100,5,Good,Clear,0.05,Slippery,FAIL,84.1710758377425,-79.1710758377425,5.6,0.9909717728379366,FAIL
100,10,Good,Clear,0.05,Slippery,FAIL,84.1710758377425,-74.1710758377425,5.6,0.9909717728379366,FAIL
120,5,Good,Clear,0.05,Slippery,FAIL,117.53968253968256,-112.53968253968256,5.6,0.9909717728379366,FAIL
100,15,Good,Fog,0.1,Slippery,FAIL,97.71760556074284,-82.71760556074283,4.76,0.990968210151915,FAIL
120,15,Good,Fog,0.1,Slippery,FAIL,136.71335200746967,-121.71335200746968,4.76,0.990968210151915,FAIL
100,5,Moderate,Fog,0.05,Wet,FAIL,84.80338758597122,-79.80338758597122,5.779999999999999,0.9909588118726171,FAIL
120,5,Moderate,Fog,0.05,Wet,FAIL,117.78354479046524,-112.78354479046524,5.779999999999999,0.9909588118726171,FAIL
120,15,Poor,Clear,0.0,Slippery,FAIL,122.53968253968256,-107.53968253968256,5.6,0.9909518609347433,FAIL
100,10,Good,Fog,0.25,Dry,FAIL,77.56899055918664,-67.56899055918664,6.8,0.9909500383740149,FAIL
120,10,Good,Fog,0.25,Dry,FAIL,106.69934640522878,-96.69934640522878,6.8,0.9909500383740149,FAIL
60,15,Poor,Fog,0.15,Wet,FAIL,38.19588619761631,-23.19588619761631,5.779999999999999,0.9909435379903618,FAIL
120,10,Moderate,Fog,0.05,Wet,FAIL,117.78354479046524,-107.78354479046524,5.779999999999999,0.9909290137547723,FAIL
80,5,Good,Clear,0.05,Slippery,FAIL,56.313932980599645,-51.313932980599645,5.6,0.9909210359487528,FAIL
80,10,Good,Clear,0.05,Slippery,FAIL,56.313932980599645,-46.313932980599645,5.6,0.9909210359487528,FAIL
120,15,Moderate,Fog,0.25,Wet,FAIL,124.4502114571319,-109.4502114571319,5.779999999999999,0.9909143857753442,FAIL
100,15,Moderate,Fog,0.25,Wet,FAIL,90.35894314152678,-75.35894314152678,5.779999999999999,0.9909143857753442,FAIL
100,15,Good,Rain,0.05,Slippery,FAIL,91.82588673329414,-76.82588673329414,5.04,0.9909115497878233,FAIL
120,15,Good,Rain,0.05,Slippery,FAIL,128.5626102292769,-113.56261022927691,5.04,0.9909115497878233,FAIL
80,15,Poor,Clear,0.0,Slippery,FAIL,59.647266313932974,-44.647266313932974,5.6,0.9909051757146473,FAIL
100,15,Poor,Clear,0.0,Slippery,FAIL,88.33774250440918,-73.33774250440918,5.6,0.9909051757146473,FAIL
120,15,Poor,Rain,0.1,Wet,FAIL,117.44371822803195,-102.44371822803195,6.12,0.9908998419031168,FAIL
100,15,Poor,Rain,0.1,Wet,FAIL,85.26184136205923,-70.26184136205923,6.12,0.9908998419031168,FAIL
80,15,Good,Fog,0.1,Slippery,FAIL,65.20593422554207,-50.20593422554207,4.76,0.9908924647577206,FAIL
80,15,Good,Rain,0.05,Slippery,FAIL,61.21301195375269,-46.21301195375269,5.04,0.990889869578582,FAIL
80,5,Moderate,Fog,0.05,Wet,FAIL,57.16305694391046,-52.16305694391046,5.779999999999999,0.9908776354486063,FAIL
80,15,Poor,Rain,0.1,Wet,FAIL,58.12313402727346,-43.12313402727346,6.12,0.9908759612045591,FAIL
100,15,Moderate,Rain,0.0,Slippery,FAIL,93.21477562218304,-78.21477562218304,5.04,0.9908753983497643,FAIL
80,15,Moderate,Rain,0.0,Slippery,FAIL,62.3241230648638,-47.3241230648638,5.04,0.9908753983497643,FAIL
120,15,Moderate,Rain,0.0,Slippery,FAIL,130.2292768959436,-115.2292768959436,5.04,0.9908753983497643,FAIL
80,10,Poor,Fog,0.0,Dry,FAIL,51.86637618010167,-41.86637618010167,6.8,0.9908574660422571,FAIL
80,5,Poor,Fog,0.0,Dry,FAIL,51.86637618010167,-46.86637618010167,6.8,0.9908574660422571,FAIL
100,5,Good,Rain,0.0,Wet,FAIL,76.9285080287259,-71.9285080287259,6.12,0.9908567430796159,FAIL
120,5,Good,Rain,0.0,Wet,FAIL,107.44371822803195,-102.44371822803195,6.12,0.9908567430796159,FAIL
80,5,Good,Fog,0.15,Dry,FAIL,50.75526506899055,-45.75526506899055,6.8,0.9908375032015033,FAIL
120,10,Good,Rain,0.0,Wet,FAIL,107.44371822803195,-97.44371822803195,6.12,0.9908182361090765,FAIL
100,10,Good,Rain,0.0,Wet,FAIL,76.9285080287259,-66.9285080287259,6.12,0.9908182361090765,FAIL
60,15,Poor,Fog,0.25,Wet,FAIL,39.862552864282975,-24.86255286428297,5.779999999999999,0.990806103861145,FAIL
100,15,Good,Fog,0.05,Slippery,FAIL,96.32871667185393,-81.32871667185393,4.76,0.9908022705118723,FAIL
120,15,Good,Fog,0.05,Slippery,FAIL,135.046685340803,-120.046685340803,4.76,0.9908022705118723,FAIL
100,5,Moderate,Clear,0.05,Wet,FAIL,74.79121278140886,-69.79121278140886,6.8,0.9907952587233109,FAIL
120,5,Moderate,Clear,0.05,Wet,FAIL,103.36601307189544,-98.36601307189544,6.8,0.9907952587233109,FAIL
80,10,Good,Fog,0.15,Dry,FAIL,50.75526506899055,-40.75526506899055,6.8,0.9907936833497653,FAIL
100,5,Moderate,Rain,0.1,Wet,FAIL,82.48406358428144,-77.48406358428144,6.12,0.9907853245370845,FAIL
120,5,Moderate,Rain,0.1,Wet,FAIL,114.11038489469864,-109.11038489469864,6.12,0.9907853245370845,FAIL
60,5,Moderate,Fog,0.15,Wet,FAIL,36.529219530949646,-31.529219530949646,5.779999999999999,0.9907832128807026,FAIL
120,10,Moderate,Clear,0.05,Wet,FAIL,103.36601307189544,-93.36601307189544,6.8,0.9907828675106402,FAIL
100,10,Moderate,Clear,0.05,Wet,FAIL,74.79121278140886,-64.79121278140886,6.8,0.9907828675106402,FAIL
120,10,Moderate,Rain,0.1,Wet,FAIL,114.11038489469864,-104.11038489469864,6.12,0.9907572095585646,FAIL
100,10,Moderate,Rain,0.1,Wet,FAIL,82.48406358428144,-72.48406358428144,6.12,0.9907572095585646,FAIL
60,10,Moderate,Fog,0.15,Wet,FAIL,36.529219530949646,-26.529219530949646,5.779999999999999,0.9907535216357852,FAIL
100,5,Moderate,Rain,0.15,Dry,FAIL,74.41700960219478,-69.41700960219478,7.2,0.9907448468174721,FAIL
120,5,Moderate,Rain,0.15,Dry,FAIL,102.16049382716052,-97.16049382716052,7.2,0.9907448468174721,FAIL
80,15,Good,Fog,0.05,Slippery,FAIL,64.09482311443097,-49.094823114430966,4.76,0.9907394435266432,FAIL
120,15,Good,Rain,0.25,Wet,FAIL,115.7770515613653,-100.7770515613653,6.12,0.990733528712498,FAIL
80,5,Good,Fog,0.15,Wet,FAIL,57.16305694391046,-52.16305694391046,5.779999999999999,0.990731135313675,FAIL
80,10,Poor,Clear,0.05,Dry,FAIL,47.53086419753086,-37.53086419753086,8.0,0.9907229654640259,FAIL
80,5,Poor,Clear,0.05,Dry,FAIL,47.53086419753086,-42.53086419753086,8.0,0.9907229654640259,FAIL
100,10,Moderate,Rain,0.15,Dry,FAIL,74.41700960219478,-64.41700960219478,7.2,0.9907180263185443,FAIL
120,10,Moderate,Rain,0.15,Dry,FAIL,102.16049382716052,-92.16049382716052,7.2,0.9907180263185443,FAIL
80,10,Good,Fog,0.15,Wet,FAIL,57.16305694391046,-47.16305694391046,5.779999999999999,0.9907170838231559,FAIL
80,10,Good,Rain,0.0,Wet,FAIL,51.4564673606068,-41.4564673606068,6.12,0.9907087792093481,FAIL
100,15,Good,Rain,0.25,Wet,FAIL,83.87295247317034,-68.87295247317034,6.12,0.990691166872266,FAIL
120,5,Poor,Rain,0.25,Wet,FAIL,122.44371822803195,-117.44371822803195,6.12,0.9906892424719397,FAIL
80,5,Poor,Rain,0.25,Wet,FAIL,61.4564673606068,-56.4564673606068,6.12,0.9906892424719397,FAIL
100,10,Poor,Rain,0.25,Wet,FAIL,89.4285080287259,-79.4285080287259,6.12,0.9906892424719397,FAIL
120,10,Poor,Rain,0.25,Wet,FAIL,122.44371822803195,-112.44371822803195,6.12,0.9906892424719397,FAIL
100,5,Poor,Rain,0.25,Wet,FAIL,89.4285080287259,-84.4285080287259,6.12,0.9906892424719397,FAIL
80,10,Poor,Rain,0.25,Wet,FAIL,61.4564673606068,-51.4564673606068,6.12,0.9906892424719397,FAIL
60,15,Moderate,Clear,0.15,Slippery,FAIL,37.3015873015873,-22.301587301587304,5.6,0.9906881315863767,FAIL
120,15,Moderate,Clear,0.15,Wet,FAIL,106.69934640522878,-91.69934640522878,6.8,0.9906789871097554,FAIL
100,15,Moderate,Clear,0.15,Wet,FAIL,77.56899055918664,-62.568990559186645,6.8,0.9906789871097554,FAIL
60,15,Moderate,Fog,0.05,Slippery,FAIL,40.01167133520075,-25.011671335200752,4.76,0.9906782832573169,FAIL
80,5,Moderate,Clear,0.05,Wet,FAIL,50.75526506899055,-45.75526506899055,6.8,0.990664946368294,FAIL
80,10,Moderate,Clear,0.05,Wet,FAIL,50.75526506899055,-40.75526506899055,6.8,0.9906525551556233,FAIL
80,15,Good,Rain,0.25,Wet,FAIL,57.01202291616234,-42.01202291616234,6.12,0.9906440928490546,FAIL
60,15,Moderate,Rain,0.15,Slippery,FAIL,40.0573192239859,-25.0573192239859,5.04,0.9906440483037786,FAIL
120,10,Poor,Rain,0.15,Wet,FAIL,119.11038489469864,-109.11038489469864,6.12,0.9906377322290789,FAIL
100,5,Poor,Rain,0.15,Wet,FAIL,86.65073025094813,-81.65073025094813,6.12,0.9906377322290789,FAIL
100,10,Poor,Rain,0.15,Wet,FAIL,86.65073025094813,-76.65073025094813,6.12,0.9906377322290789,FAIL
60,10,Good,Clear,0.15,Slippery,FAIL,35.63492063492064,-25.63492063492064,5.6,0.9906336755968944,FAIL
60,5,Good,Clear,0.15,Slippery,FAIL,35.63492063492064,-30.63492063492064,5.6,0.9906336755968944,FAIL
100,15,Poor,Rain,0.25,Wet,FAIL,89.4285080287259,-74.4285080287259,6.12,0.9906229678031722,FAIL
120,15,Poor,Rain,0.25,Wet,FAIL,122.44371822803195,-107.44371822803195,6.12,0.9906229678031722,FAIL
80,15,Poor,Rain,0.25,Wet,FAIL,61.4564673606068,-46.4564673606068,6.12,0.9906229678031722,FAIL
120,5,Good,Clear,0.1,Wet,FAIL,101.69934640522878,-96.69934640522878,6.8,0.9906219965727843,FAIL
100,10,Good,Clear,0.1,Wet,FAIL,73.40232389251997,-63.40232389251997,6.8,0.9906219965727843,FAIL
100,5,Good,Clear,0.1,Wet,FAIL,73.40232389251997,-68.40232389251997,6.8,0.9906219965727843,FAIL
120,10,Good,Clear,0.1,Wet,FAIL,101.69934640522878,-91.69934640522878,6.8,0.9906219965727843,FAIL
80,5,Moderate,Rain,0.1,Wet,FAIL,55.90091180505124,-50.90091180505124,6.12,0.9906217740823161,FAIL
80,5,Poor,Rain,0.15,Wet,FAIL,59.234245138384566,-54.234245138384566,6.12,0.9906142950937576,FAIL
80,10,Poor,Rain,0.15,Wet,FAIL,59.234245138384566,-49.234245138384566,6.12,0.9906142950937576,FAIL
120,15,Poor,Clear,0.1,Wet,FAIL,108.36601307189544,-93.36601307189544,6.8,0.9905966184914334,FAIL
100,15,Poor,Clear,0.1,Wet,FAIL,78.95787944807553,-63.95787944807553,6.8,0.9905966184914334,FAIL
80,15,Moderate,Clear,0.15,Wet,FAIL,52.977487291212775,-37.977487291212775,6.8,0.9905949750793335,FAIL
80,10,Moderate,Rain,0.1,Wet,FAIL,55.90091180505124,-45.90091180505124,6.12,0.9905936591037963,FAIL
120,15,Moderate,Rain,0.15,Wet,FAIL,115.7770515613653,-100.7770515613653,6.12,0.9905925402770434,FAIL
100,15,Moderate,Rain,0.15,Wet,FAIL,83.87295247317034,-68.87295247317034,6.12,0.9905925402770434,FAIL
100,15,Poor,Clear,0.15,Wet,FAIL,80.34676833696443,-65.34676833696443,6.8,0.9905920636261177,FAIL
120,15,Poor,Clear,0.15,Wet,FAIL,110.03267973856212,-95.03267973856212,6.8,0.9905920636261177,FAIL
100,15,Poor,Clear,0.25,Wet,FAIL,83.1245461147422,-68.1245461147422,6.8,0.990576872576797,FAIL
120,15,Poor,Clear,0.25,Wet,FAIL,113.36601307189544,-98.36601307189544,6.8,0.990576872576797,FAIL
80,15,Poor,Clear,0.1,Wet,FAIL,54.08859840232389,-39.08859840232389,6.8,0.9905717058870926,FAIL
120,15,Poor,Rain,0.15,Wet,FAIL,119.11038489469864,-104.11038489469864,6.12,0.990570615865973,FAIL
100,15,Poor,Rain,0.15,Wet,FAIL,86.65073025094813,-71.65073025094813,6.12,0.990570615865973,FAIL
80,15,Moderate,Rain,0.15,Wet,FAIL,57.01202291616234,-42.01202291616234,6.12,0.9905667684147994,FAIL
80,15,Poor,Rain,0.1,Dry,FAIL,52.071330589849104,-37.071330589849104,7.2,0.9905664803579629,FAIL
80,15,Poor,Clear,0.15,Wet,FAIL,55.199709513435,-40.199709513435,6.8,0.9905617830979052,FAIL
80,15,Poor,Rain,0.15,Wet,FAIL,59.234245138384566,-44.234245138384566,6.12,0.9905471787306517,FAIL
80,5,Poor,Fog,0.05,Dry,FAIL,52.977487291212775,-47.977487291212775,6.8,0.9904781187930463,FAIL
80,10,Poor,Fog,0.05,Dry,FAIL,52.977487291212775,-42.977487291212775,6.8,0.9904781187930463,FAIL
80,10,Good,Clear,0.1,Wet,FAIL,49.64415395787944,-39.64415395787944,6.8,0.9904763911554341,FAIL
80,5,Good,Clear,0.1,Wet,FAIL,49.64415395787944,-44.64415395787944,6.8,0.9904763911554341,FAIL
120,10,Good,Clear,0.25,Wet,FAIL,106.69934640522878,-96.69934640522878,6.8,0.9904756343438329,FAIL
100,5,Good,Clear,0.25,Wet,FAIL,77.56899055918664,-72.56899055918664,6.8,0.9904756343438329,FAIL
120,5,Good,Clear,0.25,Wet,FAIL,106.69934640522878,-101.69934640522878,6.8,0.9904756343438329,FAIL
100,10,Good,Clear,0.25,Wet,FAIL,77.56899055918664,-67.56899055918664,6.8,0.9904756343438329,FAIL
120,5,Good,Fog,0.25,Wet,FAIL,121.11687812379856,-116.11687812379856,5.779999999999999,0.9903558842673146,FAIL
100,5,Good,Fog,0.25,Wet,FAIL,87.581165363749,-82.581165363749,5.779999999999999,0.9903558842673146,FAIL
80,10,Good,Clear,0.25,Wet,FAIL,52.977487291212775,-42.977487291212775,6.8,0.9903529069751965,FAIL
80,5,Good,Clear,0.25,Wet,FAIL,52.977487291212775,-47.977487291212775,6.8,0.9903529069751965,FAIL
120,10,Good,Fog,0.25,Wet,FAIL,121.11687812379856,-111.11687812379856,5.779999999999999,0.9903420586995662,FAIL
100,10,Good,Fog,0.25,Wet,FAIL,87.581165363749,-77.581165363749,5.779999999999999,0.9903420586995662,FAIL
120,5,Good,Rain,0.1,Dry,FAIL,97.16049382716052,-92.16049382716052,7.2,0.990332911743337,FAIL
100,5,Good,Rain,0.1,Dry,FAIL,70.25034293552812,-65.25034293552812,7.2,0.990332911743337,FAIL
100,10,Poor,Clear,0.05,Wet,FAIL,77.56899055918664,-67.56899055918664,6.8,0.9903090567135024,FAIL
120,10,Poor,Clear,0.05,Wet,FAIL,106.69934640522878,-96.69934640522878,6.8,0.9903090567135024,FAIL
120,5,Poor,Clear,0.05,Wet,FAIL,106.69934640522878,-101.69934640522878,6.8,0.9903090567135024,FAIL
100,5,Poor,Clear,0.05,Wet,FAIL,77.56899055918664,-72.56899055918664,6.8,0.9903090567135024,FAIL
60,15,Moderate,Rain,0.1,Slippery,FAIL,39.22398589065256,-24.223985890652564,5.04,0.9903063122734338,FAIL
100,5,Good,Rain,0.15,Dry,FAIL,71.63923182441701,-66.63923182441701,7.2,0.9902844891850213,FAIL
120,5,Good,Rain,0.15,Dry,FAIL,98.82716049382718,-93.82716049382718,7.2,0.9902844891850213,FAIL
80,10,Poor,Clear,0.05,Wet,FAIL,52.977487291212775,-42.977487291212775,6.8,0.9902824501749112,FAIL
80,5,Poor,Clear,0.05,Wet,FAIL,52.977487291212775,-47.977487291212775,6.8,0.9902824501749112,FAIL
60,5,Good,Fog,0.1,Slippery,FAIL,39.17833800186742,-34.17833800186742,4.76,0.9902810728393885,FAIL
60,10,Good,Fog,0.1,Slippery,FAIL,39.17833800186742,-29.178338001867417,4.76,0.9902810728393885,FAIL
120,10,Good,Rain,0.1,Dry,FAIL,97.16049382716052,-87.16049382716051,7.2,0.9902788184313496,FAIL
100,15,Moderate,Clear,0.0,Slippery,FAIL,85.5599647266314,-70.5599647266314,5.6,0.9902784471565654,FAIL
80,15,Moderate,Clear,0.0,Slippery,FAIL,57.42504409171076,-42.42504409171076,5.6,0.9902784471565654,FAIL
120,15,Moderate,Clear,0.0,Slippery,FAIL,119.20634920634924,-104.20634920634924,5.6,0.9902784471565654,FAIL
100,15,Poor,Fog,0.05,Wet,FAIL,87.581165363749,-72.581165363749,5.779999999999999,0.9902722513986724,FAIL
100,5,Moderate,Rain,0.1,Dry,FAIL,73.0281207133059,-68.0281207133059,7.2,0.9902602792644497,FAIL
120,5,Moderate,Rain,0.1,Dry,FAIL,100.49382716049384,-95.49382716049384,7.2,0.9902602792644497,FAIL
80,5,Moderate,Rain,0.15,Dry,FAIL,50.96021947873799,-45.96021947873799,7.2,0.9902509255335683,FAIL
100,5,Moderate,Clear,0.15,Dry,FAIL,69.05864197530865,-64.05864197530865,8.0,0.9902405236476127,FAIL
120,5,Moderate,Clear,0.15,Dry,FAIL,94.44444444444446,-89.44444444444446,8.0,0.9902405236476127,FAIL
120,10,Moderate,Rain,0.1,Dry,FAIL,100.49382716049384,-90.49382716049384,7.2,0.9902299887721437,FAIL
100,10,Moderate,Rain,0.1,Dry,FAIL,73.0281207133059,-63.028120713305896,7.2,0.9902299887721437,FAIL
100,10,Good,Rain,0.15,Dry,FAIL,71.63923182441701,-61.63923182441701,7.2,0.9902290921158474,FAIL
120,10,Good,Rain,0.15,Dry,FAIL,98.82716049382718,-88.82716049382718,7.2,0.9902290921158474,FAIL
120,10,Moderate,Clear,0.15,Dry,FAIL,94.44444444444446,-84.44444444444446,8.0,0.9902280700487374,FAIL
100,10,Moderate,Clear,0.15,Dry,FAIL,69.05864197530865,-59.058641975308646,8.0,0.9902280700487374,FAIL
80,10,Moderate,Rain,0.15,Dry,FAIL,50.96021947873799,-40.96021947873799,7.2,0.9902231599567918,FAIL
120,15,Moderate,Fog,0.1,Wet,FAIL,119.4502114571319,-104.4502114571319,5.779999999999999,0.9902068844403015,FAIL
100,15,Moderate,Fog,0.1,Wet,FAIL,86.19227647486011,-71.19227647486011,5.779999999999999,0.9902068844403015,FAIL
100,10,Poor,Rain,0.05,Wet,FAIL,83.87295247317034,-73.87295247317034,6.12,0.9901973216080411,FAIL
80,5,Poor,Rain,0.05,Wet,FAIL,57.01202291616234,-52.01202291616234,6.12,0.9901973216080411,FAIL
120,5,Poor,Rain,0.05,Wet,FAIL,115.7770515613653,-110.7770515613653,6.12,0.9901973216080411,FAIL
120,10,Poor,Rain,0.05,Wet,FAIL,115.7770515613653,-105.7770515613653,6.12,0.9901973216080411,FAIL
80,10,Poor,Rain,0.05,Wet,FAIL,57.01202291616234,-47.01202291616234,6.12,0.9901973216080411,FAIL
100,5,Poor,Rain,0.05,Wet,FAIL,83.87295247317034,-78.87295247317034,6.12,0.9901973216080411,FAIL
60,15,Moderate,Clear,0.1,Slippery,FAIL,36.468253968253975,-21.46825396825397,5.6,0.9901921324553765,FAIL
60,15,Poor,Clear,0.25,Slippery,FAIL,40.63492063492064,-25.63492063492064,5.6,0.9901837847539954,FAIL
80,15,Poor,Fog,0.05,Wet,FAIL,59.38527916613268,-44.38527916613268,5.779999999999999,0.9901595375068549,FAIL
100,15,Good,Clear,0.15,Slippery,FAIL,86.94885361552029,-71.94885361552029,5.6,0.9901491461424105,FAIL
120,15,Good,Clear,0.15,Slippery,FAIL,120.8730158730159,-105.8730158730159,5.6,0.9901491461424105,FAIL
80,15,Moderate,Fog,0.1,Wet,FAIL,58.274168055021576,-43.274168055021576,5.779999999999999,0.9901474183462853,FAIL
60,5,Poor,Fog,0.1,Wet,FAIL,37.362552864282975,-32.362552864282975,5.779999999999999,0.9901401928018887,FAIL
60,10,Poor,Fog,0.1,Wet,FAIL,37.362552864282975,-27.36255286428297,5.779999999999999,0.9901401928018887,FAIL
60,5,Moderate,Rain,0.05,Slippery,FAIL,38.39065255731923,-33.39065255731923,5.04,0.9901347051789214,FAIL
60,10,Moderate,Rain,0.05,Slippery,FAIL,38.39065255731923,-28.39065255731923,5.04,0.9901347051789214,FAIL
100,15,Good,Rain,0.05,Wet,FAIL,78.31739691761479,-63.31739691761479,6.12,0.9901267764018172,FAIL
120,15,Good,Rain,0.05,Wet,FAIL,109.11038489469864,-94.11038489469864,6.12,0.9901267764018172,FAIL
100,10,Poor,Clear,0.0,Dry,FAIL,67.66975308641975,-57.66975308641975,8.0,0.9901150236818553,FAIL
120,10,Poor,Clear,0.0,Dry,FAIL,92.7777777777778,-82.77777777777779,8.0,0.9901150236818553,FAIL
100,5,Poor,Clear,0.0,Dry,FAIL,67.66975308641975,-62.66975308641975,8.0,0.9901150236818553,FAIL
120,5,Poor,Clear,0.0,Dry,FAIL,92.7777777777778,-87.77777777777779,8.0,0.9901150236818553,FAIL
100,15,Moderate,Clear,0.25,Wet,FAIL,80.34676833696442,-65.34676833696442,6.8,0.9901010782649033,FAIL
80,5,Moderate,Rain,0.25,Wet,FAIL,59.234245138384566,-54.234245138384566,6.12,0.9900923786390589,FAIL
120,5,Moderate,Rain,0.25,Wet,FAIL,119.11038489469864,-114.11038489469864,6.12,0.9900923786390589,FAIL
100,5,Moderate,Rain,0.25,Wet,FAIL,86.65073025094811,-81.65073025094811,6.12,0.9900923786390589,FAIL
80,15,Good,Clear,0.15,Slippery,FAIL,58.53615520282187,-43.53615520282187,5.6,0.9900794064451022,FAIL
100,10,Moderate,Rain,0.25,Wet,FAIL,86.65073025094811,-76.65073025094811,6.12,0.9900666127676189,FAIL
80,10,Moderate,Rain,0.25,Wet,FAIL,59.234245138384566,-49.234245138384566,6.12,0.9900666127676189,FAIL
60,10,Moderate,Rain,0.25,Slippery,FAIL,41.72398589065256,-31.723985890652564,5.04,0.990059771500032,FAIL
60,5,Moderate,Rain,0.25,Slippery,FAIL,41.72398589065256,-36.72398589065256,5.04,0.990059771500032,FAIL
80,5,Good,Fog,0.25,Dry,FAIL,52.977487291212775,-47.977487291212775,6.8,0.9900449422973043,FAIL
120,15,Poor,Rain,0.05,Dry,FAIL,102.16049382716052,-87.16049382716051,7.2,0.9900431488439567,FAIL
100,15,Poor,Rain,0.05,Dry,FAIL,74.41700960219478,-59.41700960219478,7.2,0.9900431488439567,FAIL
60,5,Moderate,Fog,0.25,Wet,FAIL,38.19588619761631,-33.19588619761631,5.779999999999999,0.9900220581256154,FAIL
80,15,Moderate,Clear,0.25,Wet,FAIL,55.199709513435,-40.199709513435,6.8,0.9900179201203875,FAIL
80,10,Good,Fog,0.25,Dry,FAIL,52.977487291212775,-42.977487291212775,6.8,0.9900010963645478,FAIL
80,5,Good,Fog,0.25,Wet,FAIL,59.38527916613268,-54.38527916613268,5.779999999999999,0.9899920672143023,FAIL
60,10,Moderate,Fog,0.25,Wet,FAIL,38.19588619761631,-28.19588619761631,5.779999999999999,0.9899899019911655,FAIL
100,15,Poor,Fog,0.0,Wet,FAIL,86.19227647486011,-71.19227647486011,5.779999999999999,0.9899871903776394,FAIL
120,15,Poor,Fog,0.0,Wet,FAIL,119.4502114571319,-104.4502114571319,5.779999999999999,0.9899871903776394,FAIL
80,10,Good,Fog,0.25,Wet,FAIL,59.38527916613268,-49.38527916613268,5.779999999999999,0.9899782416465541,FAIL
80,5,Moderate,Clear,0.15,Dry,FAIL,47.53086419753086,-42.53086419753086,8.0,0.9899672678600624,FAIL
100,15,Good,Fog,0.15,Wet,FAIL,84.80338758597122,-69.80338758597122,5.779999999999999,0.9899633086483324,FAIL
120,15,Good,Fog,0.15,Wet,FAIL,117.78354479046524,-102.78354479046524,5.779999999999999,0.9899633086483324,FAIL
80,10,Moderate,Clear,0.15,Dry,FAIL,47.53086419753086,-37.53086419753086,8.0,0.989954397803175,FAIL
60,10,Good,Fog,0.05,Slippery,FAIL,38.34500466853409,-28.345004668534088,4.76,0.989953679126122,FAIL
120,5,Moderate,Rain,0.05,Wet,FAIL,112.44371822803195,-107.44371822803195,6.12,0.9899515468074306,FAIL
100,5,Moderate,Rain,0.05,Wet,FAIL,81.09517469539256,-76.09517469539256,6.12,0.9899515468074306,FAIL
60,5,Good,Rain,0.15,Slippery,FAIL,38.39065255731923,-33.39065255731923,5.04,0.9899436012510833,FAIL
60,10,Good,Rain,0.15,Slippery,FAIL,38.39065255731923,-28.39065255731923,5.04,0.9899436012510833,FAIL
60,5,Moderate,Clear,0.0,Slippery,FAIL,34.801587301587304,-29.801587301587304,5.6,0.989937823047447,FAIL
60,10,Moderate,Clear,0.0,Slippery,FAIL,34.801587301587304,-24.801587301587304,5.6,0.989937823047447,FAIL
80,15,Good,Rain,0.05,Wet,FAIL,52.5675784717179,-37.5675784717179,6.12,0.9899282499350791,FAIL
100,10,Moderate,Rain,0.05,Wet,FAIL,81.09517469539256,-71.09517469539256,6.12,0.9899212786337431,FAIL
120,10,Moderate,Rain,0.05,Wet,FAIL,112.44371822803195,-102.44371822803195,6.12,0.9899212786337431,FAIL
100,15,Moderate,Rain,0.1,Wet,FAIL,82.48406358428144,-67.48406358428144,6.12,0.9898910735749993,FAIL
120,15,Moderate,Rain,0.1,Wet,FAIL,114.11038489469864,-99.11038489469864,6.12,0.9898910735749993,FAIL
120,15,Poor,Clear,0.25,Dry,FAIL,101.11111111111111,-86.11111111111113,8.0,0.9898896432356942,FAIL
120,5,Good,Fog,0.1,Dry,FAIL,101.69934640522878,-96.69934640522878,6.8,0.9898882442326882,FAIL
60,15,Poor,Clear,0.05,Slippery,FAIL,37.3015873015873,-22.301587301587304,5.6,0.9898815481933572,FAIL
80,15,Poor,Fog,0.0,Wet,FAIL,58.274168055021576,-43.274168055021576,5.779999999999999,0.9898762770080726,FAIL
60,15,Poor,Fog,0.1,Wet,FAIL,37.362552864282975,-22.36255286428297,5.779999999999999,0.9898649089613223,FAIL
120,10,Good,Clear,0.0,Slippery,FAIL,115.8730158730159,-105.8730158730159,5.6,0.9898563371739275,FAIL
100,10,Good,Clear,0.0,Slippery,FAIL,82.78218694885362,-72.78218694885362,5.6,0.9898563371739275,FAIL
100,5,Good,Clear,0.0,Slippery,FAIL,82.78218694885362,-77.78218694885362,5.6,0.9898563371739275,FAIL
120,5,Good,Clear,0.0,Slippery,FAIL,115.8730158730159,-110.8730158730159,5.6,0.9898563371739275,FAIL
100,15,Poor,Clear,0.25,Dry,FAIL,74.6141975308642,-59.6141975308642,8.0,0.9898549900284734,FAIL
120,10,Good,Fog,0.1,Dry,FAIL,101.69934640522878,-91.69934640522878,6.8,0.9898427380533622,FAIL
100,10,Good,Fog,0.1,Dry,FAIL,73.40232389251997,-63.40232389251997,6.8,0.9898427380533622,FAIL
100,5,Good,Fog,0.1,Wet,FAIL,83.41449869708234,-78.41449869708234,5.779999999999999,0.9898291603536651,FAIL
120,5,Good,Fog,0.1,Wet,FAIL,116.11687812379856,-111.11687812379856,5.779999999999999,0.9898291603536651,FAIL
80,5,Moderate,Rain,0.05,Wet,FAIL,54.78980069394012,-49.78980069394012,6.12,0.9898186747448021,FAIL
100,10,Good,Fog,0.1,Wet,FAIL,83.41449869708234,-73.41449869708234,5.779999999999999,0.9898144079322693,FAIL
120,10,Good,Fog,0.1,Wet,FAIL,116.11687812379856,-106.11687812379856,5.779999999999999,0.9898144079322693,FAIL
80,10,Good,Clear,0.0,Slippery,FAIL,55.20282186948853,-45.20282186948853,5.6,0.9898025908678937,FAIL
80,5,Good,Clear,0.0,Slippery,FAIL,55.20282186948853,-50.20282186948853,5.6,0.9898025908678937,FAIL
100,5,Moderate,Fog,0.0,Wet,FAIL,83.41449869708234,-78.41449869708234,5.779999999999999,0.9897915914882554,FAIL
120,5,Moderate,Fog,0.0,Wet,FAIL,116.11687812379856,-111.11687812379856,5.779999999999999,0.9897915914882554,FAIL
80,10,Moderate,Rain,0.05,Wet,FAIL,54.78980069394012,-44.78980069394012,6.12,0.9897884065711147,FAIL
60,15,Moderate,Clear,0.25,Slippery,FAIL,38.968253968253975,-23.96825396825397,5.6,0.9897634878740812,FAIL
120,10,Moderate,Fog,0.0,Wet,FAIL,116.11687812379856,-106.11687812379856,5.779999999999999,0.9897575063798245,FAIL
100,10,Moderate,Fog,0.0,Wet,FAIL,83.41449869708234,-73.41449869708234,5.779999999999999,0.9897575063798245,FAIL
80,15,Moderate,Rain,0.1,Wet,FAIL,55.90091180505124,-40.90091180505124,6.12,0.9897160414952481,FAIL
60,10,Good,Rain,0.1,Slippery,FAIL,37.5573192239859,-27.5573192239859,5.04,0.9897064674165573,FAIL
60,5,Good,Rain,0.1,Slippery,FAIL,37.5573192239859,-32.5573192239859,5.04,0.9897064674165573,FAIL
100,15,Moderate,Clear,0.1,Wet,FAIL,76.18010167029774,-61.18010167029775,6.8,0.9896759122965848,FAIL
120,15,Moderate,Clear,0.1,Wet,FAIL,105.03267973856212,-90.03267973856211,6.8,0.9896759122965848,FAIL
60,15,Moderate,Fog,0.15,Wet,FAIL,36.529219530949646,-21.529219530949646,5.779999999999999,0.9896756143997092,FAIL
80,5,Moderate,Fog,0.0,Wet,FAIL,56.05194583279935,-51.05194583279935,5.779999999999999,0.9896668699183641,FAIL
120,15,Good,Rain,0.0,Slippery,FAIL,126.89594356261026,-111.89594356261026,5.04,0.9896541300043811,FAIL
100,15,Good,Rain,0.0,Slippery,FAIL,90.43699784440524,-75.43699784440525,5.04,0.9896541300043811,FAIL
80,10,Moderate,Fog,0.0,Wet,FAIL,56.05194583279935,-46.05194583279935,5.779999999999999,0.9896327848099331,FAIL
80,15,Good,Rain,0.0,Slippery,FAIL,60.101900842641584,-45.101900842641584,5.04,0.9896287226802502,FAIL
100,15,Poor,Fog,0.1,Dry,FAIL,78.95787944807553,-63.95787944807553,6.8,0.9896155432819531,FAIL
120,15,Poor,Fog,0.1,Dry,FAIL,108.36601307189544,-93.36601307189544,6.8,0.9896155432819531,FAIL
80,15,Good,Fog,0.15,Wet,FAIL,57.16305694391046,-42.16305694391046,5.779999999999999,0.9895809682548926,FAIL
80,10,Poor,Rain,0.0,Wet,FAIL,55.90091180505124,-45.90091180505124,6.12,0.9895779173019503,FAIL
120,10,Poor,Rain,0.0,Wet,FAIL,114.11038489469864,-104.11038489469864,6.12,0.9895779173019503,FAIL
80,5,Poor,Rain,0.0,Wet,FAIL,55.90091180505124,-50.90091180505124,6.12,0.9895779173019503,FAIL
100,10,Poor,Rain,0.0,Wet,FAIL,82.48406358428144,-72.48406358428144,6.12,0.9895779173019503,FAIL
100,5,Poor,Rain,0.0,Wet,FAIL,82.48406358428144,-77.48406358428144,6.12,0.9895779173019503,FAIL
120,5,Poor,Rain,0.0,Wet,FAIL,114.11038489469864,-109.11038489469864,6.12,0.9895779173019503,FAIL
60,15,Moderate,Rain,0.25,Slippery,FAIL,41.72398589065256,-26.723985890652564,5.04,0.9895763707366368,FAIL
120,5,Moderate,Clear,0.25,Dry,FAIL,97.7777777777778,-92.7777777777778,8.0,0.989567467648494,FAIL
100,5,Moderate,Clear,0.25,Dry,FAIL,71.83641975308642,-66.83641975308642,8.0,0.989567467648494,FAIL
60,10,Good,Clear,0.25,Slippery,FAIL,37.3015873015873,-27.301587301587304,5.6,0.9895615793594912,FAIL
60,5,Good,Clear,0.25,Slippery,FAIL,37.3015873015873,-32.301587301587304,5.6,0.9895615793594912,FAIL
100,10,Moderate,Clear,0.25,Dry,FAIL,71.83641975308642,-61.83641975308642,8.0,0.9895550434047549,FAIL
120,5,Moderate,Rain,0.05,Dry,FAIL,98.82716049382718,-93.82716049382718,7.2,0.9895540241940118,FAIL
100,5,Moderate,Rain,0.05,Dry,FAIL,71.63923182441701,-66.63923182441701,7.2,0.9895540241940118,FAIL
60,10,Poor,Fog,0.0,Wet,FAIL,35.69588619761631,-25.69588619761631,5.779999999999999,0.9895399319185788,FAIL
60,5,Poor,Fog,0.0,Wet,FAIL,35.69588619761631,-30.69588619761631,5.779999999999999,0.9895399319185788,FAIL
60,5,Good,Clear,0.1,Slippery,FAIL,34.801587301587304,-29.801587301587304,5.6,0.9895345147959768,FAIL
80,15,Moderate,Clear,0.1,Wet,FAIL,51.86637618010167,-36.86637618010167,6.8,0.9895294082224148,FAIL
80,10,Poor,Clear,0.0,Dry,FAIL,46.41975308641975,-36.41975308641975,8.0,0.9895214241043802,FAIL
80,5,Poor,Clear,0.0,Dry,FAIL,46.41975308641975,-41.41975308641975,8.0,0.9895214241043802,FAIL
120,10,Moderate,Rain,0.05,Dry,FAIL,98.82716049382718,-88.82716049382718,7.2,0.989520728497191,FAIL
100,10,Moderate,Rain,0.05,Dry,FAIL,71.63923182441701,-61.63923182441701,7.2,0.989520728497191,FAIL
80,5,Good,Rain,0.15,Dry,FAIL,48.73799725651577,-43.73799725651577,7.2,0.9895099511834443,FAIL
120,5,Moderate,Rain,0.25,Dry,FAIL,105.49382716049384,-100.49382716049384,7.2,0.9895041756534209,FAIL
100,5,Moderate,Rain,0.25,Dry,FAIL,77.19478737997257,-72.19478737997257,7.2,0.9895041756534209,FAIL
100,15,Good,Fog,0.0,Slippery,FAIL,94.93982778296504,-79.93982778296504,4.76,0.9894991987173792,FAIL
120,15,Good,Fog,0.0,Slippery,FAIL,133.38001867413635,-118.38001867413637,4.76,0.9894991987173792,FAIL
100,15,Good,Clear,0.15,Wet,FAIL,74.79121278140886,-59.79121278140886,6.8,0.9894792933453769,FAIL
120,15,Good,Clear,0.15,Wet,FAIL,103.36601307189544,-88.36601307189545,6.8,0.9894792933453769,FAIL
120,10,Moderate,Rain,0.25,Dry,FAIL,105.49382716049384,-95.49382716049384,7.2,0.9894766311243263,FAIL
100,10,Moderate,Rain,0.25,Dry,FAIL,77.19478737997257,-67.19478737997257,7.2,0.9894766311243263,FAIL
80,5,Good,Fog,0.1,Wet,FAIL,56.05194583279935,-51.05194583279935,5.779999999999999,0.989461644696674,FAIL
120,15,Poor,Clear,0.15,Dry,FAIL,97.7777777777778,-82.7777777777778,8.0,0.9894561621721885,FAIL
60,15,Good,Fog,0.15,Slippery,FAIL,40.01167133520075,-25.011671335200752,4.76,0.9894543996787775,FAIL
80,10,Good,Rain,0.15,Dry,FAIL,48.73799725651577,-38.73799725651577,7.2,0.9894494726481362,FAIL
80,10,Good,Fog,0.1,Wet,FAIL,56.05194583279935,-46.05194583279935,5.779999999999999,0.9894468922752784,FAIL
60,15,Moderate,Fog,0.0,Slippery,FAIL,39.17833800186742,-24.178338001867417,4.76,0.9894462560258793,FAIL
80,15,Poor,Rain,0.05,Dry,FAIL,50.96021947873799,-35.96021947873799,7.2,0.9894219625124654,FAIL
100,15,Poor,Clear,0.15,Dry,FAIL,71.83641975308643,-56.83641975308643,8.0,0.9894173645012809,FAIL
80,15,Good,Fog,0.0,Slippery,FAIL,62.98371200331985,-47.98371200331985,4.76,0.9893865473288816,FAIL
80,5,Moderate,Rain,0.1,Dry,FAIL,49.84910836762688,-44.84910836762688,7.2,0.9893281681139889,FAIL
120,15,Moderate,Fog,0.15,Dry,FAIL,106.69934640522878,-91.69934640522878,6.8,0.9893276839093967,FAIL
100,15,Moderate,Fog,0.15,Dry,FAIL,77.56899055918664,-62.568990559186645,6.8,0.9893276839093967,FAIL
120,15,Moderate,Rain,0.25,Wet,FAIL,119.11038489469864,-104.11038489469864,6.12,0.9893253726778006,FAIL
100,15,Moderate,Rain,0.25,Wet,FAIL,86.65073025094811,-71.65073025094811,6.12,0.9893253726778006,FAIL
80,15,Moderate,Rain,0.25,Wet,FAIL,59.234245138384566,-44.234245138384566,6.12,0.9893253726778006,FAIL
80,15,Good,Clear,0.15,Wet,FAIL,50.75526506899055,-35.75526506899055,6.8,0.9893208598452656,FAIL
80,10,Moderate,Rain,0.1,Dry,FAIL,49.84910836762688,-39.84910836762688,7.2,0.9892959920615659,FAIL
80,5,Moderate,Clear,0.25,Dry,FAIL,49.75308641975309,-44.75308641975309,8.0,0.989288169963141,FAIL
80,10,Moderate,Clear,0.25,Dry,FAIL,49.75308641975309,-39.75308641975309,8.0,0.9892753302215305,FAIL
100,5,Moderate,Fog,0.1,Dry,FAIL,76.18010167029774,-71.18010167029774,6.8,0.9892144406496645,FAIL
120,5,Moderate,Fog,0.1,Dry,FAIL,105.03267973856212,-100.03267973856212,6.8,0.9892144406496645,FAIL
120,15,Poor,Rain,0.05,Wet,FAIL,115.7770515613653,-100.7770515613653,6.12,0.9892031612755634,FAIL
100,15,Poor,Rain,0.05,Wet,FAIL,83.87295247317034,-68.87295247317034,6.12,0.9892031612755634,FAIL
60,5,Poor,Fog,0.05,Wet,FAIL,36.529219530949646,-31.529219530949646,5.779999999999999,0.9891823570581886,FAIL
60,10,Poor,Fog,0.05,Wet,FAIL,36.529219530949646,-26.529219530949646,5.779999999999999,0.9891823570581886,FAIL
100,5,Moderate,Clear,0.0,Wet,FAIL,73.40232389251997,-68.40232389251997,6.8,0.9891779239737628,FAIL
120,5,Moderate,Clear,0.0,Wet,FAIL,101.69934640522878,-96.69934640522878,6.8,0.9891779239737628,FAIL
120,10,Moderate,Fog,0.1,Dry,FAIL,105.03267973856212,-95.03267973856212,6.8,0.9891703426360051,FAIL
100,10,Moderate,Fog,0.1,Dry,FAIL,76.18010167029774,-66.18010167029774,6.8,0.9891703426360051,FAIL
120,10,Moderate,Clear,0.0,Wet,FAIL,101.69934640522878,-91.69934640522878,6.8,0.9891628576522029,FAIL
100,10,Moderate,Clear,0.0,Wet,FAIL,73.40232389251997,-63.40232389251997,6.8,0.9891628576522029,FAIL
80,5,Good,Rain,0.1,Dry,FAIL,47.626886145404654,-42.626886145404654,7.2,0.9891617036407123,FAIL
80,15,Poor,Rain,0.05,Wet,FAIL,57.01202291616234,-42.01202291616234,6.12,0.9891450942570927,FAIL
120,15,Good,Fog,0.25,Wet,FAIL,121.11687812379856,-106.11687812379856,5.779999999999999,0.9891320095369387,FAIL
100,15,Good,Fog,0.25,Wet,FAIL,87.581165363749,-72.581165363749,5.779999999999999,0.9891320095369387,FAIL
100,10,Poor,Clear,0.0,Wet,FAIL,76.18010167029774,-66.18010167029774,6.8,0.9891301421013899,FAIL
100,5,Poor,Clear,0.0,Wet,FAIL,76.18010167029774,-71.18010167029774,6.8,0.9891301421013899,FAIL
120,10,Poor,Clear,0.0,Wet,FAIL,105.03267973856212,-95.03267973856212,6.8,0.9891301421013899,FAIL
120,5,Poor,Clear,0.0,Wet,FAIL,105.03267973856212,-100.03267973856212,6.8,0.9891301421013899,FAIL
60,5,Good,Rain,0.25,Slippery,FAIL,40.0573192239859,-35.0573192239859,5.04,0.9891257552979104,FAIL
60,10,Good,Rain,0.25,Slippery,FAIL,40.0573192239859,-30.0573192239859,5.04,0.9891257552979104,FAIL
80,5,Poor,Clear,0.0,Wet,FAIL,51.86637618010167,-46.86637618010167,6.8,0.9891023710083703,FAIL
80,10,Poor,Clear,0.0,Wet,FAIL,51.86637618010167,-41.86637618010167,6.8,0.9891023710083703,FAIL
80,10,Good,Rain,0.1,Dry,FAIL,47.626886145404654,-37.626886145404654,7.2,0.9890999443198876,FAIL
80,5,Moderate,Clear,0.0,Wet,FAIL,49.64415395787944,-44.64415395787944,6.8,0.9890293974034836,FAIL
80,10,Moderate,Clear,0.0,Wet,FAIL,49.64415395787944,-39.64415395787944,6.8,0.9890143310819237,FAIL
60,15,Poor,Clear,0.0,Slippery,FAIL,36.468253968253975,-21.46825396825397,5.6,0.9890032440591605,FAIL
80,15,Poor,Clear,0.15,Dry,FAIL,49.75308641975309,-34.75308641975309,8.0,0.9890015186134047,FAIL
80,5,Moderate,Rain,0.25,Dry,FAIL,53.18244170096021,-48.18244170096021,7.2,0.9889529179116148,FAIL
100,5,Good,Rain,0.25,Dry,FAIL,74.41700960219478,-69.41700960219478,7.2,0.988947030841571,FAIL
120,5,Good,Rain,0.25,Dry,FAIL,102.16049382716052,-97.16049382716052,7.2,0.988947030841571,FAIL
80,15,Moderate,Fog,0.15,Dry,FAIL,52.977487291212775,-37.977487291212775,6.8,0.988943259559027,FAIL
80,10,Moderate,Rain,0.25,Dry,FAIL,53.18244170096021,-43.18244170096021,7.2,0.9889244050333732,FAIL
80,15,Poor,Fog,0.1,Dry,FAIL,54.08859840232389,-39.08859840232389,6.8,0.988909034372854,FAIL
120,15,Moderate,Fog,0.05,Wet,FAIL,117.78354479046524,-102.78354479046524,5.779999999999999,0.9888953578442724,FAIL
100,15,Moderate,Fog,0.05,Wet,FAIL,84.80338758597122,-69.80338758597122,5.779999999999999,0.9888953578442724,FAIL
100,10,Good,Rain,0.25,Dry,FAIL,74.41700960219478,-64.41700960219478,7.2,0.9888836244431888,FAIL
120,10,Good,Rain,0.25,Dry,FAIL,102.16049382716052,-92.16049382716052,7.2,0.9888836244431888,FAIL
100,15,Good,Clear,0.25,Slippery,FAIL,89.72663139329808,-74.72663139329808,5.6,0.9888713901913334,FAIL
120,15,Good,Clear,0.25,Slippery,FAIL,124.20634920634924,-109.20634920634924,5.6,0.9888713901913334,FAIL
100,5,Good,Rain,0.05,Dry,FAIL,68.86145404663924,-63.86145404663924,7.2,0.9888264154803679,FAIL
60,15,Moderate,Fog,0.25,Wet,FAIL,38.19588619761631,-23.19588619761631,5.779999999999999,0.9888128395299292,FAIL
100,5,Good,Clear,0.15,Dry,FAIL,66.28086419753086,-61.28086419753086,8.0,0.9888076446458101,FAIL
120,10,Good,Clear,0.15,Dry,FAIL,91.11111111111111,-81.11111111111113,8.0,0.9888076446458101,FAIL
100,10,Good,Clear,0.15,Dry,FAIL,66.28086419753086,-56.28086419753086,8.0,0.9888076446458101,FAIL
120,5,Good,Clear,0.15,Dry,FAIL,91.11111111111111,-86.11111111111113,8.0,0.9888076446458101,FAIL
80,15,Good,Clear,0.25,Slippery,FAIL,60.75837742504409,-45.75837742504409,5.6,0.9887847122178025,FAIL
100,10,Good,Rain,0.05,Dry,FAIL,68.86145404663924,-58.86145404663924,7.2,0.988763474093892,FAIL
120,10,Good,Rain,0.05,Dry,FAIL,95.49382716049384,-85.49382716049385,7.2,0.988763474093892,FAIL
100,5,Good,Fog,0.05,Wet,FAIL,82.02560980819345,-77.02560980819345,5.779999999999999,0.9887611452960356,FAIL
120,5,Good,Fog,0.05,Wet,FAIL,114.4502114571319,-109.4502114571319,5.779999999999999,0.9887611452960356,FAIL
60,10,Moderate,Rain,0.0,Slippery,FAIL,37.5573192239859,-27.5573192239859,5.04,0.9887577212319487,FAIL
60,5,Moderate,Rain,0.0,Slippery,FAIL,37.5573192239859,-32.5573192239859,5.04,0.9887577212319487,FAIL
120,10,Good,Fog,0.05,Wet,FAIL,114.4502114571319,-104.4502114571319,5.779999999999999,0.9887449765329304,FAIL
100,10,Good,Fog,0.05,Wet,FAIL,82.02560980819345,-72.02560980819345,5.779999999999999,0.9887449765329304,FAIL
80,15,Moderate,Fog,0.05,Wet,FAIL,57.16305694391046,-42.16305694391046,5.779999999999999,0.9887436522783034,FAIL
80,15,Good,Fog,0.25,Wet,FAIL,59.38527916613268,-44.38527916613268,5.779999999999999,0.9887151934748459,FAIL
60,5,Good,Fog,0.0,Slippery,FAIL,37.51167133520075,-32.51167133520075,4.76,0.9886813643828413,FAIL
60,10,Good,Fog,0.0,Slippery,FAIL,37.51167133520075,-27.511671335200752,4.76,0.9886813643828413,FAIL
100,15,Good,Clear,0.1,Slippery,FAIL,85.5599647266314,-70.5599647266314,5.6,0.9886391739922583,FAIL
120,15,Good,Clear,0.1,Slippery,FAIL,119.20634920634924,-104.20634920634924,5.6,0.9886391739922583,FAIL
60,10,Good,Rain,0.05,Slippery,FAIL,36.72398589065256,-26.723985890652564,5.04,0.9886105814938043,FAIL
60,5,Good,Rain,0.05,Slippery,FAIL,36.72398589065256,-31.723985890652564,5.04,0.9886105814938043,FAIL
80,15,Good,Clear,0.1,Slippery,FAIL,57.42504409171076,-42.42504409171076,5.6,0.9885675022037358,FAIL
80,5,Moderate,Rain,0.05,Dry,FAIL,48.73799725651577,-43.73799725651577,7.2,0.9885163673913043,FAIL
120,15,Poor,Clear,0.1,Dry,FAIL,96.11111111111111,-81.11111111111113,8.0,0.9885098144881692,FAIL
80,10,Moderate,Rain,0.05,Dry,FAIL,48.73799725651577,-38.73799725651577,7.2,0.9884805178273334,FAIL
100,15,Poor,Clear,0.1,Dry,FAIL,70.44753086419753,-55.44753086419753,8.0,0.9884730182446461,FAIL
60,10,Poor,Fog,0.25,Dry,FAIL,36.25816993464053,-26.258169934640527,6.8,0.9884622764591295,FAIL
120,5,Good,Clear,0.05,Wet,FAIL,100.03267973856212,-95.03267973856212,6.8,0.9884568937738099,FAIL
100,5,Good,Clear,0.05,Wet,FAIL,72.01343500363109,-67.01343500363109,6.8,0.9884568937738099,FAIL
120,10,Good,Clear,0.05,Wet,FAIL,100.03267973856212,-90.03267973856211,6.8,0.9884568937738099,FAIL
100,10,Good,Clear,0.05,Wet,FAIL,72.01343500363109,-62.01343500363109,6.8,0.9884568937738099,FAIL
60,5,Moderate,Fog,0.1,Wet,FAIL,35.69588619761631,-30.69588619761631,5.779999999999999,0.9884348608395424,FAIL
60,10,Moderate,Fog,0.1,Wet,FAIL,35.69588619761631,-25.69588619761631,5.779999999999999,0.9883975605391904,FAIL
100,5,Good,Fog,0.0,Wet,FAIL,80.63672091930455,-75.63672091930455,5.779999999999999,0.9883975352695739,FAIL
120,5,Good,Fog,0.0,Wet,FAIL,112.78354479046524,-107.78354479046524,5.779999999999999,0.9883975352695739,FAIL
60,15,Moderate,Rain,0.05,Slippery,FAIL,38.39065255731923,-23.39065255731923,5.04,0.9883970692270481,FAIL
120,10,Good,Fog,0.0,Wet,FAIL,112.78354479046524,-102.78354479046524,5.779999999999999,0.9883812486257891,FAIL
100,10,Good,Fog,0.0,Wet,FAIL,80.63672091930455,-70.63672091930455,5.779999999999999,0.9883812486257891,FAIL
120,10,Good,Fog,0.0,Dry,FAIL,98.36601307189544,-88.36601307189545,6.8,0.9883699831881982,FAIL
100,10,Good,Fog,0.0,Dry,FAIL,70.6245461147422,-60.6245461147422,6.8,0.9883600295668036,FAIL
100,5,Moderate,Rain,0.0,Wet,FAIL,79.70628580650367,-74.70628580650367,6.12,0.9883171420902596,FAIL
120,5,Moderate,Rain,0.0,Wet,FAIL,110.7770515613653,-105.7770515613653,6.12,0.9883171420902596,FAIL
60,5,Poor,Rain,0.1,Wet,FAIL,36.027596223674664,-31.027596223674664,6.12,0.9883101079206387,FAIL
60,10,Poor,Rain,0.1,Wet,FAIL,36.027596223674664,-26.027596223674664,6.12,0.9883101079206387,FAIL
120,15,Moderate,Fog,0.25,Dry,FAIL,110.03267973856212,-95.03267973856212,6.8,0.9883054860831209,FAIL
100,15,Moderate,Fog,0.25,Dry,FAIL,80.34676833696442,-65.34676833696442,6.8,0.9883054860831209,FAIL
120,20,Poor,Fog,0.05,Slippery,FAIL,141.71335200746967,-121.71335200746968,4.76,0.9882911675118242,FAIL
100,10,Moderate,Rain,0.0,Wet,FAIL,79.70628580650367,-69.70628580650367,6.12,0.988279576121321,FAIL
120,10,Moderate,Rain,0.0,Wet,FAIL,110.7770515613653,-100.7770515613653,6.12,0.988279576121321,FAIL
100,20,Poor,Fog,0.05,Slippery,FAIL,101.8842722274095,-81.8842722274095,4.76,0.9882789617911198,FAIL
120,15,Poor,Clear,0.05,Wet,FAIL,106.69934640522878,-91.69934640522878,6.8,0.9882526412205805,FAIL
100,15,Poor,Clear,0.05,Wet,FAIL,77.56899055918664,-62.568990559186645,6.8,0.9882526412205805,FAIL
100,5,Moderate,Clear,0.1,Dry,FAIL,67.66975308641975,-62.66975308641975,8.0,0.9882427988037422,FAIL
120,5,Moderate,Clear,0.1,Dry,FAIL,92.7777777777778,-87.77777777777779,8.0,0.9882427988037422,FAIL
120,15,Poor,Rain,0.0,Dry,FAIL,100.49382716049384,-85.49382716049384,7.2,0.9882400970014562,FAIL
80,5,Moderate,Fog,0.1,Dry,FAIL,51.86637618010167,-46.86637618010167,6.8,0.9882349464684346,FAIL
60,5,Good,Clear,0.05,Slippery,FAIL,33.968253968253975,-28.96825396825397,5.6,0.9882349354309806,FAIL
60,10,Good,Clear,0.05,Slippery,FAIL,33.968253968253975,-23.96825396825397,5.6,0.9882349354309806,FAIL
100,15,Poor,Rain,0.0,Dry,FAIL,73.0281207133059,-58.028120713305896,7.2,0.988225520883948,FAIL
120,10,Moderate,Clear,0.1,Dry,FAIL,92.7777777777778,-82.77777777777779,8.0,0.988225349216704,FAIL
100,10,Moderate,Clear,0.1,Dry,FAIL,67.66975308641975,-57.66975308641975,8.0,0.988225349216704,FAIL
80,10,Good,Clear,0.05,Wet,FAIL,48.53304284676833,-38.53304284676833,6.8,0.9882205059642384,FAIL
80,5,Good,Clear,0.05,Wet,FAIL,48.53304284676833,-43.53304284676833,6.8,0.9882205059642384,FAIL
80,5,Good,Fog,0.1,Dry,FAIL,49.64415395787944,-44.64415395787944,6.8,0.9881900623930061,FAIL
80,10,Moderate,Fog,0.1,Dry,FAIL,51.86637618010167,-41.86637618010167,6.8,0.988188123372646,FAIL
60,15,Good,Rain,0.15,Slippery,FAIL,38.39065255731923,-23.39065255731923,5.04,0.9881794993933631,FAIL
80,5,Good,Fog,0.05,Wet,FAIL,54.94083472168824,-49.94083472168824,5.779999999999999,0.9881772915525089,FAIL
80,5,Moderate,Rain,0.0,Wet,FAIL,53.67868958282901,-48.67868958282901,6.12,0.9881707081864578,FAIL
60,15,Moderate,Clear,0.05,Slippery,FAIL,35.63492063492064,-20.63492063492064,5.6,0.9881663005209311,FAIL
80,10,Good,Fog,0.05,Wet,FAIL,54.94083472168824,-44.94083472168824,5.779999999999999,0.9881611227894036,FAIL
80,15,Poor,Clear,0.05,Wet,FAIL,52.977487291212775,-37.977487291212775,6.8,0.9881512332844362,FAIL
80,10,Good,Fog,0.1,Dry,FAIL,49.64415395787944,-39.64415395787944,6.8,0.9881378745567092,FAIL
80,10,Moderate,Rain,0.0,Wet,FAIL,53.67868958282901,-43.67868958282901,6.12,0.9881331422175194,FAIL
80,5,Good,Rain,0.25,Dry,FAIL,50.96021947873799,-45.96021947873799,7.2,0.9881041030606118,FAIL
120,5,Good,Rain,0.0,Dry,FAIL,93.82716049382718,-88.82716049382718,7.2,0.9880899963093238,FAIL
100,5,Good,Rain,0.0,Dry,FAIL,67.47256515775034,-62.47256515775034,7.2,0.9880773981336699,FAIL
80,5,Good,Clear,0.15,Dry,FAIL,45.30864197530864,-40.30864197530864,8.0,0.9880672742013086,FAIL
80,10,Good,Clear,0.15,Dry,FAIL,45.30864197530864,-35.30864197530864,8.0,0.9880672742013086,FAIL
120,15,Poor,Rain,0.0,Wet,FAIL,114.11038489469864,-99.11038489469864,6.12,0.9880597700588123,FAIL
100,15,Poor,Rain,0.0,Wet,FAIL,82.48406358428144,-67.48406358428144,6.12,0.9880597700588123,FAIL
120,15,Good,Rain,0.0,Wet,FAIL,107.44371822803195,-92.44371822803195,6.12,0.9880546029320948,FAIL
100,15,Good,Rain,0.0,Wet,FAIL,76.9285080287259,-61.9285080287259,6.12,0.9880546029320948,FAIL
80,10,Good,Rain,0.25,Dry,FAIL,50.96021947873799,-40.96021947873799,7.2,0.9880353735400424,FAIL
120,10,Good,Rain,0.0,Dry,FAIL,93.82716049382718,-83.82716049382718,7.2,0.9880223954063979,FAIL
60,10,Poor,Fog,0.15,Dry,FAIL,34.59150326797386,-24.591503267973863,6.8,0.9880193044477543,FAIL
60,5,Poor,Fog,0.15,Dry,FAIL,34.59150326797386,-29.591503267973863,6.8,0.9880193044477543,FAIL
120,5,Good,Clear,0.25,Dry,FAIL,94.44444444444446,-89.44444444444446,8.0,0.9880148793132667,FAIL
100,5,Good,Clear,0.25,Dry,FAIL,69.05864197530865,-64.05864197530865,8.0,0.9880148793132667,FAIL
120,10,Good,Clear,0.25,Dry,FAIL,94.44444444444446,-84.44444444444446,8.0,0.9880148793132667,FAIL
100,10,Good,Clear,0.25,Dry,FAIL,69.05864197530865,-59.058641975308646,8.0,0.9880148793132667,FAIL
100,10,Good,Rain,0.0,Dry,FAIL,67.47256515775034,-57.47256515775034,7.2,0.9880096409154392,FAIL
80,15,Poor,Rain,0.0,Wet,FAIL,55.90091180505124,-40.90091180505124,6.12,0.9879990588512715,FAIL
60,10,Poor,Rain,0.15,Wet,FAIL,36.86092955700799,-26.860929557007992,6.12,0.9879934097020946,FAIL
60,5,Poor,Rain,0.15,Wet,FAIL,36.86092955700799,-31.860929557007992,6.12,0.9879934097020946,FAIL
120,15,Good,Fog,0.1,Wet,FAIL,116.11687812379856,-101.11687812379856,5.779999999999999,0.9879852103793343,FAIL
100,15,Good,Fog,0.1,Wet,FAIL,83.41449869708234,-68.41449869708234,5.779999999999999,0.9879852103793343,FAIL
60,15,Poor,Fog,0.0,Wet,FAIL,35.69588619761631,-20.69588619761631,5.779999999999999,0.9879402549823795,FAIL
120,15,Good,Clear,0.25,Wet,FAIL,106.69934640522878,-91.69934640522878,6.8,0.9879357865763853,FAIL
100,15,Good,Clear,0.25,Wet,FAIL,77.56899055918664,-62.568990559186645,6.8,0.9879357865763853,FAIL
100,5,Good,Fog,0.05,Dry,FAIL,72.01343500363109,-67.01343500363109,6.8,0.9879086505719202,FAIL
120,5,Good,Fog,0.05,Dry,FAIL,100.03267973856212,-95.03267973856212,6.8,0.9879086505719202,FAIL
100,15,Moderate,Rain,0.05,Wet,FAIL,81.09517469539256,-66.09517469539256,6.12,0.9879082683835205,FAIL
120,15,Moderate,Rain,0.05,Wet,FAIL,112.44371822803195,-97.44371822803195,6.12,0.9879082683835205,FAIL
80,15,Moderate,Fog,0.25,Dry,FAIL,55.199709513435,-40.199709513435,6.8,0.9879007016401579,FAIL
60,5,Moderate,Clear,0.15,Wet,FAIL,32.92483660130719,-27.92483660130719,6.8,0.9878942544777937,FAIL
60,10,Moderate,Clear,0.15,Wet,FAIL,32.92483660130719,-22.92483660130719,6.8,0.9878780241003383,FAIL
120,10,Good,Fog,0.05,Dry,FAIL,100.03267973856212,-90.03267973856211,6.8,0.9878557158155956,FAIL
100,10,Good,Fog,0.05,Dry,FAIL,72.01343500363109,-62.01343500363109,6.8,0.9878557158155956,FAIL
80,20,Poor,Fog,0.05,Slippery,FAIL,68.5392675588754,-48.5392675588754,4.76,0.9878437853906131,FAIL
80,15,Good,Rain,0.0,Wet,FAIL,51.4564673606068,-36.4564673606068,6.12,0.9878333538730206,FAIL
100,5,Moderate,Fog,0.05,Dry,FAIL,74.79121278140886,-69.79121278140886,6.8,0.9878188006018085,FAIL
120,5,Moderate,Fog,0.05,Dry,FAIL,103.36601307189544,-98.36601307189544,6.8,0.9878188006018085,FAIL
60,5,Poor,Clear,0.15,Wet,FAIL,34.59150326797386,-29.591503267973863,6.8,0.987814000161662,FAIL
60,10,Poor,Clear,0.15,Wet,FAIL,34.59150326797386,-24.591503267973863,6.8,0.987814000161662,FAIL
60,15,Good,Fog,0.1,Slippery,FAIL,39.17833800186742,-24.178338001867417,4.76,0.987813598862419,FAIL
80,15,Good,Clear,0.25,Wet,FAIL,52.977487291212775,-37.977487291212775,6.8,0.9877835106040307,FAIL
60,15,Poor,Rain,0.1,Wet,FAIL,36.027596223674664,-21.027596223674664,6.12,0.9877809024491164,FAIL
100,10,Moderate,Fog,0.05,Dry,FAIL,74.79121278140886,-64.79121278140886,6.8,0.9877618356551487,FAIL
120,10,Moderate,Fog,0.05,Dry,FAIL,103.36601307189544,-93.36601307189544,6.8,0.9877618356551487,FAIL
120,15,Moderate,Clear,0.05,Wet,FAIL,103.36601307189544,-88.36601307189545,6.8,0.9877472824471477,FAIL
100,15,Moderate,Clear,0.05,Wet,FAIL,74.79121278140886,-59.79121278140886,6.8,0.9877472824471477,FAIL
60,15,Poor,Fog,0.05,Wet,FAIL,36.529219530949646,-21.529219530949646,5.779999999999999,0.9877421670086909,FAIL
60,5,Moderate,Fog,0.05,Wet,FAIL,34.862552864282975,-29.86255286428297,5.779999999999999,0.9877346943115992,FAIL
80,5,Good,Fog,0.0,Wet,FAIL,53.82972361057713,-48.82972361057713,5.779999999999999,0.9877293366965112,FAIL
80,10,Good,Fog,0.0,Wet,FAIL,53.82972361057713,-43.82972361057713,5.779999999999999,0.9877130500527265,FAIL
60,10,Moderate,Fog,0.05,Wet,FAIL,34.862552864282975,-24.86255286428297,5.779999999999999,0.9876913490278142,FAIL
80,5,Good,Rain,0.05,Dry,FAIL,46.51577503429355,-41.51577503429355,7.2,0.98765099825901,FAIL
80,15,Poor,Rain,0.0,Dry,FAIL,49.84910836762688,-34.84910836762688,7.2,0.9876210577561476,FAIL
60,10,Good,Rain,0.0,Slippery,FAIL,35.89065255731923,-25.89065255731923,5.04,0.9875965478931834,FAIL
60,5,Good,Rain,0.0,Slippery,FAIL,35.89065255731923,-30.89065255731923,5.04,0.9875965478931834,FAIL
60,15,Poor,Rain,0.15,Wet,FAIL,36.86092955700799,-21.860929557007992,6.12,0.9875944555085013,FAIL
80,10,Good,Rain,0.05,Dry,FAIL,46.51577503429355,-36.51577503429355,7.2,0.9875819485957684,FAIL
60,5,Poor,Clear,0.1,Wet,FAIL,33.758169934640534,-28.75816993464053,6.8,0.9875528799067395,FAIL
60,10,Poor,Clear,0.1,Wet,FAIL,33.758169934640534,-23.75816993464053,6.8,0.9875528799067395,FAIL
100,15,Poor,Fog,0.05,Dry,FAIL,77.56899055918664,-62.568990559186645,6.8,0.9875400434759515,FAIL
120,15,Poor,Fog,0.05,Dry,FAIL,106.69934640522878,-91.69934640522878,6.8,0.9875400434759515,FAIL
80,15,Good,Fog,0.1,Wet,FAIL,56.05194583279935,-41.05194583279935,5.779999999999999,0.9875376090645547,FAIL
80,15,Moderate,Clear,0.05,Wet,FAIL,50.75526506899055,-35.75526506899055,6.8,0.9875076173705924,FAIL
60,10,Poor,Rain,0.25,Wet,FAIL,38.52759622367466,-28.527596223674657,6.12,0.9874944726181558,FAIL
60,5,Poor,Rain,0.25,Wet,FAIL,38.52759622367466,-33.52759622367466,6.12,0.9874944726181558,FAIL
100,15,Good,Clear,0.1,Wet,FAIL,73.40232389251997,-58.40232389251997,6.8,0.9874735226793119,FAIL
120,15,Good,Clear,0.1,Wet,FAIL,101.69934640522878,-86.69934640522878,6.8,0.9874735226793119,FAIL
100,15,Good,Clear,0.05,Slippery,FAIL,84.1710758377425,-69.1710758377425,5.6,0.987411976842852,FAIL
120,15,Good,Clear,0.05,Slippery,FAIL,117.53968253968256,-102.53968253968256,5.6,0.987411976842852,FAIL
60,10,Poor,Clear,0.25,Wet,FAIL,36.25816993464053,-26.258169934640527,6.8,0.987377870290153,FAIL
60,5,Poor,Clear,0.25,Wet,FAIL,36.25816993464053,-31.258169934640527,6.8,0.987377870290153,FAIL
80,15,Poor,Clear,0.1,Dry,FAIL,48.641975308641975,-33.641975308641975,8.0,0.9873517410721877,FAIL
80,15,Good,Clear,0.05,Slippery,FAIL,56.313932980599645,-41.313932980599645,5.6,0.987348816538524,FAIL
100,15,Moderate,Rain,0.15,Dry,FAIL,74.41700960219478,-59.41700960219478,7.2,0.9873476324346626,FAIL
120,15,Moderate,Rain,0.15,Dry,FAIL,102.16049382716052,-87.16049382716051,7.2,0.9873476324346626,FAIL
120,5,Moderate,Clear,0.05,Dry,FAIL,91.11111111111111,-86.11111111111113,8.0,0.9873154431674503,FAIL
100,5,Moderate,Clear,0.05,Dry,FAIL,66.28086419753086,-61.28086419753086,8.0,0.9873154431674503,FAIL
120,20,Poor,Fog,0.1,Slippery,FAIL,143.38001867413635,-123.38001867413637,4.76,0.9873111801122547,FAIL
60,10,Poor,Rain,0.05,Wet,FAIL,35.19426289034132,-25.19426289034132,6.12,0.987302885009101,FAIL
60,5,Poor,Rain,0.05,Wet,FAIL,35.19426289034132,-30.19426289034132,6.12,0.987302885009101,FAIL
120,10,Moderate,Clear,0.05,Dry,FAIL,91.11111111111111,-81.11111111111113,8.0,0.9872986456099181,FAIL
100,20,Poor,Fog,0.1,Slippery,FAIL,103.27316111629838,-83.27316111629838,4.76,0.9872979771104365,FAIL
80,15,Good,Clear,0.1,Wet,FAIL,49.64415395787944,-34.64415395787944,6.8,0.9872832410516945,FAIL
60,15,Good,Rain,0.1,Slippery,FAIL,37.5573192239859,-22.5573192239859,5.04,0.9872666518967682,FAIL
100,15,Moderate,Fog,0.0,Wet,FAIL,83.41449869708234,-68.41449869708234,5.779999999999999,0.9872600860628232,FAIL
120,15,Moderate,Fog,0.0,Wet,FAIL,116.11687812379856,-101.11687812379856,5.779999999999999,0.9872600860628232,FAIL
80,5,Good,Clear,0.25,Dry,FAIL,47.53086419753086,-42.53086419753086,8.0,0.9872506055746711,FAIL
80,10,Good,Clear,0.25,Dry,FAIL,47.53086419753086,-37.53086419753086,8.0,0.9872506055746711,FAIL
80,5,Moderate,Clear,0.1,Dry,FAIL,46.41975308641975,-41.41975308641975,8.0,0.9871967593879889,FAIL
80,10,Moderate,Clear,0.1,Dry,FAIL,46.41975308641975,-36.41975308641975,8.0,0.9871774425176516,FAIL
80,10,Good,Rain,0.0,Dry,FAIL,45.40466392318244,-35.40466392318244,7.2,0.9871401487977358,FAIL
120,20,Poor,Fog,0.15,Slippery,FAIL,145.046685340803,-125.046685340803,4.76,0.9871141000283149,FAIL
100,20,Poor,Fog,0.15,Slippery,FAIL,104.66205000518728,-84.66205000518727,4.76,0.9871014707051063,FAIL
60,15,Poor,Rain,0.25,Wet,FAIL,38.52759622367466,-23.527596223674657,6.12,0.9870745535613945,FAIL
60,15,Good,Rain,0.25,Slippery,FAIL,40.0573192239859,-25.0573192239859,5.04,0.9870689465516177,FAIL
80,15,Moderate,Fog,0.0,Wet,FAIL,56.05194583279935,-41.05194583279935,5.779999999999999,0.9870561674379674,FAIL
120,15,Poor,Fog,0.0,Dry,FAIL,105.03267973856212,-90.03267973856211,6.8,0.987046829643355,FAIL
100,15,Poor,Fog,0.0,Dry,FAIL,76.18010167029774,-61.18010167029775,6.8,0.9870349853150031,FAIL
100,10,Good,Clear,0.0,Wet,FAIL,70.6245461147422,-60.6245461147422,6.8,0.9870313342389352,FAIL
120,10,Good,Clear,0.0,Wet,FAIL,98.36601307189544,-88.36601307189545,6.8,0.9870313342389352,FAIL
120,5,Good,Clear,0.0,Wet,FAIL,98.36601307189544,-93.36601307189544,6.8,0.9870313342389352,FAIL
100,5,Good,Clear,0.0,Wet,FAIL,70.6245461147422,-65.6245461147422,6.8,0.9870313342389352,FAIL
100,5,Moderate,Rain,0.0,Dry,FAIL,70.25034293552812,-65.25034293552812,7.2,0.987030894591191,FAIL
120,10,Moderate,Rain,0.0,Dry,FAIL,97.16049382716052,-87.16049382716051,7.2,0.9869961380045463,FAIL
100,10,Moderate,Rain,0.0,Dry,FAIL,70.25034293552812,-60.25034293552813,7.2,0.9869852834350544,FAIL
60,5,Good,Rain,0.15,Wet,FAIL,33.52759622367466,-28.527596223674657,6.12,0.9869102789797365,FAIL
60,10,Good,Rain,0.15,Wet,FAIL,33.52759622367466,-23.527596223674657,6.12,0.9868521501666419,FAIL
60,5,Moderate,Clear,0.25,Wet,FAIL,34.59150326797386,-29.591503267973863,6.8,0.9868435363585764,FAIL
60,10,Moderate,Clear,0.25,Wet,FAIL,34.59150326797386,-24.591503267973863,6.8,0.9868257563933142,FAIL
60,15,Moderate,Rain,0.0,Slippery,FAIL,37.5573192239859,-22.5573192239859,5.04,0.9868201219212551,FAIL
120,5,Good,Clear,0.1,Dry,FAIL,89.44444444444446,-84.44444444444446,8.0,0.986814277565262,FAIL
100,10,Good,Clear,0.1,Dry,FAIL,64.89197530864197,-54.891975308641975,8.0,0.986814277565262,FAIL
100,5,Good,Clear,0.1,Dry,FAIL,64.89197530864197,-59.891975308641975,8.0,0.986814277565262,FAIL
120,10,Good,Clear,0.1,Dry,FAIL,89.44444444444446,-79.44444444444446,8.0,0.986814277565262,FAIL
100,15,Poor,Clear,0.05,Dry,FAIL,69.05864197530865,-54.058641975308646,8.0,0.9868016880515162,FAIL
80,20,Poor,Fog,0.1,Slippery,FAIL,69.65037866998651,-49.65037866998651,4.76,0.9867740180317176,FAIL
80,10,Good,Clear,0.0,Wet,FAIL,47.421931735657225,-37.421931735657225,6.8,0.986771576387523,FAIL
80,5,Good,Clear,0.0,Wet,FAIL,47.421931735657225,-42.421931735657225,6.8,0.986771576387523,FAIL
60,10,Good,Clear,0.0,Slippery,FAIL,33.13492063492064,-23.13492063492064,5.6,0.9867516321316344,FAIL
60,5,Good,Clear,0.0,Slippery,FAIL,33.13492063492064,-28.13492063492064,5.6,0.9867516321316344,FAIL
60,15,Moderate,Fog,0.1,Wet,FAIL,35.69588619761631,-20.69588619761631,5.779999999999999,0.9866743608537387,FAIL
120,5,Moderate,Fog,0.0,Dry,FAIL,101.69934640522878,-96.69934640522878,6.8,0.9866658794498427,FAIL
60,15,Moderate,Clear,0.0,Slippery,FAIL,34.801587301587304,-19.801587301587304,5.6,0.9866558987407534,FAIL
100,5,Moderate,Fog,0.0,Dry,FAIL,73.40232389251997,-68.40232389251997,6.8,0.9866557750376443,FAIL
80,20,Poor,Fog,0.15,Slippery,FAIL,70.76148978109762,-50.76148978109762,4.76,0.9866162272305694,FAIL
80,15,Moderate,Rain,0.15,Dry,FAIL,50.96021947873799,-35.96021947873799,7.2,0.9866147155763244,FAIL
60,10,Poor,Rain,0.0,Wet,FAIL,34.36092955700799,-24.360929557007992,6.12,0.9866117444045406,FAIL
60,5,Poor,Rain,0.0,Wet,FAIL,34.36092955700799,-29.360929557007992,6.12,0.9866117444045406,FAIL
120,10,Moderate,Fog,0.0,Dry,FAIL,101.69934640522878,-91.69934640522878,6.8,0.9865989710410993,FAIL
100,10,Moderate,Fog,0.0,Dry,FAIL,73.40232389251997,-63.40232389251997,6.8,0.986588866628901,FAIL
60,15,Good,Clear,0.15,Slippery,FAIL,35.63492063492064,-20.63492063492064,5.6,0.9865120738950377,FAIL
80,15,Poor,Fog,0.05,Dry,FAIL,52.977487291212775,-37.977487291212775,6.8,0.9864037397244154,FAIL
60,5,Moderate,Rain,0.15,Wet,FAIL,35.19426289034132,-30.19426289034132,6.12,0.9863564609716391,FAIL
80,5,Good,Fog,0.0,Dry,FAIL,47.421931735657225,-42.421931735657225,6.8,0.9863441708317312,FAIL
60,10,Moderate,Rain,0.15,Wet,FAIL,35.19426289034132,-25.19426289034132,6.12,0.9863197767842287,FAIL
60,5,Moderate,Clear,0.1,Wet,FAIL,32.09150326797386,-27.091503267973863,6.8,0.9863054294182666,FAIL
80,5,Moderate,Fog,0.05,Dry,FAIL,50.75526506899055,-45.75526506899055,6.8,0.986302824324547,FAIL
60,10,Moderate,Clear,0.1,Wet,FAIL,32.09150326797386,-22.091503267973863,6.8,0.9862847161000484,FAIL
80,10,Good,Fog,0.0,Dry,FAIL,47.421931735657225,-37.421931735657225,6.8,0.9862804810470666,FAIL
60,5,Poor,Clear,0.05,Wet,FAIL,32.92483660130719,-27.92483660130719,6.8,0.9862660561706631,FAIL
60,10,Poor,Clear,0.05,Wet,FAIL,32.92483660130719,-22.92483660130719,6.8,0.9862660561706631,FAIL
80,10,Moderate,Fog,0.05,Dry,FAIL,50.75526506899055,-40.75526506899055,6.8,0.986239738602244,FAIL
100,15,Poor,Clear,0.0,Wet,FAIL,76.18010167029774,-61.18010167029775,6.8,0.9862300369158448,FAIL
120,15,Poor,Clear,0.0,Wet,FAIL,105.03267973856212,-90.03267973856211,6.8,0.9862300369158448,FAIL
60,5,Moderate,Fog,0.0,Wet,FAIL,34.029219530949646,-29.029219530949646,5.779999999999999,0.9861943672887105,FAIL
60,10,Moderate,Fog,0.0,Wet,FAIL,34.029219530949646,-24.029219530949646,5.779999999999999,0.9861451261085126,FAIL
60,5,Good,Fog,0.15,Wet,FAIL,34.862552864282975,-29.86255286428297,5.779999999999999,0.9861405134946475,FAIL
60,15,Poor,Clear,0.15,Wet,FAIL,34.59150326797386,-19.591503267973863,6.8,0.9861351838785003,FAIL
60,10,Good,Fog,0.15,Wet,FAIL,34.862552864282975,-24.86255286428297,5.779999999999999,0.9861220143937122,FAIL
80,15,Poor,Clear,0.0,Wet,FAIL,51.86637618010167,-36.86637618010167,6.8,0.9861191706691086,FAIL
80,5,Moderate,Clear,0.05,Dry,FAIL,45.30864197530864,-40.30864197530864,8.0,0.9860298352786844,FAIL
80,10,Moderate,Clear,0.05,Dry,FAIL,45.30864197530864,-35.30864197530864,8.0,0.9860112379563895,FAIL
80,15,Poor,Fog,0.0,Dry,FAIL,51.86637618010167,-36.86637618010167,6.8,0.9859947462380662,FAIL
60,5,Good,Rain,0.1,Wet,FAIL,32.69426289034132,-27.69426289034132,6.12,0.9859741223632188,FAIL
80,5,Moderate,Rain,0.0,Dry,FAIL,47.626886145404654,-42.626886145404654,7.2,0.9859413544456987,FAIL
100,15,Good,Fog,0.15,Dry,FAIL,74.79121278140886,-59.79121278140886,6.8,0.9859347124729123,FAIL
60,10,Good,Rain,0.1,Wet,FAIL,32.69426289034132,-22.69426289034132,6.12,0.985911043586633,FAIL
80,10,Moderate,Rain,0.0,Dry,FAIL,47.626886145404654,-37.626886145404654,7.2,0.9858932447914398,FAIL
60,15,Poor,Clear,0.25,Wet,FAIL,36.25816993464053,-21.258169934640527,6.8,0.985847033156438,FAIL
120,15,Moderate,Rain,0.25,Dry,FAIL,105.49382716049384,-90.49382716049384,7.2,0.985846300986679,FAIL
100,15,Moderate,Rain,0.25,Dry,FAIL,77.19478737997257,-62.19478737997257,7.2,0.985846300986679,FAIL
120,20,Poor,Fog,0.0,Slippery,FAIL,140.046685340803,-120.046685340803,4.76,0.9857011507430951,FAIL
100,20,Poor,Fog,0.0,Slippery,FAIL,100.4953833385206,-80.4953833385206,4.76,0.9856855685464776,FAIL
100,15,Good,Clear,0.0,Slippery,FAIL,82.78218694885362,-67.78218694885362,5.6,0.9856178031369996,FAIL
120,15,Good,Clear,0.0,Slippery,FAIL,115.8730158730159,-100.8730158730159,5.6,0.9856178031369996,FAIL
80,15,Good,Clear,0.0,Slippery,FAIL,55.20282186948853,-40.20282186948853,5.6,0.9855502740397881,FAIL
60,10,Poor,Rain,0.05,Dry,FAIL,31.790123456790127,-21.790123456790127,7.2,0.9855496063182805,FAIL
60,5,Poor,Rain,0.05,Dry,FAIL,31.790123456790127,-26.790123456790127,7.2,0.9855496063182805,FAIL
80,15,Poor,Clear,0.05,Dry,FAIL,47.53086419753086,-32.53086419753086,8.0,0.9855304659898476,FAIL
60,5,Poor,Rain,0.15,Dry,FAIL,33.4567901234568,-28.4567901234568,7.2,0.9855229877150199,FAIL
60,10,Poor,Rain,0.15,Dry,FAIL,33.4567901234568,-23.4567901234568,7.2,0.9855229877150199,FAIL
60,5,Poor,Rain,0.1,Dry,FAIL,32.62345679012346,-27.623456790123463,7.2,0.9855105297516518,FAIL
60,10,Poor,Rain,0.1,Dry,FAIL,32.62345679012346,-22.623456790123463,7.2,0.9855105297516518,FAIL
80,5,Good,Fog,0.05,Dry,FAIL,48.53304284676833,-43.53304284676833,6.8,0.9855027119773062,FAIL
100,15,Good,Fog,0.05,Wet,FAIL,82.02560980819345,-67.02560980819345,5.779999999999999,0.9854718314216285,FAIL
120,15,Good,Fog,0.05,Wet,FAIL,114.4502114571319,-99.4502114571319,5.779999999999999,0.9854718314216285,FAIL
80,10,Good,Fog,0.05,Dry,FAIL,48.53304284676833,-38.53304284676833,6.8,0.9854401315583712,FAIL
60,5,Good,Fog,0.25,Wet,FAIL,36.529219530949646,-31.529219530949646,5.779999999999999,0.9854172146703979,FAIL
60,10,Good,Fog,0.25,Wet,FAIL,36.529219530949646,-26.529219530949646,5.779999999999999,0.9853982940513204,FAIL
100,30,Poor,Fog,0.0,Slippery,FAIL,100.4953833385206,-70.4953833385206,4.76,0.985197803254788,FAIL
80,5,Moderate,Fog,0.0,Dry,FAIL,49.64415395787944,-44.64415395787944,6.8,0.985187516469465,FAIL
100,15,Moderate,Rain,0.0,Wet,FAIL,79.70628580650367,-64.70628580650367,6.12,0.9851746841588342,FAIL
120,15,Moderate,Rain,0.0,Wet,FAIL,110.7770515613653,-95.7770515613653,6.12,0.9851746841588342,FAIL
80,20,Poor,Fog,0.0,Slippery,FAIL,67.4281564477643,-47.428156447764295,4.76,0.9851274849989533,FAIL
80,15,Moderate,Rain,0.25,Dry,FAIL,53.18244170096021,-38.18244170096021,7.2,0.9851162945737585,FAIL
80,10,Moderate,Fog,0.0,Dry,FAIL,49.64415395787944,-39.64415395787944,6.8,0.9851147470578312,FAIL
80,10,Good,Clear,0.1,Dry,FAIL,44.19753086419753,-34.19753086419753,8.0,0.9851072387709578,FAIL
80,5,Good,Clear,0.1,Dry,FAIL,44.19753086419753,-39.19753086419753,8.0,0.9851072387709578,FAIL
100,15,Moderate,Rain,0.1,Dry,FAIL,73.0281207133059,-58.028120713305896,7.2,0.9849970324348594,FAIL
120,15,Moderate,Rain,0.1,Dry,FAIL,100.49382716049384,-85.49382716049384,7.2,0.9849970324348594,FAIL
60,15,Moderate,Clear,0.15,Wet,FAIL,32.92483660130719,-17.92483660130719,6.8,0.984985868304206,FAIL
120,15,Good,Fog,0.25,Dry,FAIL,106.69934640522878,-91.69934640522878,6.8,0.9849710980091135,FAIL
100,15,Good,Fog,0.25,Dry,FAIL,77.56899055918664,-62.568990559186645,6.8,0.9849710980091135,FAIL
60,10,Poor,Rain,0.0,Dry,FAIL,30.95679012345679,-20.95679012345679,7.2,0.984963170491115,FAIL
60,15,Good,Rain,0.05,Slippery,FAIL,36.72398589065256,-21.723985890652564,5.04,0.9849526835966795,FAIL
100,15,Moderate,Clear,0.0,Wet,FAIL,73.40232389251997,-58.40232389251997,6.8,0.9849498859629972,FAIL
120,15,Moderate,Clear,0.0,Wet,FAIL,101.69934640522878,-86.69934640522878,6.8,0.9849498859629972,FAIL
100,5,Moderate,Clear,0.0,Dry,FAIL,64.89197530864197,-59.891975308641975,8.0,0.9849362338434211,FAIL
120,5,Moderate,Clear,0.0,Dry,FAIL,89.44444444444446,-84.44444444444446,8.0,0.9849362338434211,FAIL
80,15,Moderate,Rain,0.0,Wet,FAIL,53.67868958282901,-38.67868958282901,6.12,0.9849319571230095,FAIL
100,10,Moderate,Clear,0.0,Dry,FAIL,64.89197530864197,-54.891975308641975,8.0,0.9849139666029869,FAIL
120,10,Moderate,Clear,0.0,Dry,FAIL,89.44444444444446,-79.44444444444446,8.0,0.9849139666029869,FAIL
60,5,Moderate,Clear,0.05,Wet,FAIL,31.258169934640527,-26.258169934640527,6.8,0.9849095755214179,FAIL
120,10,Good,Clear,0.05,Dry,FAIL,87.7777777777778,-77.7777777777778,8.0,0.9849045762420789,FAIL
100,10,Good,Clear,0.05,Dry,FAIL,63.50308641975309,-53.50308641975309,8.0,0.9849045762420789,FAIL
100,5,Good,Clear,0.05,Dry,FAIL,63.50308641975309,-58.50308641975309,8.0,0.9849045762420789,FAIL
120,5,Good,Clear,0.05,Dry,FAIL,87.7777777777778,-82.7777777777778,8.0,0.9849045762420789,FAIL
60,10,Moderate,Clear,0.05,Wet,FAIL,31.258169934640527,-21.258169934640527,6.8,0.9848898869448602,FAIL
60,5,Poor,Rain,0.25,Dry,FAIL,35.12345679012346,-30.123456790123463,7.2,0.9848849858793294,FAIL
60,10,Poor,Rain,0.25,Dry,FAIL,35.12345679012346,-25.123456790123463,7.2,0.9848849858793294,FAIL
60,5,Poor,Clear,0.25,Dry,FAIL,33.19444444444445,-28.19444444444445,8.0,0.9848528451852196,FAIL
60,10,Poor,Clear,0.25,Dry,FAIL,33.19444444444445,-23.19444444444445,8.0,0.9848528451852196,FAIL
60,15,Good,Fog,0.0,Slippery,FAIL,37.51167133520075,-22.511671335200752,4.76,0.9847704791408811,FAIL
80,15,Moderate,Clear,0.0,Wet,FAIL,49.64415395787944,-34.64415395787944,6.8,0.9846716470550747,FAIL
60,15,Good,Clear,0.25,Slippery,FAIL,37.3015873015873,-22.301587301587304,5.6,0.9846572525097137,FAIL
80,15,Good,Fog,0.05,Wet,FAIL,54.94083472168824,-39.94083472168824,5.779999999999999,0.984580808237722,FAIL
60,5,Moderate,Rain,0.25,Wet,FAIL,36.86092955700799,-31.860929557007992,6.12,0.9845285986094329,FAIL
60,5,Poor,Clear,0.15,Dry,FAIL,31.527777777777786,-26.527777777777786,8.0,0.9845120012120614,FAIL
60,10,Poor,Clear,0.15,Dry,FAIL,31.527777777777786,-21.527777777777786,8.0,0.9845120012120614,FAIL
60,10,Moderate,Rain,0.25,Wet,FAIL,36.86092955700799,-26.860929557007992,6.12,0.9844901799574834,FAIL
120,15,Good,Fog,0.0,Wet,FAIL,112.78354479046524,-97.78354479046524,5.779999999999999,0.9844655959143932,FAIL
100,15,Good,Fog,0.0,Wet,FAIL,80.63672091930455,-65.63672091930455,5.779999999999999,0.9844655959143932,FAIL
60,10,Moderate,Fog,0.15,Dry,FAIL,32.92483660130719,-22.92483660130719,6.8,0.9844590805482205,FAIL
120,15,Moderate,Clear,0.15,Dry,FAIL,94.44444444444446,-79.44444444444446,8.0,0.9844450361091317,FAIL
100,15,Moderate,Clear,0.15,Dry,FAIL,69.05864197530865,-54.058641975308646,8.0,0.9844450361091317,FAIL
60,15,Poor,Fog,0.25,Dry,FAIL,36.25816993464053,-21.258169934640527,6.8,0.9844302997083492,FAIL
60,15,Moderate,Rain,0.15,Wet,FAIL,35.19426289034132,-20.19426289034132,6.12,0.9844090824634449,FAIL
60,5,Poor,Clear,0.0,Wet,FAIL,32.09150326797386,-27.091503267973863,6.8,0.9843871477760914,FAIL
60,10,Poor,Clear,0.0,Wet,FAIL,32.09150326797386,-22.091503267973863,6.8,0.9843871477760914,FAIL
60,5,Moderate,Rain,0.1,Wet,FAIL,34.36092955700799,-29.360929557007992,6.12,0.9843572114572373,FAIL
60,5,Good,Rain,0.25,Wet,FAIL,35.19426289034132,-30.19426289034132,6.12,0.9843141917623963,FAIL
60,10,Moderate,Rain,0.1,Wet,FAIL,34.36092955700799,-24.360929557007992,6.12,0.9843138222315634,FAIL
60,10,Good,Rain,0.25,Wet,FAIL,35.19426289034132,-25.19426289034132,6.12,0.9842378249204827,FAIL
120,30,Poor,Fog,0.1,Slippery,FAIL,143.38001867413635,-113.38001867413637,4.76,0.9842143439033382,FAIL
60,10,Poor,Fog,0.1,Dry,FAIL,33.758169934640534,-23.75816993464053,6.8,0.9842113983007499,FAIL
60,5,Poor,Fog,0.1,Dry,FAIL,33.758169934640534,-28.75816993464053,6.8,0.9842113983007499,FAIL
60,15,Poor,Rain,0.0,Wet,FAIL,34.36092955700799,-19.360929557007992,6.12,0.984208281919542,FAIL
100,30,Poor,Fog,0.1,Slippery,FAIL,103.27316111629838,-73.27316111629838,4.76,0.9841980387189911,FAIL
120,5,Good,Clear,0.0,Dry,FAIL,86.11111111111113,-81.11111111111113,8.0,0.9841708586230578,FAIL
100,5,Good,Clear,0.0,Dry,FAIL,62.1141975308642,-57.1141975308642,8.0,0.9841708586230578,FAIL
100,10,Good,Clear,0.0,Dry,FAIL,62.1141975308642,-52.1141975308642,8.0,0.9841708586230578,FAIL
120,10,Good,Clear,0.0,Dry,FAIL,86.11111111111113,-76.11111111111113,8.0,0.9841708586230578,FAIL
60,15,Good,Clear,0.1,Slippery,FAIL,34.801587301587304,-19.801587301587304,5.6,0.9841552950402436,FAIL
60,15,Moderate,Clear,0.25,Wet,FAIL,34.59150326797386,-19.591503267973863,6.8,0.984136278404969,FAIL
80,15,Good,Fog,0.15,Dry,FAIL,50.75526506899055,-35.75526506899055,6.8,0.9841268513705927,FAIL
80,30,Poor,Fog,0.0,Slippery,FAIL,67.4281564477643,-37.428156447764295,4.76,0.9841152554565777,FAIL
100,20,Moderate,Fog,0.15,Slippery,FAIL,101.8842722274095,-81.8842722274095,4.76,0.9840410866269871,FAIL
120,20,Moderate,Fog,0.15,Slippery,FAIL,141.71335200746967,-121.71335200746968,4.76,0.9840410866269871,FAIL
80,20,Moderate,Fog,0.15,Slippery,FAIL,68.5392675588754,-48.5392675588754,4.76,0.9840178394701449,FAIL
60,15,Moderate,Fog,0.05,Wet,FAIL,34.862552864282975,-19.86255286428297,5.779999999999999,0.9840004331917716,FAIL
60,10,Poor,Fog,0.0,Dry,FAIL,32.09150326797386,-22.091503267973863,6.8,0.9839995145115376,FAIL
60,5,Poor,Fog,0.0,Dry,FAIL,32.09150326797386,-27.091503267973863,6.8,0.9839995145115376,FAIL
60,5,Good,Clear,0.25,Wet,FAIL,32.92483660130719,-27.92483660130719,6.8,0.9839720252415549,FAIL
60,10,Good,Clear,0.25,Wet,FAIL,32.92483660130719,-22.92483660130719,6.8,0.9839720252415549,FAIL
60,5,Moderate,Fog,0.25,Dry,FAIL,34.59150326797386,-29.591503267973863,6.8,0.9838832294183314,FAIL
60,15,Poor,Fog,0.15,Dry,FAIL,34.59150326797386,-19.591503267973863,6.8,0.983878042394727,FAIL
100,15,Moderate,Clear,0.25,Dry,FAIL,71.83641975308642,-56.83641975308642,8.0,0.9838566732754599,FAIL
120,15,Moderate,Clear,0.25,Dry,FAIL,97.7777777777778,-82.7777777777778,8.0,0.9838566732754599,FAIL
60,10,Moderate,Fog,0.25,Dry,FAIL,34.59150326797386,-24.591503267973863,6.8,0.9838152829962968,FAIL
100,15,Poor,Clear,0.0,Dry,FAIL,67.66975308641975,-52.66975308641975,8.0,0.98367294280881,FAIL
120,15,Poor,Clear,0.0,Dry,FAIL,92.7777777777778,-77.77777777777779,8.0,0.98367294280881,FAIL
80,15,Moderate,Clear,0.15,Dry,FAIL,47.53086419753086,-32.53086419753086,8.0,0.983654205049449,FAIL
80,5,Moderate,Clear,0.0,Dry,FAIL,44.19753086419753,-39.19753086419753,8.0,0.983577917591431,FAIL
60,15,Good,Rain,0.15,Wet,FAIL,33.52759622367466,-18.527596223674657,6.12,0.9835709653226358,FAIL
100,30,Poor,Fog,0.15,Slippery,FAIL,104.66205000518728,-74.66205000518727,4.76,0.9835589228428709,FAIL
80,10,Moderate,Clear,0.0,Dry,FAIL,44.19753086419753,-34.19753086419753,8.0,0.9835536241007222,FAIL
80,15,Moderate,Rain,0.1,Dry,FAIL,49.84910836762688,-34.84910836762688,7.2,0.9835106253166183,FAIL
80,15,Good,Fog,0.0,Wet,FAIL,53.82972361057713,-38.82972361057713,5.779999999999999,0.9834508813472242,FAIL
100,15,Moderate,Fog,0.1,Dry,FAIL,76.18010167029774,-61.18010167029775,6.8,0.9834139168265,FAIL
120,15,Moderate,Fog,0.1,Dry,FAIL,105.03267973856212,-90.03267973856211,6.8,0.9834139168265,FAIL
80,30,Poor,Fog,0.1,Slippery,FAIL,69.65037866998651,-39.65037866998651,4.76,0.9834039758336424,FAIL
100,15,Good,Clear,0.05,Wet,FAIL,72.01343500363109,-57.01343500363109,6.8,0.9833249489486791,FAIL
120,15,Good,Clear,0.05,Wet,FAIL,100.03267973856212,-85.03267973856211,6.8,0.9833249489486791,FAIL
60,15,Good,Rain,0.0,Slippery,FAIL,35.89065255731923,-20.89065255731923,5.04,0.98324922102203,FAIL
80,15,Moderate,Clear,0.25,Dry,FAIL,49.75308641975309,-34.75308641975309,8.0,0.9831930037730924,FAIL
60,5,Moderate,Rain,0.05,Wet,FAIL,33.52759622367466,-28.527596223674657,6.12,0.9831537417622098,FAIL
60,10,Moderate,Rain,0.05,Wet,FAIL,33.52759622367466,-23.527596223674657,6.12,0.9831068739849623,FAIL
80,15,Good,Fog,0.25,Dry,FAIL,52.977487291212775,-37.977487291212775,6.8,0.9830841612098865,FAIL
80,5,Good,Clear,0.05,Dry,FAIL,43.08641975308642,-38.08641975308642,8.0,0.9829299279184495,FAIL
80,10,Good,Clear,0.05,Dry,FAIL,43.08641975308642,-33.08641975308642,8.0,0.9829299279184495,FAIL
100,20,Poor,Clear,0.1,Slippery,FAIL,91.11552028218696,-71.11552028218696,5.6,0.9829107743436094,FAIL
80,15,Good,Clear,0.05,Wet,FAIL,48.53304284676833,-33.53304284676833,6.8,0.9828131136658685,FAIL
80,30,Poor,Fog,0.15,Slippery,FAIL,70.76148978109762,-40.76148978109762,4.76,0.9827775954388764,FAIL
60,10,Poor,Fog,0.05,Dry,FAIL,32.92483660130719,-22.92483660130719,6.8,0.9826729118305405,FAIL
60,5,Poor,Fog,0.05,Dry,FAIL,32.92483660130719,-27.92483660130719,6.8,0.9826729118305405,FAIL
80,5,Good,Clear,0.0,Dry,FAIL,41.9753086419753,-36.9753086419753,8.0,0.982559529653166,FAIL
80,10,Good,Clear,0.0,Dry,FAIL,41.9753086419753,-31.975308641975303,8.0,0.982559529653166,FAIL
60,15,Moderate,Rain,0.25,Wet,FAIL,36.86092955700799,-21.860929557007992,6.12,0.9825487402266206,FAIL
60,5,Good,Rain,0.05,Wet,FAIL,31.860929557007992,-26.860929557007992,6.12,0.9825232209872663,FAIL
60,15,Good,Fog,0.15,Wet,FAIL,34.862552864282975,-19.86255286428297,5.779999999999999,0.9824828651841843,FAIL
60,10,Good,Rain,0.05,Wet,FAIL,31.860929557007992,-21.860929557007992,6.12,0.982452211482965,FAIL
60,15,Poor,Clear,0.05,Wet,FAIL,32.92483660130719,-17.92483660130719,6.8,0.9824456865832948,FAIL
60,10,Good,Clear,0.1,Wet,FAIL,30.424836601307195,-20.424836601307195,6.8,0.982380116424947,FAIL
60,5,Good,Clear,0.1,Wet,FAIL,30.424836601307195,-25.424836601307195,6.8,0.982380116424947,FAIL
60,15,Moderate,Clear,0.1,Wet,FAIL,32.09150326797386,-17.091503267973863,6.8,0.9823648123419607,FAIL
80,20,Poor,Clear,0.1,Slippery,FAIL,61.8694885361552,-41.8694885361552,5.6,0.9823594771872575,FAIL
60,5,Good,Fog,0.1,Wet,FAIL,34.029219530949646,-29.029219530949646,5.779999999999999,0.9822944925293502,FAIL
80,15,Poor,Clear,0.0,Dry,FAIL,46.41975308641975,-31.419753086419743,8.0,0.9822648231454318,FAIL
120,15,Good,Rain,0.15,Dry,FAIL,98.82716049382718,-83.82716049382718,7.2,0.9820822325659029,FAIL
100,15,Good,Rain,0.15,Dry,FAIL,71.63923182441701,-56.63923182441701,7.2,0.9820822325659029,FAIL
60,10,Poor,Clear,0.1,Dry,FAIL,30.69444444444445,-20.69444444444445,8.0,0.9820328910245191,FAIL
60,5,Poor,Clear,0.1,Dry,FAIL,30.69444444444445,-25.69444444444445,8.0,0.9820328910245191,FAIL
100,20,Poor,Clear,0.15,Slippery,FAIL,92.50440917107584,-72.50440917107585,5.6,0.9819210973498267,FAIL
60,5,Moderate,Clear,0.0,Wet,FAIL,30.424836601307195,-25.424836601307195,6.8,0.9819032727453498,FAIL
60,10,Moderate,Clear,0.0,Wet,FAIL,30.424836601307195,-20.424836601307195,6.8,0.9818770507779145,FAIL
60,5,Poor,Clear,0.05,Dry,FAIL,29.861111111111114,-24.861111111111114,8.0,0.9818365355460212,FAIL
60,10,Poor,Clear,0.05,Dry,FAIL,29.861111111111114,-19.861111111111114,8.0,0.9818365355460212,FAIL
80,15,Moderate,Fog,0.1,Dry,FAIL,51.86637618010167,-36.86637618010167,6.8,0.9818192191978984,FAIL
60,15,Good,Rain,0.1,Wet,FAIL,32.69426289034132,-17.69426289034132,6.12,0.9817940190415575,FAIL
60,15,Moderate,Fog,0.0,Wet,FAIL,34.029219530949646,-19.029219530949646,5.779999999999999,0.9816880701502763,FAIL
100,15,Moderate,Rain,0.05,Dry,FAIL,71.63923182441701,-56.63923182441701,7.2,0.981687331521746,FAIL
120,15,Moderate,Rain,0.05,Dry,FAIL,98.82716049382718,-83.82716049382718,7.2,0.981687331521746,FAIL
60,15,Moderate,Rain,0.1,Wet,FAIL,34.36092955700799,-19.360929557007992,6.12,0.9816248759487074,FAIL
60,15,Good,Fog,0.25,Wet,FAIL,36.529219530949646,-21.529219530949646,5.779999999999999,0.9816097640974659,FAIL
80,20,Poor,Clear,0.15,Slippery,FAIL,62.98059964726632,-42.98059964726632,5.6,0.9813857497346957,FAIL
100,20,Good,Clear,0.15,Slippery,FAIL,86.94885361552029,-66.94885361552029,5.6,0.9812707983216871,FAIL
120,20,Good,Clear,0.15,Slippery,FAIL,120.8730158730159,-100.8730158730159,5.6,0.9812707983216871,FAIL
100,20,Moderate,Fog,0.1,Slippery,FAIL,100.4953833385206,-80.4953833385206,4.76,0.9811793969364058,FAIL
120,20,Moderate,Fog,0.1,Slippery,FAIL,140.046685340803,-120.046685340803,4.76,0.9811793969364058,FAIL
120,20,Poor,Fog,0.25,Slippery,FAIL,148.38001867413635,-128.38001867413635,4.76,0.9810987474306625,FAIL
100,20,Poor,Fog,0.25,Slippery,FAIL,107.43982778296504,-87.43982778296504,4.76,0.9810819338556522,FAIL
60,10,Good,Rain,0.0,Wet,FAIL,31.027596223674657,-21.027596223674657,6.12,0.9810807027990311,FAIL
60,15,Good,Clear,0.05,Slippery,FAIL,33.968253968253975,-18.96825396825397,5.6,0.9810792980159722,FAIL
100,20,Good,Rain,0.1,Wet,FAIL,79.70628580650367,-59.70628580650367,6.12,0.9810608493427683,FAIL
80,20,Moderate,Fog,0.1,Slippery,FAIL,67.4281564477643,-47.428156447764295,4.76,0.9810400655173869,FAIL
120,20,Poor,Clear,0.05,Slippery,FAIL,124.20634920634924,-104.20634920634924,5.6,0.9810065799335501,FAIL
120,20,Moderate,Fog,0.05,Slippery,FAIL,138.38001867413635,-118.38001867413637,4.76,0.9809947534595163,FAIL
100,20,Moderate,Fog,0.05,Slippery,FAIL,99.10649444963173,-79.10649444963171,4.76,0.9809947534595163,FAIL
100,20,Poor,Clear,0.05,Slippery,FAIL,89.72663139329808,-69.72663139329808,5.6,0.9808220693950261,FAIL
80,20,Poor,Fog,0.25,Slippery,FAIL,72.98371200331985,-52.98371200331985,4.76,0.9807290492189933,FAIL
80,20,Moderate,Fog,0.05,Slippery,FAIL,66.31704533665318,-46.31704533665318,4.76,0.9806650913280229,FAIL
60,15,Poor,Rain,0.15,Dry,FAIL,33.4567901234568,-18.4567901234568,7.2,0.9806137502228637,FAIL
60,15,Good,Rain,0.25,Wet,FAIL,35.19426289034132,-20.19426289034132,6.12,0.9805392720096654,FAIL
80,20,Poor,Clear,0.05,Slippery,FAIL,60.75837742504409,-40.75837742504409,5.6,0.9804991722360994,FAIL
60,5,Moderate,Rain,0.0,Wet,FAIL,32.69426289034132,-27.69426289034132,6.12,0.9804864620084419,FAIL
60,10,Moderate,Rain,0.0,Wet,FAIL,32.69426289034132,-22.69426289034132,6.12,0.9804289314025597,FAIL
80,15,Good,Rain,0.15,Dry,FAIL,48.73799725651577,-33.73799725651577,7.2,0.9803207882492984,FAIL
100,20,Moderate,Clear,0.1,Slippery,FAIL,88.33774250440918,-68.33774250440918,5.6,0.9801113712446661,FAIL
120,20,Moderate,Clear,0.1,Slippery,FAIL,122.53968253968256,-102.53968253968256,5.6,0.9801113712446661,FAIL
100,15,Good,Clear,0.0,Wet,FAIL,70.6245461147422,-55.6245461147422,6.8,0.9799940426775413,FAIL
120,15,Good,Clear,0.0,Wet,FAIL,98.36601307189544,-83.36601307189545,6.8,0.9799940426775413,FAIL
60,15,Poor,Rain,0.25,Dry,FAIL,35.12345679012346,-20.123456790123463,7.2,0.9799574335842631,FAIL
100,20,Poor,Rain,0.15,Slippery,FAIL,100.15922006662748,-80.15922006662748,5.04,0.9799527989261121,FAIL
120,20,Poor,Rain,0.15,Slippery,FAIL,138.5626102292769,-118.56261022927691,5.04,0.9799527989261121,FAIL
80,20,Moderate,Clear,0.1,Slippery,FAIL,59.647266313932974,-39.647266313932974,5.6,0.9799244413686218,FAIL
120,15,Good,Rain,0.25,Dry,FAIL,102.16049382716052,-87.16049382716051,7.2,0.9798729805432886,FAIL
100,15,Good,Rain,0.25,Dry,FAIL,74.41700960219478,-59.41700960219478,7.2,0.9798729805432886,FAIL
60,10,Poor,Clear,0.0,Dry,FAIL,29.02777777777778,-19.02777777777778,8.0,0.9798091695193459,FAIL
60,5,Poor,Clear,0.0,Dry,FAIL,29.02777777777778,-24.02777777777778,8.0,0.9798091695193459,FAIL
80,15,Moderate,Rain,0.05,Dry,FAIL,48.73799725651577,-33.73799725651577,7.2,0.9796326940338606,FAIL
40,5,Poor,Fog,0.05,Slippery,FAIL,21.30148355638552,-16.301483556385516,4.76,0.9795160359249593,FAIL
100,20,Poor,Rain,0.1,Slippery,FAIL,98.7703311777386,-78.7703311777386,5.04,0.9795148961121335,FAIL
120,20,Poor,Rain,0.1,Slippery,FAIL,136.89594356261026,-116.89594356261026,5.04,0.9795148961121335,FAIL
40,10,Poor,Fog,0.05,Slippery,FAIL,21.30148355638552,-11.301483556385516,4.76,0.9794577339839409,FAIL
120,20,Good,Clear,0.1,Slippery,FAIL,119.20634920634924,-99.20634920634924,5.6,0.9794485037813263,FAIL
100,20,Good,Clear,0.1,Slippery,FAIL,85.5599647266314,-65.5599647266314,5.6,0.9794485037813263,FAIL
80,15,Good,Clear,0.0,Wet,FAIL,47.421931735657225,-32.421931735657225,6.8,0.9794069580366818,FAIL
100,15,Good,Fog,0.1,Dry,FAIL,73.40232389251997,-58.40232389251997,6.8,0.979388911739689,FAIL
120,15,Good,Fog,0.1,Dry,FAIL,101.69934640522878,-86.69934640522878,6.8,0.979388911739689,FAIL
80,20,Poor,Rain,0.15,Slippery,FAIL,67.87967862041936,-47.87967862041936,5.04,0.9793055284209702,FAIL
80,20,Good,Clear,0.1,Slippery,FAIL,57.42504409171076,-37.42504409171076,5.6,0.9792281385645867,FAIL
60,15,Poor,Clear,0.0,Wet,FAIL,32.09150326797386,-17.091503267973863,6.8,0.9791404726172874,FAIL
100,20,Moderate,Clear,0.15,Slippery,FAIL,89.72663139329808,-69.72663139329808,5.6,0.9789377867705232,FAIL
120,20,Moderate,Clear,0.15,Slippery,FAIL,124.20634920634924,-104.20634920634924,5.6,0.9789377867705232,FAIL
80,20,Moderate,Clear,0.15,Slippery,FAIL,60.75837742504409,-40.75837742504409,5.6,0.9788969004985892,FAIL
80,20,Moderate,Fog,0.25,Slippery,FAIL,70.76148978109762,-50.76148978109762,4.76,0.9788595864586462,FAIL
100,20,Moderate,Fog,0.25,Slippery,FAIL,104.66205000518728,-84.66205000518727,4.76,0.9788595864586462,FAIL
120,20,Moderate,Fog,0.25,Slippery,FAIL,145.046685340803,-125.046685340803,4.76,0.9788595864586462,FAIL
60,5,Good,Fog,0.05,Wet,FAIL,33.19588619761631,-28.19588619761631,5.779999999999999,0.9788157897975831,FAIL
60,10,Good,Fog,0.05,Wet,FAIL,33.19588619761631,-23.19588619761631,5.779999999999999,0.9787895563303174,FAIL
40,10,Poor,Fog,0.25,Slippery,FAIL,23.52370577860774,-13.52370577860774,4.76,0.9787300253817115,FAIL
80,20,Poor,Rain,0.1,Slippery,FAIL,66.76856750930824,-46.76856750930824,5.04,0.9786909926974954,FAIL
120,15,Good,Rain,0.1,Dry,FAIL,97.16049382716052,-82.16049382716051,7.2,0.9786093185992616,FAIL
100,15,Good,Rain,0.1,Dry,FAIL,70.25034293552812,-55.25034293552813,7.2,0.9786093185992616,FAIL
120,15,Moderate,Clear,0.1,Dry,FAIL,92.7777777777778,-77.77777777777779,8.0,0.978537256894316,FAIL
100,15,Moderate,Clear,0.1,Dry,FAIL,67.66975308641975,-52.66975308641975,8.0,0.978537256894316,FAIL
100,15,Moderate,Fog,0.05,Dry,FAIL,74.79121278140886,-59.79121278140886,6.8,0.9784891388648684,FAIL
120,15,Moderate,Fog,0.05,Dry,FAIL,103.36601307189544,-88.36601307189545,6.8,0.9784891388648684,FAIL
60,15,Good,Clear,0.15,Wet,FAIL,31.258169934640527,-16.258169934640527,6.8,0.9784864829254882,FAIL
120,20,Good,Rain,0.15,Wet,FAIL,112.44371822803195,-92.44371822803195,6.12,0.9784797592162562,FAIL
60,15,Poor,Rain,0.1,Dry,FAIL,32.62345679012346,-17.623456790123463,7.2,0.9784197309042915,FAIL
100,20,Good,Rain,0.15,Wet,FAIL,81.09517469539256,-61.09517469539256,6.12,0.9783746605491075,FAIL
60,15,Good,Clear,0.0,Slippery,FAIL,33.13492063492064,-18.13492063492064,5.6,0.9783692915882389,FAIL
80,15,Good,Rain,0.25,Dry,FAIL,50.96021947873799,-35.96021947873799,7.2,0.9781030758879361,FAIL
60,10,Good,Clear,0.05,Wet,FAIL,29.591503267973863,-19.591503267973863,6.8,0.9780839229327596,FAIL
60,5,Good,Clear,0.05,Wet,FAIL,29.591503267973863,-24.591503267973863,6.8,0.9780839229327596,FAIL
120,30,Poor,Fog,0.25,Slippery,FAIL,148.38001867413635,-118.38001867413637,4.76,0.9779904411522142,FAIL
120,20,Moderate,Rain,0.15,Slippery,FAIL,135.2292768959436,-115.2292768959436,5.04,0.9779827524277668,FAIL
100,20,Moderate,Rain,0.15,Slippery,FAIL,97.38144228884973,-77.38144228884971,5.04,0.9779827524277668,FAIL
100,30,Poor,Fog,0.25,Slippery,FAIL,107.43982778296504,-77.43982778296504,4.76,0.9779694421510972,FAIL
40,5,Poor,Fog,0.15,Slippery,FAIL,22.412594667496627,-17.412594667496627,4.76,0.9779429115823202,FAIL
60,15,Moderate,Rain,0.05,Wet,FAIL,33.52759622367466,-18.527596223674657,6.12,0.9779060510832107,FAIL
60,5,Good,Fog,0.0,Wet,FAIL,32.362552864282975,-27.36255286428297,5.779999999999999,0.9778001583434823,FAIL
40,5,Poor,Fog,0.0,Slippery,FAIL,20.745928000829963,-15.745928000829965,4.76,0.9777871502310835,FAIL
60,10,Good,Fog,0.0,Wet,FAIL,32.362552864282975,-22.36255286428297,5.779999999999999,0.9777754867722047,FAIL
80,20,Good,Rain,0.15,Wet,FAIL,54.78980069394012,-34.78980069394012,6.12,0.9777395413729957,FAIL
120,20,Moderate,Clear,0.05,Slippery,FAIL,120.8730158730159,-100.8730158730159,5.6,0.9777007733415009,FAIL
100,20,Moderate,Clear,0.05,Slippery,FAIL,86.94885361552029,-66.94885361552029,5.6,0.9777007733415009,FAIL
80,20,Moderate,Rain,0.15,Slippery,FAIL,65.65745639819713,-45.65745639819713,5.04,0.9776842251025505,FAIL
120,30,Poor,Clear,0.05,Slippery,FAIL,124.20634920634924,-94.20634920634924,5.6,0.9776624214262627,FAIL
120,20,Poor,Rain,0.05,Slippery,FAIL,135.2292768959436,-115.2292768959436,5.04,0.9775606756721802,FAIL
100,20,Poor,Rain,0.05,Slippery,FAIL,97.38144228884973,-77.38144228884971,5.04,0.9775606756721802,FAIL
100,30,Poor,Clear,0.05,Slippery,FAIL,89.72663139329808,-59.72663139329808,5.6,0.977437079964567,FAIL
100,20,Good,Clear,0.1,Wet,FAIL,73.40232389251997,-53.40232389251997,6.8,0.9773098825936424,FAIL
120,20,Good,Clear,0.1,Wet,FAIL,101.69934640522878,-81.69934640522878,6.8,0.9773098825936424,FAIL
120,20,Good,Clear,0.05,Slippery,FAIL,117.53968253968256,-97.53968253968256,5.6,0.9772020481744074,FAIL
100,20,Good,Clear,0.05,Slippery,FAIL,84.1710758377425,-64.1710758377425,5.6,0.9772020481744074,FAIL
120,20,Poor,Clear,0.1,Dry,FAIL,96.11111111111111,-76.11111111111113,8.0,0.9771994092105999,FAIL
80,30,Poor,Fog,0.25,Slippery,FAIL,72.98371200331985,-42.98371200331985,4.76,0.9771536708623373,FAIL
100,20,Poor,Clear,0.1,Dry,FAIL,70.44753086419753,-50.44753086419753,8.0,0.977133190575908,FAIL
120,20,Good,Clear,0.15,Wet,FAIL,103.36601307189544,-83.36601307189545,6.8,0.9770566526418305,FAIL
100,20,Good,Clear,0.15,Wet,FAIL,74.79121278140886,-54.79121278140886,6.8,0.9770566526418305,FAIL
80,20,Good,Clear,0.05,Slippery,FAIL,56.313932980599645,-36.313932980599645,5.6,0.9770332310183354,FAIL
120,20,Poor,Clear,0.0,Slippery,FAIL,122.53968253968256,-102.53968253968256,5.6,0.9768749761871612,FAIL
60,5,Moderate,Clear,0.15,Dry,FAIL,29.861111111111114,-24.861111111111114,8.0,0.9768734831041298,FAIL
120,30,Poor,Clear,0.1,Slippery,FAIL,125.8730158730159,-95.8730158730159,5.6,0.9768556315909219,FAIL
60,10,Moderate,Clear,0.15,Dry,FAIL,29.861111111111114,-19.861111111111114,8.0,0.9768439152577922,FAIL
80,20,Poor,Rain,0.05,Slippery,FAIL,65.65745639819713,-45.65745639819713,5.04,0.9767890597776476,FAIL
100,20,Poor,Clear,0.0,Slippery,FAIL,88.33774250440918,-68.33774250440918,5.6,0.9767589272554098,FAIL
120,20,Good,Rain,0.15,Slippery,FAIL,131.89594356261026,-111.89594356261026,5.04,0.9767303836189987,FAIL
120,20,Moderate,Rain,0.1,Slippery,FAIL,133.5626102292769,-113.56261022927691,5.04,0.9767155759532475,FAIL
100,20,Moderate,Rain,0.1,Slippery,FAIL,95.9925533999608,-75.99255339996081,5.04,0.9767155759532475,FAIL
100,30,Poor,Clear,0.1,Slippery,FAIL,91.11552028218696,-61.11552028218696,5.6,0.9766611108069949,FAIL
100,20,Good,Rain,0.15,Slippery,FAIL,94.60366451107193,-74.60366451107193,5.04,0.9766478050392708,FAIL
60,15,Poor,Rain,0.05,Dry,FAIL,31.790123456790127,-16.790123456790127,7.2,0.976582266077908,FAIL
80,30,Poor,Clear,0.05,Slippery,FAIL,60.75837742504409,-30.75837742504409,5.6,0.9765717919094381,FAIL
60,15,Good,Clear,0.25,Wet,FAIL,32.92483660130719,-17.92483660130719,6.8,0.9765508359559926,FAIL
40,5,Poor,Fog,0.1,Slippery,FAIL,21.85703911194108,-16.857039111941074,4.76,0.9765002225061622,FAIL
80,20,Good,Clear,0.1,Wet,FAIL,49.64415395787944,-29.64415395787944,6.8,0.97645417283692,FAIL
40,10,Poor,Fog,0.1,Slippery,FAIL,21.85703911194108,-11.857039111941074,4.76,0.976436182274886,FAIL
100,20,Moderate,Fog,0.0,Slippery,FAIL,97.71760556074284,-77.71760556074283,4.76,0.9763657517887815,FAIL
60,15,Good,Fog,0.1,Wet,FAIL,34.029219530949646,-19.029219530949646,5.779999999999999,0.9763257020470902,FAIL
60,20,Poor,Fog,0.15,Slippery,FAIL,43.34500466853409,-23.345004668534088,4.76,0.976308148444509,FAIL
80,20,Poor,Clear,0.0,Slippery,FAIL,59.647266313932974,-39.647266313932974,5.6,0.9763045368371113,FAIL
80,15,Moderate,Clear,0.1,Dry,FAIL,46.41975308641975,-31.419753086419743,8.0,0.9761860018834574,FAIL
80,20,Good,Rain,0.15,Slippery,FAIL,63.43523417597491,-43.43523417597491,5.04,0.9761643402771265,FAIL
60,5,Moderate,Clear,0.25,Dry,FAIL,31.527777777777786,-26.527777777777786,8.0,0.9761520666899097,FAIL
80,20,Good,Clear,0.15,Wet,FAIL,50.75526506899055,-30.75526506899056,6.8,0.9761373274092608,FAIL
60,10,Moderate,Clear,0.25,Dry,FAIL,31.527777777777786,-21.527777777777786,8.0,0.9761223660068616,FAIL
60,15,Poor,Fog,0.1,Dry,FAIL,33.758169934640534,-18.75816993464053,6.8,0.9760645491623002,FAIL
120,20,Good,Rain,0.1,Slippery,FAIL,130.2292768959436,-110.2292768959436,5.04,0.9759760452148166,FAIL
60,20,Poor,Fog,0.05,Slippery,FAIL,41.67833800186742,-21.678338001867417,4.76,0.9759554772090432,FAIL
60,5,Good,Fog,0.15,Dry,FAIL,31.258169934640527,-26.258169934640527,6.8,0.9759212093534124,FAIL
100,20,Good,Rain,0.1,Slippery,FAIL,93.21477562218304,-73.21477562218304,5.04,0.9758619706407441,FAIL
80,20,Moderate,Fog,0.0,Slippery,FAIL,65.20593422554207,-45.20593422554207,4.76,0.9758389957223106,FAIL
60,10,Good,Fog,0.15,Dry,FAIL,31.258169934640527,-21.258169934640527,6.8,0.9758162484033278,FAIL
80,30,Poor,Clear,0.1,Slippery,FAIL,61.8694885361552,-31.8694885361552,5.6,0.975793463896979,FAIL
80,15,Good,Rain,0.1,Dry,FAIL,47.626886145404654,-32.626886145404654,7.2,0.9756988142519661,FAIL
80,15,Moderate,Fog,0.05,Dry,FAIL,50.75526506899055,-35.75526506899055,6.8,0.9756805590809454,FAIL
40,5,Poor,Rain,0.05,Slippery,FAIL,20.58103076621595,-15.58103076621595,5.04,0.9756742698873497,FAIL
40,10,Poor,Rain,0.05,Slippery,FAIL,20.58103076621595,-10.58103076621595,5.04,0.9756602607226924,FAIL
120,15,Moderate,Rain,0.0,Dry,FAIL,97.16049382716052,-82.16049382716051,7.2,0.9756266207409643,FAIL
100,15,Moderate,Rain,0.0,Dry,FAIL,70.25034293552812,-55.25034293552813,7.2,0.9756109835348656,FAIL
120,30,Poor,Clear,0.15,Slippery,FAIL,127.53968253968256,-97.53968253968256,5.6,0.9755933115726002,FAIL
60,5,Good,Clear,0.0,Wet,FAIL,28.758169934640527,-23.758169934640527,6.8,0.9755373849893918,FAIL
60,10,Good,Clear,0.0,Wet,FAIL,28.758169934640527,-18.758169934640527,6.8,0.9755373849893918,FAIL
80,15,Good,Fog,0.1,Dry,FAIL,49.64415395787944,-34.64415395787944,6.8,0.9755058937380185,FAIL
120,20,Poor,Clear,0.05,Dry,FAIL,94.44444444444446,-74.44444444444446,8.0,0.9754393830398047,FAIL
120,20,Good,Fog,0.15,Slippery,FAIL,138.38001867413635,-118.38001867413637,4.76,0.9753713053703134,FAIL
100,20,Good,Fog,0.15,Slippery,FAIL,99.10649444963173,-79.10649444963171,4.76,0.9753713053703134,FAIL
100,30,Poor,Clear,0.15,Slippery,FAIL,92.50440917107584,-62.50440917107585,5.6,0.9753658178866592,FAIL
100,20,Poor,Clear,0.05,Dry,FAIL,69.05864197530865,-49.058641975308646,8.0,0.9753454438111591,FAIL
80,20,Good,Rain,0.1,Slippery,FAIL,62.3241230648638,-42.3241230648638,5.04,0.9753420242544255,FAIL
60,20,Poor,Fog,0.1,Slippery,FAIL,42.51167133520076,-22.51167133520076,4.76,0.9751910558955418,FAIL
80,20,Good,Fog,0.15,Slippery,FAIL,66.31704533665318,-46.31704533665318,4.76,0.9751323777681116,FAIL
60,5,Good,Fog,0.25,Dry,FAIL,32.92483660130719,-27.92483660130719,6.8,0.9750960601724025,FAIL
60,10,Good,Fog,0.25,Dry,FAIL,32.92483660130719,-22.92483660130719,6.8,0.9749925520648672,FAIL
60,15,Moderate,Fog,0.25,Dry,FAIL,34.59150326797386,-19.591503267973863,6.8,0.974945341987455,FAIL
120,15,Moderate,Fog,0.0,Dry,FAIL,101.69934640522878,-86.69934640522878,6.8,0.9749002121191761,FAIL
100,15,Moderate,Fog,0.0,Dry,FAIL,73.40232389251997,-58.40232389251997,6.8,0.9748835416070282,FAIL
60,15,Poor,Clear,0.25,Dry,FAIL,33.19444444444445,-18.19444444444445,8.0,0.9748059524594925,FAIL
120,15,Good,Clear,0.15,Dry,FAIL,91.11111111111111,-76.11111111111113,8.0,0.9747722558855008,FAIL
100,15,Good,Clear,0.15,Dry,FAIL,66.28086419753086,-51.28086419753086,8.0,0.9747722558855008,FAIL
60,15,Good,Rain,0.05,Wet,FAIL,31.860929557007992,-16.860929557007992,6.12,0.9747242412288559,FAIL
80,30,Poor,Clear,0.15,Slippery,FAIL,62.98059964726632,-32.98059964726632,5.6,0.9745056771501283,FAIL
100,20,Poor,Clear,0.1,Wet,FAIL,78.95787944807553,-58.95787944807553,6.8,0.974389764119619,FAIL
120,20,Poor,Clear,0.1,Wet,FAIL,108.36601307189544,-88.36601307189545,6.8,0.974389764119619,FAIL
120,20,Moderate,Fog,0.15,Dry,FAIL,106.69934640522878,-86.69934640522878,6.8,0.9743769573001625,FAIL
100,30,Poor,Rain,0.15,Slippery,FAIL,100.15922006662748,-70.15922006662748,5.04,0.9743197043216748,FAIL
120,30,Poor,Rain,0.15,Slippery,FAIL,138.5626102292769,-108.56261022927691,5.04,0.9743197043216748,FAIL
100,15,Moderate,Clear,0.05,Dry,FAIL,66.28086419753086,-51.28086419753086,8.0,0.9742136231262626,FAIL
120,15,Moderate,Clear,0.05,Dry,FAIL,91.11111111111111,-76.11111111111113,8.0,0.9742136231262626,FAIL
120,15,Good,Clear,0.25,Dry,FAIL,94.44444444444446,-79.44444444444446,8.0,0.9741554612558003,FAIL
100,15,Good,Clear,0.25,Dry,FAIL,69.05864197530865,-54.058641975308646,8.0,0.9741554612558003,FAIL
40,5,Poor,Rain,0.1,Slippery,FAIL,21.136586321771507,-16.136586321771507,5.04,0.9741475714945368,FAIL
40,10,Poor,Rain,0.1,Slippery,FAIL,21.136586321771507,-11.136586321771508,5.04,0.9741316062547962,FAIL
100,30,Good,Clear,0.15,Slippery,FAIL,86.94885361552029,-56.94885361552029,5.6,0.9740623456565597,FAIL
120,30,Good,Clear,0.15,Slippery,FAIL,120.8730158730159,-90.8730158730159,5.6,0.9740623456565597,FAIL
60,15,Poor,Rain,0.0,Dry,FAIL,30.95679012345679,-15.956790123456791,7.2,0.9739359737232436,FAIL
80,20,Poor,Clear,0.1,Dry,FAIL,48.641975308641975,-28.64197530864197,8.0,0.9738524175267388,FAIL
60,5,Moderate,Rain,0.15,Dry,FAIL,31.790123456790127,-26.790123456790127,7.2,0.9737006487030333,FAIL
120,20,Poor,Clear,0.25,Slippery,FAIL,130.8730158730159,-110.8730158730159,5.6,0.9736985466878829,FAIL
60,10,Moderate,Rain,0.15,Dry,FAIL,31.790123456790127,-21.790123456790127,7.2,0.9736377784056913,FAIL
100,20,Good,Fog,0.05,Slippery,FAIL,96.32871667185393,-76.32871667185393,4.76,0.9735988906916473,FAIL
120,20,Good,Fog,0.05,Slippery,FAIL,135.046685340803,-115.046685340803,4.76,0.9735988906916473,FAIL
100,20,Poor,Clear,0.25,Slippery,FAIL,95.28218694885362,-75.28218694885362,5.6,0.9734750415805374,FAIL
100,20,Good,Rain,0.05,Wet,FAIL,78.31739691761479,-58.31739691761479,6.12,0.9733621437665892,FAIL
120,20,Good,Rain,0.05,Wet,FAIL,109.11038489469864,-89.11038489469863,6.12,0.9733621437665892,FAIL
80,15,Moderate,Rain,0.0,Dry,FAIL,47.626886145404654,-32.626886145404654,7.2,0.9733053708690378,FAIL
80,30,Good,Clear,0.15,Slippery,FAIL,58.53615520282187,-28.536155202821867,5.6,0.973287234544982,FAIL
60,15,Poor,Clear,0.15,Dry,FAIL,31.527777777777786,-16.527777777777786,8.0,0.9732845840795562,FAIL
120,30,Poor,Rain,0.05,Slippery,FAIL,135.2292768959436,-105.2292768959436,5.04,0.9732709619496326,FAIL
100,30,Poor,Rain,0.05,Slippery,FAIL,97.38144228884973,-67.38144228884971,5.04,0.9732709619496326,FAIL
60,15,Moderate,Rain,0.0,Wet,FAIL,32.69426289034132,-17.69426289034132,6.12,0.9732525515713378,FAIL
100,30,Moderate,Fog,0.15,Slippery,FAIL,101.8842722274095,-71.8842722274095,4.76,0.9732078783313833,FAIL
120,30,Moderate,Fog,0.15,Slippery,FAIL,141.71335200746967,-111.71335200746968,4.76,0.9732078783313833,FAIL
120,30,Poor,Clear,0.0,Slippery,FAIL,122.53968253968256,-92.53968253968256,5.6,0.9730853215891043,FAIL
120,20,Moderate,Clear,0.0,Slippery,FAIL,119.20634920634924,-99.20634920634924,5.6,0.9730198240814987,FAIL
100,20,Moderate,Clear,0.0,Slippery,FAIL,85.5599647266314,-65.5599647266314,5.6,0.9730198240814987,FAIL
120,20,Poor,Fog,0.15,Dry,FAIL,110.03267973856212,-90.03267973856212,6.8,0.9730101912504482,FAIL
120,30,Poor,Rain,0.1,Slippery,FAIL,136.89594356261026,-106.89594356261026,5.04,0.9729636978260864,FAIL
100,30,Poor,Rain,0.1,Slippery,FAIL,98.7703311777386,-68.7703311777386,5.04,0.9729636978260864,FAIL
100,30,Poor,Clear,0.0,Slippery,FAIL,88.33774250440918,-58.33774250440918,5.6,0.9729393022917675,FAIL
80,20,Poor,Clear,0.25,Slippery,FAIL,65.20282186948853,-45.20282186948853,5.6,0.972923521265798,FAIL
40,5,Poor,Rain,0.15,Slippery,FAIL,21.69214187732706,-16.69214187732706,5.04,0.972894127072038,FAIL
40,10,Poor,Rain,0.15,Slippery,FAIL,21.69214187732706,-11.69214187732706,5.04,0.9728779221305585,FAIL
80,30,Poor,Rain,0.15,Slippery,FAIL,67.87967862041936,-37.87967862041936,5.04,0.9728473293029571,FAIL
80,20,Moderate,Clear,0.0,Slippery,FAIL,57.42504409171076,-37.42504409171076,5.6,0.9727445559633567,FAIL
60,15,Moderate,Clear,0.0,Wet,FAIL,30.424836601307195,-15.424836601307195,6.8,0.9727161108307252,FAIL
60,5,Moderate,Fog,0.1,Dry,FAIL,32.09150326797386,-27.091503267973863,6.8,0.9727063036445754,FAIL
60,10,Moderate,Fog,0.1,Dry,FAIL,32.09150326797386,-22.091503267973863,6.8,0.9726071468447477,FAIL
100,15,Good,Rain,0.05,Dry,FAIL,68.86145404663924,-53.86145404663924,7.2,0.9725928633018086,FAIL
120,15,Good,Rain,0.05,Dry,FAIL,95.49382716049384,-80.49382716049385,7.2,0.9725928633018086,FAIL
100,20,Poor,Rain,0.25,Slippery,FAIL,102.93699784440524,-82.93699784440525,5.04,0.9725326494663069,FAIL
120,20,Poor,Rain,0.25,Slippery,FAIL,141.89594356261026,-121.89594356261026,5.04,0.9725326494663069,FAIL
100,20,Good,Rain,0.05,Slippery,FAIL,91.82588673329414,-71.82588673329414,5.04,0.9725200321978846,FAIL
120,20,Good,Rain,0.05,Slippery,FAIL,128.5626102292769,-108.56261022927691,5.04,0.9725200321978846,FAIL
60,20,Poor,Fog,0.0,Slippery,FAIL,40.84500466853409,-20.845004668534088,4.76,0.9725009275585883,FAIL
100,30,Good,Clear,0.1,Slippery,FAIL,85.5599647266314,-55.55996472663141,5.6,0.9724758286326336,FAIL
120,30,Good,Clear,0.1,Slippery,FAIL,119.20634920634924,-89.20634920634923,5.6,0.9724758286326336,FAIL
100,30,Good,Rain,0.15,Slippery,FAIL,94.60366451107193,-64.60366451107193,5.04,0.9724658350680011,FAIL
80,30,Moderate,Fog,0.15,Slippery,FAIL,68.5392675588754,-38.5392675588754,4.76,0.972425314990117,FAIL
60,15,Good,Clear,0.1,Wet,FAIL,30.424836601307195,-15.424836601307195,6.8,0.9723307580062783,FAIL
100,20,Good,Clear,0.25,Slippery,FAIL,89.72663139329808,-69.72663139329808,5.6,0.9722846106765282,FAIL
120,20,Good,Clear,0.25,Slippery,FAIL,124.20634920634924,-104.20634920634924,5.6,0.9722846106765282,FAIL
120,20,Good,Fog,0.1,Slippery,FAIL,136.71335200746967,-116.71335200746968,4.76,0.9722209536131199,FAIL
100,20,Good,Fog,0.1,Slippery,FAIL,97.71760556074284,-77.71760556074283,4.76,0.9722209536131199,FAIL
40,15,Poor,Fog,0.25,Slippery,FAIL,23.52370577860774,-8.523705778607741,4.76,0.972201236059249,FAIL
40,5,Poor,Rain,0.25,Slippery,FAIL,22.80325298843817,-17.803252988438174,5.04,0.9721343318251773,FAIL
80,20,Good,Rain,0.05,Slippery,FAIL,61.21301195375269,-41.21301195375269,5.04,0.9721137125255066,FAIL
100,30,Good,Clear,0.05,Slippery,FAIL,84.1710758377425,-54.17107583774251,5.6,0.9720882674523622,FAIL
120,30,Good,Clear,0.05,Slippery,FAIL,117.53968253968256,-87.53968253968256,5.6,0.9720882674523622,FAIL
40,5,Moderate,Fog,0.25,Slippery,FAIL,22.412594667496627,-17.412594667496627,4.76,0.9720679828137244,FAIL
60,5,Moderate,Rain,0.25,Dry,FAIL,33.4567901234568,-28.4567901234568,7.2,0.9720290816380259,FAIL
40,10,Moderate,Fog,0.25,Slippery,FAIL,22.412594667496627,-12.412594667496627,4.76,0.9720167162409548,FAIL
80,15,Moderate,Fog,0.0,Dry,FAIL,49.64415395787944,-34.64415395787944,6.8,0.9719947505343944,FAIL
120,15,Good,Fog,0.05,Dry,FAIL,100.03267973856212,-85.03267973856211,6.8,0.9719884854857334,FAIL
100,15,Good,Fog,0.05,Dry,FAIL,72.01343500363109,-57.01343500363109,6.8,0.9719884854857334,FAIL
60,10,Moderate,Rain,0.25,Dry,FAIL,33.4567901234568,-23.4567901234568,7.2,0.9719664204494229,FAIL
80,20,Good,Clear,0.25,Slippery,FAIL,60.75837742504409,-40.75837742504409,5.6,0.9719567450309604,FAIL
40,5,Poor,Rain,0.0,Slippery,FAIL,20.0254752106604,-15.025475210660396,5.04,0.9719326867250608,FAIL
40,10,Poor,Rain,0.0,Slippery,FAIL,20.0254752106604,-10.025475210660396,5.04,0.9719171066184877,FAIL
80,20,Good,Fog,0.1,Slippery,FAIL,65.20593422554207,-45.20593422554207,4.76,0.9718941734662044,FAIL
80,20,Poor,Fog,0.15,Dry,FAIL,55.199709513435,-35.199709513435,6.8,0.9718652955322845,FAIL
80,15,Good,Clear,0.25,Dry,FAIL,47.53086419753086,-32.53086419753086,8.0,0.9717617377581969,FAIL
80,30,Good,Clear,0.1,Slippery,FAIL,57.42504409171076,-27.42504409171076,5.6,0.9717586481549951,FAIL
60,20,Moderate,Fog,0.15,Slippery,FAIL,41.67833800186742,-21.678338001867417,4.76,0.9717070839411667,FAIL
120,20,Moderate,Fog,0.15,Wet,FAIL,121.11687812379856,-101.11687812379856,5.779999999999999,0.9716987588788053,FAIL
100,20,Moderate,Fog,0.15,Wet,FAIL,87.581165363749,-67.581165363749,5.779999999999999,0.9716987588788053,FAIL
80,20,Moderate,Fog,0.15,Wet,FAIL,59.38527916613268,-39.38527916613268,5.779999999999999,0.9716987588788053,FAIL
80,20,Poor,Rain,0.25,Slippery,FAIL,70.10190084264158,-50.101900842641584,5.04,0.9716389161029457,FAIL
60,15,Poor,Fog,0.0,Dry,FAIL,32.09150326797386,-17.091503267973863,6.8,0.9713102144311291,FAIL
80,30,Poor,Rain,0.05,Slippery,FAIL,65.65745639819713,-35.65745639819713,5.04,0.9712776819532001,FAIL
40,5,Moderate,Fog,0.15,Slippery,FAIL,21.30148355638552,-16.301483556385516,4.76,0.9712720489322206,FAIL
40,10,Moderate,Fog,0.15,Slippery,FAIL,21.30148355638552,-11.301483556385516,4.76,0.9712280983924592,FAIL
40,15,Poor,Fog,0.05,Slippery,FAIL,21.30148355638552,-6.3014835563855165,4.76,0.9712038261383154,FAIL
80,20,Poor,Fog,0.15,Wet,FAIL,61.607501388354905,-41.607501388354905,5.779999999999999,0.9712030186958627,FAIL
100,20,Poor,Fog,0.15,Wet,FAIL,90.35894314152678,-70.35894314152678,5.779999999999999,0.9712030186958627,FAIL
120,20,Poor,Fog,0.15,Wet,FAIL,124.45021145713191,-104.45021145713191,5.779999999999999,0.9712030186958627,FAIL
120,20,Moderate,Rain,0.05,Slippery,FAIL,131.89594356261026,-111.89594356261026,5.04,0.9711839006426336,FAIL
100,20,Moderate,Rain,0.05,Slippery,FAIL,94.60366451107193,-74.60366451107193,5.04,0.9711839006426336,FAIL
80,30,Poor,Rain,0.1,Slippery,FAIL,66.76856750930824,-36.76856750930824,5.04,0.9711615485079778,FAIL
120,30,Good,Rain,0.1,Slippery,FAIL,130.2292768959436,-100.2292768959436,5.04,0.9711478915055352,FAIL
60,15,Good,Rain,0.0,Wet,FAIL,31.027596223674657,-16.027596223674657,6.12,0.9710293605598579,FAIL
80,15,Moderate,Clear,0.05,Dry,FAIL,45.30864197530864,-30.30864197530864,8.0,0.9710140379821004,FAIL
40,5,Moderate,Fog,0.05,Slippery,FAIL,20.19037244527441,-15.190372445274406,4.76,0.9709988806259775,FAIL
120,30,Moderate,Fog,0.05,Slippery,FAIL,138.38001867413635,-108.38001867413637,4.76,0.9709932062170699,FAIL
100,30,Moderate,Fog,0.05,Slippery,FAIL,99.10649444963173,-69.10649444963171,4.76,0.9709932062170699,FAIL
100,30,Good,Rain,0.1,Slippery,FAIL,93.21477562218304,-63.21477562218304,5.04,0.9709725928045533,FAIL
60,15,Poor,Fog,0.05,Dry,FAIL,32.92483660130719,-17.92483660130719,6.8,0.9709707558426721,FAIL
120,20,Poor,Clear,0.15,Dry,FAIL,97.7777777777778,-77.7777777777778,8.0,0.9709581934685261,FAIL
40,10,Moderate,Fog,0.05,Slippery,FAIL,20.19037244527441,-10.190372445274406,4.76,0.9709549539952281,FAIL
100,20,Poor,Clear,0.15,Dry,FAIL,71.83641975308643,-51.83641975308643,8.0,0.9708812907284801,FAIL
40,15,Poor,Fog,0.15,Slippery,FAIL,22.412594667496627,-7.412594667496627,4.76,0.9706545099850272,FAIL
80,20,Moderate,Rain,0.05,Slippery,FAIL,63.43523417597491,-43.43523417597491,5.04,0.9705930110506028,FAIL
100,20,Poor,Rain,0.0,Slippery,FAIL,95.9925533999608,-75.99255339996081,5.04,0.970586344705198,FAIL
120,20,Poor,Rain,0.0,Slippery,FAIL,133.5626102292769,-113.56261022927691,5.04,0.970586344705198,FAIL
120,20,Good,Clear,0.05,Wet,FAIL,100.03267973856212,-80.03267973856211,6.8,0.9704520279773476,FAIL
80,30,Good,Rain,0.15,Slippery,FAIL,63.43523417597491,-33.43523417597491,5.04,0.9703554236887026,FAIL
100,20,Moderate,Clear,0.25,Slippery,FAIL,92.50440917107584,-72.50440917107585,5.6,0.9703469552896165,FAIL
120,20,Moderate,Clear,0.25,Slippery,FAIL,127.53968253968256,-107.53968253968256,5.6,0.9703469552896165,FAIL
80,20,Moderate,Clear,0.25,Slippery,FAIL,62.98059964726632,-42.98059964726632,5.6,0.9703000725483646,FAIL
120,15,Good,Fog,0.0,Dry,FAIL,98.36601307189544,-83.36601307189545,6.8,0.9702496061716654,FAIL
100,15,Good,Fog,0.0,Dry,FAIL,70.6245461147422,-55.6245461147422,6.8,0.9702303964599956,FAIL
40,5,Moderate,Fog,0.1,Slippery,FAIL,20.745928000829963,-15.745928000829965,4.76,0.9700852950561571,FAIL
100,30,Moderate,Rain,0.15,Slippery,FAIL,97.38144228884973,-67.38144228884971,5.04,0.9700602127527793,FAIL
120,30,Moderate,Rain,0.15,Slippery,FAIL,135.2292768959436,-105.2292768959436,5.04,0.9700602127527793,FAIL
40,10,Moderate,Fog,0.1,Slippery,FAIL,20.745928000829963,-10.745928000829965,4.76,0.9700398782937503,FAIL
80,20,Poor,Rain,0.0,Slippery,FAIL,64.54634528708603,-44.54634528708603,5.04,0.9695838793646481,FAIL
120,30,Poor,Clear,0.1,Wet,FAIL,108.36601307189544,-78.36601307189545,6.8,0.9695242922729234,FAIL
100,20,Moderate,Rain,0.25,Slippery,FAIL,100.15922006662748,-80.15922006662748,5.04,0.9692772885400107,FAIL
120,20,Moderate,Rain,0.25,Slippery,FAIL,138.5626102292769,-118.56261022927691,5.04,0.9692772885400107,FAIL
80,30,Moderate,Fog,0.05,Slippery,FAIL,66.31704533665318,-36.31704533665318,4.76,0.96924986765759,FAIL
100,30,Poor,Rain,0.25,Slippery,FAIL,102.93699784440524,-72.93699784440525,5.04,0.969022766440206,FAIL
120,30,Poor,Rain,0.25,Slippery,FAIL,141.89594356261026,-111.89594356261026,5.04,0.969022766440206,FAIL
120,30,Moderate,Fog,0.1,Slippery,FAIL,140.046685340803,-110.046685340803,4.76,0.9689730906825682,FAIL
100,30,Moderate,Fog,0.1,Slippery,FAIL,100.4953833385206,-70.4953833385206,4.76,0.9689730906825682,FAIL
100,20,Good,Fog,0.15,Wet,FAIL,84.80338758597122,-64.80338758597122,5.779999999999999,0.9689637965839843,FAIL
120,20,Good,Fog,0.15,Wet,FAIL,117.78354479046524,-97.78354479046524,5.779999999999999,0.9689637965839843,FAIL
80,15,Good,Rain,0.05,Dry,FAIL,46.51577503429355,-31.515775034293547,7.2,0.9689084685097619,FAIL
80,30,Good,Rain,0.1,Slippery,FAIL,62.3241230648638,-32.3241230648638,5.04,0.9689010656897802,FAIL
80,20,Moderate,Rain,0.25,Slippery,FAIL,67.87967862041936,-47.87967862041936,5.04,0.9688925944928449,FAIL
80,30,Poor,Clear,0.1,Wet,FAIL,54.08859840232389,-24.08859840232389,6.8,0.9687429759381191,FAIL
120,20,Poor,Clear,0.15,Wet,FAIL,110.03267973856212,-90.03267973856212,6.8,0.9686994533690058,FAIL
100,20,Poor,Clear,0.15,Wet,FAIL,80.34676833696443,-60.34676833696443,6.8,0.9686994533690058,FAIL
120,30,Good,Fog,0.05,Slippery,FAIL,135.046685340803,-105.046685340803,4.76,0.968602064829842,FAIL
100,30,Good,Fog,0.05,Slippery,FAIL,96.32871667185393,-66.32871667185393,4.76,0.968602064829842,FAIL
40,15,Poor,Fog,0.0,Slippery,FAIL,20.745928000829963,-5.745928000829963,4.76,0.9686000096736895,FAIL
80,20,Poor,Clear,0.15,Wet,FAIL,55.199709513435,-35.199709513435,6.8,0.9685527201099438,FAIL
80,20,Good,Clear,0.05,Wet,FAIL,48.53304284676833,-28.53304284676833,6.8,0.9685489605007025,FAIL
60,20,Poor,Fog,0.25,Slippery,FAIL,45.01167133520075,-25.011671335200752,4.76,0.9684939058892997,FAIL
80,30,Moderate,Rain,0.15,Slippery,FAIL,65.65745639819713,-35.65745639819713,5.04,0.9684558921636157,FAIL
60,15,Good,Fog,0.05,Wet,FAIL,33.19588619761631,-18.19588619761631,5.779999999999999,0.968438206778903,FAIL
40,15,Poor,Fog,0.1,Slippery,FAIL,21.85703911194108,-6.857039111941074,4.76,0.9683715494868566,FAIL
60,5,Moderate,Rain,0.1,Dry,FAIL,30.95679012345679,-25.95679012345679,7.2,0.9682011378056403,FAIL
60,10,Moderate,Rain,0.1,Dry,FAIL,30.95679012345679,-20.95679012345679,7.2,0.9681275979336528,FAIL
120,30,Moderate,Fog,0.25,Slippery,FAIL,145.046685340803,-115.046685340803,4.76,0.9680952362006465,FAIL
100,30,Moderate,Fog,0.25,Slippery,FAIL,104.66205000518728,-74.66205000518727,4.76,0.9680952362006465,FAIL
100,20,Poor,Fog,0.1,Dry,FAIL,78.95787944807553,-58.95787944807553,6.8,0.9679957093511753,FAIL
80,30,Moderate,Fog,0.1,Slippery,FAIL,67.4281564477643,-37.428156447764295,4.76,0.9679594238517242,FAIL
120,15,Good,Rain,0.0,Dry,FAIL,93.82716049382718,-78.82716049382718,7.2,0.9678537331364028,FAIL
100,15,Good,Rain,0.0,Dry,FAIL,67.47256515775034,-52.47256515775034,7.2,0.9678303973223438,FAIL
40,15,Poor,Rain,0.1,Slippery,FAIL,21.136586321771507,-6.136586321771507,5.04,0.967758670960768,FAIL
100,30,Moderate,Clear,0.1,Slippery,FAIL,88.33774250440918,-58.33774250440918,5.6,0.9676415651241321,FAIL
120,30,Moderate,Clear,0.1,Slippery,FAIL,122.53968253968256,-92.53968253968256,5.6,0.9676415651241321,FAIL
80,20,Good,Fog,0.15,Wet,FAIL,57.16305694391046,-37.16305694391046,5.779999999999999,0.9676395852803246,FAIL
120,20,Good,Fog,0.25,Slippery,FAIL,141.71335200746967,-121.71335200746968,4.76,0.9675876706846115,FAIL
100,20,Good,Fog,0.25,Slippery,FAIL,101.8842722274095,-81.8842722274095,4.76,0.9675876706846115,FAIL
120,20,Poor,Fog,0.1,Wet,FAIL,122.78354479046524,-102.78354479046524,5.779999999999999,0.9675359970968526,FAIL
100,20,Poor,Fog,0.1,Wet,FAIL,88.9700542526379,-68.9700542526379,5.779999999999999,0.9675359970968526,FAIL
100,15,Moderate,Clear,0.0,Dry,FAIL,64.89197530864197,-49.891975308641975,8.0,0.9674558955608653,FAIL
120,15,Moderate,Clear,0.0,Dry,FAIL,89.44444444444446,-74.44444444444446,8.0,0.9674558955608653,FAIL
120,20,Good,Rain,0.25,Slippery,FAIL,135.2292768959436,-115.2292768959436,5.04,0.9674031302644874,FAIL
80,20,Poor,Fog,0.1,Wet,FAIL,60.4963902772438,-40.4963902772438,5.779999999999999,0.9673263562065163,FAIL
100,20,Good,Rain,0.25,Slippery,FAIL,97.38144228884973,-77.38144228884971,5.04,0.9673035238059292,FAIL
80,20,Good,Fog,0.25,Slippery,FAIL,68.5392675588754,-48.5392675588754,4.76,0.9672988552766114,FAIL
80,30,Poor,Rain,0.25,Slippery,FAIL,70.10190084264158,-40.101900842641584,5.04,0.9671880531137689,FAIL
80,30,Moderate,Fog,0.25,Slippery,FAIL,70.76148978109762,-40.76148978109762,4.76,0.967179324594414,FAIL
120,20,Poor,Clear,0.0,Dry,FAIL,92.7777777777778,-72.77777777777779,8.0,0.967133888260548,FAIL
100,20,Poor,Clear,0.0,Dry,FAIL,67.66975308641975,-47.66975308641975,8.0,0.967133888260548,FAIL
100,20,Poor,Fog,0.25,Wet,FAIL,93.13672091930457,-73.13672091930455,5.779999999999999,0.9668796440052004,FAIL
120,20,Poor,Fog,0.25,Wet,FAIL,127.78354479046524,-107.78354479046524,5.779999999999999,0.9668796440052004,FAIL
100,20,Poor,Fog,0.25,Dry,FAIL,83.1245461147422,-63.1245461147422,6.8,0.9668689472445744,FAIL
120,20,Poor,Fog,0.25,Dry,FAIL,113.36601307189544,-93.36601307189544,6.8,0.9668689472445744,FAIL
120,30,Moderate,Rain,0.1,Slippery,FAIL,133.5626102292769,-103.56261022927691,5.04,0.9668608388581885,FAIL
100,30,Moderate,Rain,0.1,Slippery,FAIL,95.9925533999608,-65.99255339996081,5.04,0.9668608388581885,FAIL
120,20,Moderate,Fog,0.25,Dry,FAIL,110.03267973856212,-90.03267973856211,6.8,0.9667619228245362,FAIL
100,20,Moderate,Fog,0.25,Dry,FAIL,80.34676833696442,-60.346768336964416,6.8,0.9667619228245362,FAIL
80,30,Moderate,Clear,0.1,Slippery,FAIL,59.647266313932974,-29.64726631393297,5.6,0.9667421401351843,FAIL
40,5,Moderate,Rain,0.1,Slippery,FAIL,20.0254752106604,-15.025475210660396,5.04,0.9666938782153803,FAIL
80,20,Good,Rain,0.25,Slippery,FAIL,65.65745639819713,-45.65745639819713,5.04,0.966671178474847,FAIL
120,30,Poor,Clear,0.25,Slippery,FAIL,130.8730158730159,-100.8730158730159,5.6,0.9666166031281183,FAIL
60,5,Moderate,Clear,0.1,Dry,FAIL,29.02777777777778,-24.02777777777778,8.0,0.9665423419699544,FAIL
100,20,Moderate,Clear,0.1,Wet,FAIL,76.18010167029774,-56.18010167029775,6.8,0.9665063649078123,FAIL
120,20,Moderate,Clear,0.1,Wet,FAIL,105.03267973856212,-85.03267973856211,6.8,0.9665063649078123,FAIL
40,15,Poor,Rain,0.15,Slippery,FAIL,21.69214187732706,-6.69214187732706,5.04,0.9664984076815774,FAIL
60,10,Moderate,Clear,0.1,Dry,FAIL,29.02777777777778,-19.02777777777778,8.0,0.9664902358915486,FAIL
100,30,Poor,Clear,0.25,Slippery,FAIL,95.28218694885362,-65.28218694885362,5.6,0.9663509411682577,FAIL
80,30,Good,Rain,0.05,Slippery,FAIL,61.21301195375269,-31.21301195375269,5.04,0.9663501854327043,FAIL
80,30,Good,Fog,0.05,Slippery,FAIL,64.09482311443097,-34.094823114430966,4.76,0.9662993816266748,FAIL
120,20,Good,Clear,0.0,Slippery,FAIL,115.8730158730159,-95.8730158730159,5.6,0.9662535980816589,FAIL
100,20,Good,Clear,0.0,Slippery,FAIL,82.78218694885362,-62.78218694885362,5.6,0.9662535980816589,FAIL
60,20,Moderate,Fog,0.25,Slippery,FAIL,43.34500466853409,-23.345004668534088,4.76,0.9662242686365283,FAIL
100,20,Good,Clear,0.25,Wet,FAIL,77.56899055918664,-57.568990559186645,6.8,0.9662182041436393,FAIL
120,20,Good,Clear,0.25,Wet,FAIL,106.69934640522878,-86.69934640522878,6.8,0.9662182041436393,FAIL
120,20,Poor,Clear,0.05,Wet,FAIL,106.69934640522878,-86.69934640522878,6.8,0.966210979568656,FAIL
100,20,Poor,Clear,0.05,Wet,FAIL,77.56899055918664,-57.568990559186645,6.8,0.966210979568656,FAIL
120,30,Moderate,Clear,0.15,Slippery,FAIL,124.20634920634924,-94.20634920634924,5.6,0.9662062437535116,FAIL
120,20,Good,Rain,0.25,Wet,FAIL,115.7770515613653,-95.7770515613653,6.12,0.9661640841417297,FAIL
120,20,Moderate,Rain,0.15,Wet,FAIL,115.7770515613653,-95.7770515613653,6.12,0.9661085878193051,FAIL
100,20,Moderate,Rain,0.15,Wet,FAIL,83.87295247317034,-63.87295247317034,6.12,0.9661085878193051,FAIL
120,30,Good,Rain,0.1,Wet,FAIL,110.7770515613653,-80.7770515613653,6.12,0.9660715666062665,FAIL
120,15,Good,Clear,0.1,Dry,FAIL,89.44444444444446,-74.44444444444446,8.0,0.9660627332098987,FAIL
100,15,Good,Clear,0.1,Dry,FAIL,64.89197530864197,-49.891975308641975,8.0,0.9660627332098987,FAIL
80,20,Good,Clear,0.0,Slippery,FAIL,55.20282186948853,-35.20282186948853,5.6,0.966050070364826,FAIL
80,20,Poor,Fog,0.25,Dry,FAIL,57.421931735657225,-37.421931735657225,6.8,0.966032659506722,FAIL
100,30,Good,Fog,0.15,Slippery,FAIL,99.10649444963173,-69.10649444963171,4.76,0.9660291694963552,FAIL
120,30,Good,Fog,0.15,Slippery,FAIL,138.38001867413635,-108.38001867413637,4.76,0.9660291694963552,FAIL
60,5,Moderate,Fog,0.05,Dry,FAIL,31.258169934640527,-26.258169934640527,6.8,0.9660283192775168,FAIL
100,20,Good,Rain,0.25,Wet,FAIL,83.87295247317034,-63.87295247317034,6.12,0.9660194662841819,FAIL
100,20,Moderate,Fog,0.25,Wet,FAIL,90.35894314152678,-70.35894314152678,5.779999999999999,0.9659967988285633,FAIL
120,20,Moderate,Fog,0.25,Wet,FAIL,124.4502114571319,-104.4502114571319,5.779999999999999,0.9659967988285633,FAIL
80,20,Moderate,Fog,0.25,Wet,FAIL,61.607501388354905,-41.607501388354905,5.779999999999999,0.9659967988285633,FAIL
60,10,Moderate,Fog,0.05,Dry,FAIL,31.258169934640527,-21.258169934640527,6.8,0.9658727608648767,FAIL
60,15,Good,Fog,0.0,Wet,FAIL,32.362552864282975,-17.362552864282975,5.779999999999999,0.965860147108472,FAIL
80,15,Good,Fog,0.05,Dry,FAIL,48.53304284676833,-33.53304284676833,6.8,0.9658142396772478,FAIL
40,15,Poor,Rain,0.25,Slippery,FAIL,22.80325298843817,-7.8032529884381745,5.04,0.965813280018358,FAIL
80,20,Poor,Clear,0.05,Wet,FAIL,52.977487291212775,-32.977487291212775,6.8,0.9655688225612222,FAIL
80,30,Moderate,Clear,0.15,Slippery,FAIL,60.75837742504409,-30.75837742504409,5.6,0.9654593008143013,FAIL
120,20,Moderate,Clear,0.15,Wet,FAIL,106.69934640522878,-86.69934640522878,6.8,0.9654189164960538,FAIL
100,20,Moderate,Clear,0.15,Wet,FAIL,77.56899055918664,-57.568990559186645,6.8,0.9654189164960538,FAIL
80,20,Moderate,Rain,0.15,Wet,FAIL,57.01202291616234,-37.01202291616234,6.12,0.9653433397775142,FAIL
60,15,Poor,Clear,0.1,Dry,FAIL,30.69444444444445,-15.69444444444445,8.0,0.9653298250903146,FAIL
80,20,Moderate,Clear,0.1,Wet,FAIL,51.86637618010167,-31.866376180101668,6.8,0.9653008567349024,FAIL
80,20,Moderate,Fog,0.25,Dry,FAIL,55.199709513435,-35.199709513435,6.8,0.9652750746306047,FAIL
80,20,Good,Rain,0.25,Wet,FAIL,57.01202291616234,-37.01202291616234,6.12,0.9652468338490141,FAIL
120,30,Moderate,Clear,0.05,Slippery,FAIL,120.8730158730159,-90.8730158730159,5.6,0.9652444252157479,FAIL
100,30,Moderate,Clear,0.05,Slippery,FAIL,86.94885361552029,-56.94885361552029,5.6,0.9652444252157479,FAIL
80,30,Poor,Clear,0.25,Slippery,FAIL,65.20282186948853,-35.20282186948853,5.6,0.9651877030892786,FAIL
120,30,Good,Clear,0.25,Slippery,FAIL,124.20634920634924,-94.20634920634924,5.6,0.9651715187167657,FAIL
100,30,Good,Clear,0.25,Slippery,FAIL,89.72663139329808,-59.72663139329808,5.6,0.9651715187167657,FAIL
80,20,Good,Clear,0.25,Wet,FAIL,52.977487291212775,-32.977487291212775,6.8,0.9650903857252591,FAIL
80,30,Moderate,Rain,0.1,Slippery,FAIL,64.54634528708603,-34.54634528708603,5.04,0.9650475259513819,FAIL
40,5,Moderate,Fog,0.0,Slippery,FAIL,19.63481688971885,-14.634816889718849,4.76,0.9650243043120161,FAIL
40,10,Moderate,Fog,0.0,Slippery,FAIL,19.63481688971885,-9.634816889718849,4.76,0.9649654757500012,FAIL
120,20,Poor,Clear,0.25,Dry,FAIL,101.11111111111111,-81.11111111111113,8.0,0.9648028843006522,FAIL
120,30,Good,Rain,0.25,Slippery,FAIL,135.2292768959436,-105.2292768959436,5.04,0.9647950339184757,FAIL
100,20,Poor,Clear,0.25,Dry,FAIL,74.6141975308642,-54.6141975308642,8.0,0.9647265917637883,FAIL
100,30,Moderate,Rain,0.15,Wet,FAIL,83.87295247317034,-53.87295247317034,6.12,0.9646809341696164,FAIL
80,30,Good,Fog,0.15,Slippery,FAIL,66.31704533665318,-36.31704533665318,4.76,0.9646650966366055,FAIL
100,30,Good,Rain,0.25,Slippery,FAIL,97.38144228884973,-67.38144228884971,5.04,0.9646424174015588,FAIL
80,15,Good,Rain,0.0,Dry,FAIL,45.40466392318244,-30.40466392318244,7.2,0.9646190382772397,FAIL
60,5,Moderate,Rain,0.05,Dry,FAIL,30.123456790123463,-25.123456790123463,7.2,0.9646179579045171,FAIL
80,20,Moderate,Clear,0.15,Wet,FAIL,52.977487291212775,-32.977487291212775,6.8,0.9645853579965756,FAIL
60,10,Moderate,Rain,0.05,Dry,FAIL,30.123456790123463,-20.123456790123463,7.2,0.9645282089107319,FAIL
100,20,Poor,Rain,0.15,Dry,FAIL,77.19478737997257,-57.19478737997257,7.2,0.9645176036567238,FAIL
120,20,Poor,Rain,0.15,Dry,FAIL,105.49382716049384,-85.49382716049385,7.2,0.9645176036567238,FAIL
120,20,Poor,Rain,0.1,Dry,FAIL,103.82716049382718,-83.82716049382718,7.2,0.9643820206091522,FAIL
100,20,Poor,Rain,0.1,Dry,FAIL,75.80589849108368,-55.80589849108368,7.2,0.9643820206091522,FAIL
120,30,Good,Rain,0.15,Wet,FAIL,112.44371822803195,-82.44371822803197,6.12,0.9643535390687094,FAIL
80,15,Good,Fog,0.0,Dry,FAIL,47.421931735657225,-32.421931735657225,6.8,0.9642889277724601,FAIL
120,30,Poor,Fog,0.15,Wet,FAIL,124.45021145713191,-94.45021145713191,5.779999999999999,0.9642718118948063,FAIL
100,30,Poor,Fog,0.15,Wet,FAIL,90.35894314152678,-60.35894314152678,5.779999999999999,0.9642718118948063,FAIL
80,20,Poor,Fog,0.1,Dry,FAIL,54.08859840232389,-34.08859840232389,6.8,0.9642422604230669,FAIL
40,5,Moderate,Rain,0.15,Slippery,FAIL,20.58103076621595,-15.58103076621595,5.04,0.964197258728125,FAIL
40,10,Moderate,Rain,0.15,Slippery,FAIL,20.58103076621595,-10.58103076621595,5.04,0.964197258728125,FAIL
100,30,Good,Rain,0.15,Wet,FAIL,81.09517469539256,-51.09517469539256,6.12,0.9641883309023245,FAIL
80,30,Good,Clear,0.25,Slippery,FAIL,60.75837742504409,-30.75837742504409,5.6,0.9641817107147534,FAIL
80,30,Moderate,Clear,0.05,Slippery,FAIL,58.53615520282187,-28.536155202821867,5.6,0.9640602518210226,FAIL
60,5,Moderate,Fog,0.0,Dry,FAIL,30.424836601307195,-25.424836601307195,6.8,0.9638898500014605,FAIL
80,15,Moderate,Clear,0.0,Dry,FAIL,44.19753086419753,-29.19753086419753,8.0,0.9638877485143137,FAIL
80,30,Poor,Fog,0.15,Wet,FAIL,61.607501388354905,-31.607501388354905,5.779999999999999,0.9638558693202892,FAIL
100,30,Moderate,Fog,0.0,Slippery,FAIL,97.71760556074284,-67.71760556074283,4.76,0.9638421078153486,FAIL
120,30,Moderate,Fog,0.0,Slippery,FAIL,136.71335200746967,-106.71335200746968,4.76,0.9638421078153486,FAIL
60,20,Moderate,Fog,0.1,Slippery,FAIL,40.84500466853409,-20.845004668534088,4.76,0.9637624556892952,FAIL
60,10,Moderate,Fog,0.0,Dry,FAIL,30.424836601307195,-20.424836601307195,6.8,0.9637151964747213,FAIL
60,5,Good,Clear,0.15,Dry,FAIL,28.19444444444445,-23.19444444444445,8.0,0.9637115046048915,FAIL
60,10,Good,Clear,0.15,Dry,FAIL,28.19444444444445,-18.19444444444445,8.0,0.9637115046048915,FAIL
120,30,Poor,Clear,0.15,Wet,FAIL,110.03267973856212,-80.03267973856212,6.8,0.9636892591929664,FAIL
100,30,Poor,Clear,0.15,Wet,FAIL,80.34676833696443,-50.34676833696443,6.8,0.9636892591929664,FAIL
120,30,Poor,Rain,0.0,Slippery,FAIL,133.5626102292769,-103.56261022927691,5.04,0.9635111737914833,FAIL
100,30,Poor,Rain,0.0,Slippery,FAIL,95.9925533999608,-65.99255339996081,5.04,0.9635111737914833,FAIL
100,30,Good,Fog,0.1,Slippery,FAIL,97.71760556074284,-67.71760556074283,4.76,0.9634971821923045,FAIL
120,30,Good,Fog,0.1,Slippery,FAIL,136.71335200746967,-106.71335200746968,4.76,0.9634971821923045,FAIL
60,5,Good,Rain,0.15,Dry,FAIL,30.123456790123463,-25.123456790123463,7.2,0.963322959273048,FAIL
120,30,Moderate,Rain,0.25,Slippery,FAIL,138.5626102292769,-108.56261022927691,5.04,0.9631660294087361,FAIL
40,5,Moderate,Rain,0.05,Slippery,FAIL,19.46991965510484,-14.46991965510484,5.04,0.9630865564261816,FAIL
40,10,Moderate,Rain,0.05,Slippery,FAIL,19.46991965510484,-9.46991965510484,5.04,0.9630865564261816,FAIL
120,20,Good,Fog,0.0,Slippery,FAIL,133.38001867413635,-113.38001867413637,4.76,0.9630267707839593,FAIL
100,20,Good,Fog,0.0,Slippery,FAIL,94.93982778296504,-74.93982778296504,4.76,0.9630267707839593,FAIL
80,30,Poor,Clear,0.15,Wet,FAIL,55.199709513435,-25.199709513435,6.8,0.9629053023620525,FAIL
80,20,Poor,Rain,0.15,Dry,FAIL,53.18244170096021,-33.18244170096021,7.2,0.9629002043793629,FAIL
60,15,Poor,Clear,0.05,Dry,FAIL,29.861111111111114,-14.861111111111114,8.0,0.9626572075654067,FAIL
40,15,Moderate,Fog,0.25,Slippery,FAIL,22.412594667496627,-7.412594667496627,4.76,0.9626402333471905,FAIL
100,20,Poor,Fog,0.05,Dry,FAIL,77.56899055918664,-57.568990559186645,6.8,0.9625720181331626,FAIL
120,20,Poor,Fog,0.05,Dry,FAIL,106.69934640522878,-86.69934640522878,6.8,0.9625720181331626,FAIL
80,20,Poor,Clear,0.0,Dry,FAIL,46.41975308641975,-26.419753086419743,8.0,0.9625336057305193,FAIL
80,30,Good,Rain,0.25,Slippery,FAIL,65.65745639819713,-35.65745639819713,5.04,0.962445066188933,FAIL
60,5,Good,Clear,0.25,Dry,FAIL,29.861111111111114,-24.861111111111114,8.0,0.962326806888932,FAIL
60,10,Good,Clear,0.25,Dry,FAIL,29.861111111111114,-19.861111111111114,8.0,0.962326806888932,FAIL
60,30,Poor,Fog,0.05,Slippery,FAIL,41.67833800186742,-11.678338001867417,4.76,0.9623239766010506,FAIL
80,20,Poor,Clear,0.25,Dry,FAIL,51.9753086419753,-31.975308641975303,8.0,0.9623215346654204,FAIL
120,20,Good,Fog,0.1,Wet,FAIL,116.11687812379856,-96.11687812379856,5.779999999999999,0.9623056912071176,FAIL
100,20,Good,Fog,0.1,Wet,FAIL,83.41449869708234,-63.41449869708234,5.779999999999999,0.9623056912071176,FAIL
80,30,Good,Rain,0.1,Wet,FAIL,53.67868958282901,-23.67868958282901,6.12,0.9622552450992516,FAIL
80,20,Good,Fog,0.0,Slippery,FAIL,62.98371200331985,-42.98371200331985,4.76,0.9622266903864766,FAIL
120,30,Poor,Fog,0.25,Wet,FAIL,127.78354479046524,-97.78354479046524,5.779999999999999,0.9622244810896042,FAIL
100,30,Poor,Fog,0.25,Wet,FAIL,93.13672091930457,-63.13672091930455,5.779999999999999,0.9622244810896042,FAIL
40,5,Moderate,Rain,0.25,Slippery,FAIL,21.69214187732706,-16.69214187732706,5.04,0.9621955772995813,FAIL
40,10,Moderate,Rain,0.25,Slippery,FAIL,21.69214187732706,-11.69214187732706,5.04,0.9621955772995813,FAIL
80,30,Good,Fog,0.1,Slippery,FAIL,65.20593422554207,-35.205934225542066,4.76,0.9621422247701787,FAIL
100,20,Good,Rain,0.0,Wet,FAIL,76.9285080287259,-56.9285080287259,6.12,0.9621241470244832,FAIL
120,20,Good,Rain,0.0,Wet,FAIL,107.44371822803195,-87.44371822803197,6.12,0.9621241470244832,FAIL
60,15,Good,Clear,0.05,Wet,FAIL,29.591503267973863,-14.591503267973865,6.8,0.9620747366580387,FAIL
40,15,Poor,Rain,0.0,Slippery,FAIL,20.0254752106604,-5.025475210660396,5.04,0.9620500309037601,FAIL
40,5,Good,Rain,0.15,Slippery,FAIL,19.46991965510484,-14.46991965510484,5.04,0.9620249862040344,FAIL
40,10,Good,Rain,0.15,Slippery,FAIL,19.46991965510484,-9.46991965510484,5.04,0.9620249862040344,FAIL
80,30,Moderate,Rain,0.15,Wet,FAIL,57.01202291616234,-27.012022916162344,6.12,0.9619641268292503,FAIL
120,20,Moderate,Rain,0.15,Dry,FAIL,102.16049382716052,-82.16049382716051,7.2,0.9617755132803627,FAIL
100,20,Moderate,Rain,0.15,Dry,FAIL,74.41700960219478,-54.41700960219478,7.2,0.9617755132803627,FAIL
80,30,Poor,Fog,0.25,Wet,FAIL,63.82972361057713,-33.82972361057713,5.779999999999999,0.9617745331750089,FAIL
60,5,Good,Fog,0.1,Dry,FAIL,30.424836601307195,-25.424836601307195,6.8,0.9616352409325014,FAIL
80,30,Moderate,Rain,0.25,Slippery,FAIL,67.87967862041936,-37.87967862041936,5.04,0.9615651796886885,FAIL
80,30,Moderate,Fog,0.0,Slippery,FAIL,65.20593422554207,-35.205934225542066,4.76,0.9615002330175416,FAIL
60,10,Good,Fog,0.1,Dry,FAIL,30.424836601307195,-20.424836601307195,6.8,0.961483071903477,FAIL
60,5,Moderate,Clear,0.05,Dry,FAIL,28.19444444444445,-23.19444444444445,8.0,0.9614800376767855,FAIL
100,20,Moderate,Clear,0.05,Wet,FAIL,74.79121278140886,-54.79121278140886,6.8,0.9614502737531019,FAIL
120,20,Moderate,Clear,0.05,Wet,FAIL,103.36601307189544,-83.36601307189545,6.8,0.9614502737531019,FAIL
120,20,Good,Clear,0.15,Dry,FAIL,91.11111111111111,-71.11111111111113,8.0,0.9614463155265728,FAIL
100,20,Good,Clear,0.15,Dry,FAIL,66.28086419753086,-46.28086419753086,8.0,0.9614463155265728,FAIL
60,10,Moderate,Clear,0.05,Dry,FAIL,28.19444444444445,-18.19444444444445,8.0,0.9614209741027693,FAIL
120,20,Poor,Rain,0.05,Dry,FAIL,102.16049382716052,-82.16049382716051,7.2,0.9614102348624872,FAIL
120,20,Poor,Clear,0.25,Wet,FAIL,113.36601307189544,-93.36601307189544,6.8,0.9613967826210514,FAIL
100,20,Poor,Clear,0.25,Wet,FAIL,83.1245461147422,-63.1245461147422,6.8,0.9613967826210514,FAIL
80,20,Poor,Clear,0.25,Wet,FAIL,57.421931735657225,-37.421931735657225,6.8,0.9612250880652203,FAIL
100,30,Moderate,Rain,0.05,Slippery,FAIL,94.60366451107193,-64.60366451107193,5.04,0.961213893878704,FAIL
120,30,Moderate,Rain,0.05,Slippery,FAIL,131.89594356261026,-101.89594356261026,5.04,0.961213893878704,FAIL
80,20,Poor,Rain,0.1,Dry,FAIL,52.071330589849104,-32.071330589849104,7.2,0.9611825678748478,FAIL
100,20,Moderate,Fog,0.1,Wet,FAIL,86.19227647486011,-66.19227647486011,5.779999999999999,0.9609220269775772,FAIL
120,20,Moderate,Fog,0.1,Wet,FAIL,119.4502114571319,-99.4502114571319,5.779999999999999,0.9609220269775772,FAIL
80,30,Good,Rain,0.15,Wet,FAIL,54.78980069394012,-24.789800693940123,6.12,0.9609158166492229,FAIL
100,20,Poor,Fog,0.05,Wet,FAIL,87.581165363749,-67.581165363749,5.779999999999999,0.960910461073183,FAIL
120,20,Poor,Fog,0.05,Wet,FAIL,121.11687812379856,-101.11687812379856,5.779999999999999,0.960910461073183,FAIL
80,30,Poor,Rain,0.0,Slippery,FAIL,64.54634528708603,-34.54634528708603,5.04,0.960898979033644,FAIL
60,30,Poor,Fog,0.15,Slippery,FAIL,43.34500466853409,-13.345004668534088,4.76,0.9608942820997626,FAIL
80,20,Good,Rain,0.0,Wet,FAIL,51.4564673606068,-31.4564673606068,6.12,0.9607144138718748,FAIL
120,30,Moderate,Rain,0.25,Wet,FAIL,119.11038489469864,-89.11038489469863,6.12,0.9606965577207764,FAIL
60,5,Good,Rain,0.25,Dry,FAIL,31.790123456790127,-26.790123456790127,7.2,0.9606532391712534,FAIL
80,20,Good,Fog,0.1,Wet,FAIL,56.05194583279935,-36.05194583279935,5.779999999999999,0.9606446996631492,FAIL
120,20,Poor,Fog,0.0,Wet,FAIL,119.4502114571319,-99.4502114571319,5.779999999999999,0.9604735350621321,FAIL
100,20,Poor,Fog,0.0,Wet,FAIL,86.19227647486011,-66.19227647486011,5.779999999999999,0.9604735350621321,FAIL
60,10,Good,Rain,0.25,Dry,FAIL,31.790123456790127,-21.790123456790127,7.2,0.9604502970608946,FAIL
80,15,Good,Clear,0.1,Dry,FAIL,44.19753086419753,-29.19753086419753,8.0,0.9603906511668366,FAIL
80,20,Moderate,Fog,0.1,Wet,FAIL,58.274168055021576,-38.274168055021576,5.779999999999999,0.9603447648677882,FAIL
100,20,Moderate,Rain,0.0,Slippery,FAIL,93.21477562218304,-73.21477562218304,5.04,0.9601747702058578,FAIL
120,20,Moderate,Rain,0.0,Slippery,FAIL,130.2292768959436,-110.2292768959436,5.04,0.9601747702058578,FAIL
40,5,Moderate,Clear,0.25,Slippery,FAIL,20.4673721340388,-15.4673721340388,5.6,0.9601049595011155,FAIL
40,10,Good,Fog,0.25,Slippery,FAIL,21.30148355638552,-11.301483556385516,4.76,0.9599843835244233,FAIL
100,30,Good,Clear,0.0,Slippery,FAIL,82.78218694885362,-52.78218694885362,5.6,0.9599424063149508,FAIL
120,30,Good,Clear,0.0,Slippery,FAIL,115.8730158730159,-85.8730158730159,5.6,0.9599424063149508,FAIL
80,20,Poor,Fog,0.05,Wet,FAIL,59.38527916613268,-39.38527916613268,5.779999999999999,0.9598382974585158,FAIL
80,20,Moderate,Clear,0.05,Wet,FAIL,50.75526506899055,-30.75526506899056,6.8,0.9594917024315179,FAIL
120,30,Poor,Fog,0.1,Wet,FAIL,122.78354479046524,-92.78354479046524,5.779999999999999,0.9594891227297715,FAIL
100,30,Poor,Fog,0.1,Wet,FAIL,88.9700542526379,-58.97005425263789,5.779999999999999,0.9594891227297715,FAIL
120,30,Poor,Clear,0.25,Wet,FAIL,113.36601307189544,-83.36601307189545,6.8,0.9594416055879526,FAIL
100,30,Poor,Clear,0.25,Wet,FAIL,83.1245461147422,-53.1245461147422,6.8,0.9594416055879526,FAIL
80,20,Moderate,Rain,0.0,Slippery,FAIL,62.3241230648638,-42.3241230648638,5.04,0.9594142733344471,FAIL
60,20,Poor,Clear,0.1,Slippery,FAIL,38.13492063492065,-18.134920634920647,5.6,0.9594050227816464,FAIL
120,20,Good,Clear,0.1,Dry,FAIL,89.44444444444446,-69.44444444444446,8.0,0.9593833948206324,FAIL
40,10,Good,Rain,0.25,Slippery,FAIL,20.58103076621595,-10.58103076621595,5.04,0.9593690399906372,FAIL
40,5,Good,Rain,0.25,Slippery,FAIL,20.58103076621595,-15.58103076621595,5.04,0.9593690399906372,FAIL
80,20,Poor,Fog,0.0,Wet,FAIL,58.274168055021576,-38.274168055021576,5.779999999999999,0.9593325752997245,FAIL
120,20,Good,Fog,0.25,Wet,FAIL,121.11687812379856,-101.11687812379856,5.779999999999999,0.959282035382796,FAIL
100,20,Good,Fog,0.25,Wet,FAIL,87.581165363749,-67.581165363749,5.779999999999999,0.959282035382796,FAIL
40,5,Moderate,Clear,0.1,Slippery,FAIL,18.800705467372133,-13.800705467372133,5.6,0.9592114827302367,FAIL
100,30,Good,Fog,0.25,Slippery,FAIL,101.8842722274095,-71.8842722274095,4.76,0.9591724899559493,FAIL
120,30,Good,Fog,0.25,Slippery,FAIL,141.71335200746967,-111.71335200746968,4.76,0.9591724899559493,FAIL
60,5,Moderate,Rain,0.0,Dry,FAIL,29.290123456790127,-24.290123456790127,7.2,0.9589561501563759,FAIL
120,20,Poor,Clear,0.0,Wet,FAIL,105.03267973856212,-85.03267973856211,6.8,0.9588812772517455,FAIL
100,20,Poor,Clear,0.0,Wet,FAIL,76.18010167029774,-56.18010167029775,6.8,0.9588812772517455,FAIL
60,20,Moderate,Fog,0.05,Slippery,FAIL,40.01167133520075,-20.011671335200752,4.76,0.958850888791672,FAIL
60,10,Moderate,Rain,0.0,Dry,FAIL,29.290123456790127,-19.290123456790127,7.2,0.9588422329514257,FAIL
100,20,Poor,Rain,0.1,Wet,FAIL,85.26184136205923,-65.26184136205923,6.12,0.9587825624631761,FAIL
120,20,Poor,Rain,0.1,Wet,FAIL,117.44371822803195,-97.44371822803195,6.12,0.9587825624631761,FAIL
80,30,Poor,Fog,0.1,Wet,FAIL,60.4963902772438,-30.4963902772438,5.779999999999999,0.9587649932564389,FAIL
100,20,Moderate,Clear,0.15,Dry,FAIL,69.05864197530865,-49.058641975308646,8.0,0.958594006308255,FAIL
120,20,Moderate,Clear,0.15,Dry,FAIL,94.44444444444446,-74.44444444444446,8.0,0.958594006308255,FAIL
80,30,Poor,Clear,0.25,Wet,FAIL,57.421931735657225,-27.421931735657225,6.8,0.9585711437936346,FAIL
80,30,Good,Clear,0.0,Slippery,FAIL,55.20282186948853,-25.20282186948853,5.6,0.9585407694794748,FAIL
120,30,Moderate,Clear,0.0,Slippery,FAIL,119.20634920634924,-89.20634920634923,5.6,0.9585166486516086,FAIL
100,30,Moderate,Clear,0.0,Slippery,FAIL,85.5599647266314,-55.55996472663141,5.6,0.9585166486516086,FAIL
60,30,Poor,Fog,0.0,Slippery,FAIL,40.84500466853409,-10.845004668534088,4.76,0.9583778792368853,FAIL
80,30,Moderate,Rain,0.05,Slippery,FAIL,63.43523417597491,-33.43523417597491,5.04,0.9583637466248321,FAIL
120,20,Moderate,Rain,0.1,Wet,FAIL,114.11038489469864,-94.11038489469864,6.12,0.9583146870594934,FAIL
100,20,Moderate,Rain,0.1,Wet,FAIL,82.48406358428144,-62.48406358428144,6.12,0.9583146870594934,FAIL
40,5,Good,Fog,0.15,Slippery,FAIL,20.19037244527441,-15.190372445274406,4.76,0.9583086794768325,FAIL
40,10,Good,Fog,0.15,Slippery,FAIL,20.19037244527441,-10.190372445274406,4.76,0.9582599695904397,FAIL
80,20,Poor,Clear,0.0,Wet,FAIL,51.86637618010167,-31.866376180101668,6.8,0.9581568490035014,FAIL
120,30,Poor,Clear,0.1,Dry,FAIL,96.11111111111111,-66.11111111111113,8.0,0.9581103706572982,FAIL
80,30,Moderate,Rain,0.25,Wet,FAIL,59.234245138384566,-29.23424513838457,6.12,0.9580993747414505,FAIL
100,30,Poor,Clear,0.1,Dry,FAIL,70.44753086419753,-40.44753086419753,8.0,0.9579954272958471,FAIL
80,20,Poor,Rain,0.05,Dry,FAIL,50.96021947873799,-30.96021947873799,7.2,0.9579630034810342,FAIL
80,20,Poor,Rain,0.1,Wet,FAIL,58.12313402727346,-38.12313402727346,6.12,0.9579099180350731,FAIL
120,30,Poor,Fog,0.15,Dry,FAIL,110.03267973856212,-80.03267973856212,6.8,0.9578705391861477,FAIL
100,30,Poor,Fog,0.15,Dry,FAIL,80.34676833696443,-50.34676833696443,6.8,0.9578705391861477,FAIL
60,10,Good,Rain,0.1,Dry,FAIL,29.290123456790127,-19.290123456790127,7.2,0.9578619101584275,FAIL
100,20,Moderate,Fog,0.1,Dry,FAIL,76.18010167029774,-56.18010167029775,6.8,0.9578580186760342,FAIL
120,20,Moderate,Fog,0.1,Dry,FAIL,105.03267973856212,-85.03267973856211,6.8,0.9578580186760342,FAIL
100,20,Good,Rain,0.0,Slippery,FAIL,90.43699784440524,-70.43699784440525,5.04,0.9578080800705715,FAIL
120,20,Good,Rain,0.0,Slippery,FAIL,126.89594356261026,-106.89594356261026,5.04,0.9578080800705715,FAIL
60,15,Moderate,Rain,0.15,Dry,FAIL,31.790123456790127,-16.790123456790127,7.2,0.9577769304186983,FAIL
60,30,Poor,Fog,0.1,Slippery,FAIL,42.51167133520076,-12.51167133520076,4.76,0.957729540925033,FAIL
100,15,Good,Clear,0.05,Dry,FAIL,63.50308641975309,-48.50308641975309,8.0,0.9576443352252001,FAIL
120,15,Good,Clear,0.05,Dry,FAIL,87.7777777777778,-72.7777777777778,8.0,0.9576443352252001,FAIL
80,20,Good,Fog,0.25,Wet,FAIL,59.38527916613268,-39.38527916613268,5.779999999999999,0.9575723458938755,FAIL
80,30,Good,Fog,0.25,Slippery,FAIL,68.5392675588754,-38.5392675588754,4.76,0.9575678036864129,FAIL
120,20,Good,Fog,0.15,Dry,FAIL,103.36601307189544,-83.36601307189545,6.8,0.9575356067051605,FAIL
100,20,Good,Fog,0.15,Dry,FAIL,74.79121278140886,-54.79121278140886,6.8,0.9575356067051605,FAIL
100,20,Good,Clear,0.0,Wet,FAIL,70.6245461147422,-50.6245461147422,6.8,0.9574798131899247,FAIL
120,20,Good,Clear,0.0,Wet,FAIL,98.36601307189544,-78.36601307189545,6.8,0.9574798131899247,FAIL
120,20,Poor,Fog,0.0,Dry,FAIL,105.03267973856212,-85.03267973856211,6.8,0.9573537891670908,FAIL
100,20,Poor,Fog,0.0,Dry,FAIL,76.18010167029774,-56.18010167029775,6.8,0.9573195791178664,FAIL
120,20,Poor,Rain,0.25,Dry,FAIL,108.82716049382718,-88.82716049382718,7.2,0.9573148215937936,FAIL
100,20,Poor,Rain,0.25,Dry,FAIL,79.97256515775034,-59.97256515775034,7.2,0.9573148215937936,FAIL
80,20,Good,Rain,0.0,Slippery,FAIL,60.101900842641584,-40.101900842641584,5.04,0.9572765068189145,FAIL
100,20,Moderate,Fog,0.05,Wet,FAIL,84.80338758597122,-64.80338758597122,5.779999999999999,0.9572696357027233,FAIL
120,20,Moderate,Fog,0.05,Wet,FAIL,117.78354479046524,-97.78354479046524,5.779999999999999,0.9572696357027233,FAIL
120,30,Good,Clear,0.15,Wet,FAIL,103.36601307189544,-73.36601307189545,6.8,0.9571747979615562,FAIL
100,30,Good,Clear,0.15,Wet,FAIL,74.79121278140886,-44.79121278140886,6.8,0.9571747979615562,FAIL
80,30,Moderate,Clear,0.0,Slippery,FAIL,57.42504409171076,-27.42504409171076,5.6,0.9570912826637585,FAIL
100,20,Moderate,Rain,0.25,Wet,FAIL,86.65073025094811,-66.65073025094811,6.12,0.9570759768878719,FAIL
120,20,Moderate,Rain,0.25,Wet,FAIL,119.11038489469864,-99.11038489469864,6.12,0.9570759768878719,FAIL
100,30,Moderate,Clear,0.15,Wet,FAIL,77.56899055918664,-47.568990559186645,6.8,0.95696952443227,FAIL
120,30,Moderate,Clear,0.15,Wet,FAIL,106.69934640522878,-76.69934640522878,6.8,0.95696952443227,FAIL
100,20,Moderate,Clear,0.25,Wet,FAIL,80.34676833696442,-60.346768336964416,6.8,0.9569254580630796,FAIL
120,20,Moderate,Clear,0.25,Wet,FAIL,110.03267973856212,-90.03267973856211,6.8,0.9569254580630796,FAIL
120,30,Poor,Rain,0.25,Wet,FAIL,122.44371822803195,-92.44371822803195,6.12,0.9567961301579097,FAIL
100,30,Poor,Rain,0.25,Wet,FAIL,89.4285080287259,-59.4285080287259,6.12,0.9567961301579097,FAIL
80,20,Poor,Fog,0.05,Dry,FAIL,52.977487291212775,-32.977487291212775,6.8,0.9567453972349679,FAIL
100,20,Poor,Rain,0.15,Wet,FAIL,86.65073025094813,-66.65073025094813,6.12,0.9567191850577748,FAIL
120,20,Poor,Rain,0.15,Wet,FAIL,119.11038489469864,-99.11038489469864,6.12,0.9567191850577748,FAIL
120,30,Poor,Clear,0.05,Wet,FAIL,106.69934640522878,-76.69934640522878,6.8,0.9566698443036973,FAIL
100,30,Poor,Clear,0.05,Wet,FAIL,77.56899055918664,-47.568990559186645,6.8,0.9566698443036973,FAIL
80,20,Moderate,Rain,0.1,Wet,FAIL,55.90091180505124,-35.90091180505124,6.12,0.9565342278715546,FAIL
60,15,Moderate,Rain,0.25,Dry,FAIL,33.4567901234568,-18.4567901234568,7.2,0.956492544341588,FAIL
120,30,Moderate,Clear,0.25,Slippery,FAIL,127.53968253968256,-97.53968253968256,5.6,0.9563612549973556,FAIL
100,30,Moderate,Clear,0.25,Slippery,FAIL,92.50440917107584,-62.50440917107585,5.6,0.9563612549973556,FAIL
60,20,Poor,Clear,0.15,Slippery,FAIL,38.968253968253975,-18.96825396825397,5.6,0.9562787649541485,FAIL
80,20,Moderate,Rain,0.25,Wet,FAIL,59.234245138384566,-39.234245138384566,6.12,0.9562135481053865,FAIL
80,30,Poor,Fog,0.15,Dry,FAIL,55.199709513435,-25.199709513435,6.8,0.9561758589559812,FAIL
40,5,Moderate,Clear,0.15,Slippery,FAIL,19.35626102292769,-14.35626102292769,5.6,0.9560068252898247,FAIL
40,5,Moderate,Clear,0.05,Slippery,FAIL,18.24514991181658,-13.24514991181658,5.6,0.9559999468248821,FAIL
80,20,Moderate,Clear,0.25,Wet,FAIL,55.199709513435,-35.199709513435,6.8,0.9559949457667157,FAIL
100,20,Moderate,Clear,0.1,Dry,FAIL,67.66975308641975,-47.66975308641975,8.0,0.9558398049130818,FAIL
120,20,Moderate,Clear,0.1,Dry,FAIL,92.7777777777778,-72.77777777777779,8.0,0.9558398049130818,FAIL
100,20,Good,Fog,0.05,Wet,FAIL,82.02560980819345,-62.02560980819345,5.779999999999999,0.955838206801619,FAIL
120,20,Good,Fog,0.05,Wet,FAIL,114.4502114571319,-94.4502114571319,5.779999999999999,0.955838206801619,FAIL
80,20,Poor,Rain,0.15,Wet,FAIL,59.234245138384566,-39.234245138384566,6.12,0.9558360870838533,FAIL
80,20,Moderate,Fog,0.05,Wet,FAIL,57.16305694391046,-37.16305694391046,5.779999999999999,0.9558193766184402,FAIL
80,20,Poor,Rain,0.25,Dry,FAIL,55.40466392318244,-35.40466392318244,7.2,0.955764778016502,FAIL
40,10,Moderate,Clear,0.05,Slippery,FAIL,18.24514991181658,-8.24514991181658,5.6,0.9557001247470798,FAIL
40,10,Moderate,Clear,0.15,Slippery,FAIL,19.35626102292769,-9.35626102292769,5.6,0.9556568680478655,FAIL
80,30,Moderate,Clear,0.25,Slippery,FAIL,62.98059964726632,-32.98059964726632,5.6,0.9555273120028731,FAIL
120,30,Moderate,Fog,0.15,Wet,FAIL,121.11687812379856,-91.11687812379856,5.779999999999999,0.9554832977167976,FAIL
100,30,Moderate,Fog,0.15,Wet,FAIL,87.581165363749,-57.581165363748994,5.779999999999999,0.9554832977167976,FAIL
100,30,Moderate,Clear,0.1,Wet,FAIL,76.18010167029774,-46.18010167029775,6.8,0.9554773288286593,FAIL
120,30,Moderate,Clear,0.1,Wet,FAIL,105.03267973856212,-75.03267973856211,6.8,0.9554773288286593,FAIL
60,15,Poor,Clear,0.0,Dry,FAIL,29.02777777777778,-14.02777777777778,8.0,0.9554669414153318,FAIL
40,10,Moderate,Rain,0.0,Slippery,FAIL,18.91436409954928,-8.914364099549282,5.04,0.9554395648964122,FAIL
40,5,Moderate,Rain,0.0,Slippery,FAIL,18.91436409954928,-13.914364099549282,5.04,0.9554395648964122,FAIL
40,15,Moderate,Fog,0.05,Slippery,FAIL,20.19037244527441,-5.190372445274406,4.76,0.9552968900241714,FAIL
80,20,Good,Clear,0.0,Wet,FAIL,47.421931735657225,-27.421931735657225,6.8,0.955210477677087,FAIL
120,30,Poor,Fog,0.25,Dry,FAIL,113.36601307189544,-83.36601307189545,6.8,0.9550715940160577,FAIL
100,30,Poor,Fog,0.25,Dry,FAIL,83.1245461147422,-53.1245461147422,6.8,0.9550715940160577,FAIL
120,30,Good,Fog,0.0,Slippery,FAIL,133.38001867413635,-103.38001867413637,4.76,0.9549501465717837,FAIL
100,30,Good,Fog,0.0,Slippery,FAIL,94.93982778296504,-64.93982778296504,4.76,0.9549501465717837,FAIL
40,5,Good,Rain,0.1,Slippery,FAIL,18.91436409954928,-13.914364099549282,5.04,0.9548880865499816,FAIL
40,10,Good,Rain,0.1,Slippery,FAIL,18.91436409954928,-8.914364099549282,5.04,0.9548880865499816,FAIL
60,15,Good,Clear,0.0,Wet,FAIL,28.758169934640527,-13.758169934640527,6.8,0.9548766941337646,FAIL
60,5,Moderate,Clear,0.0,Dry,FAIL,27.361111111111114,-22.361111111111114,8.0,0.9548325410180398,FAIL
60,15,Moderate,Clear,0.25,Dry,FAIL,31.527777777777786,-16.527777777777782,8.0,0.954821537010887,FAIL
60,10,Moderate,Clear,0.0,Dry,FAIL,27.361111111111114,-17.361111111111114,8.0,0.9547560050420835,FAIL
100,30,Good,Clear,0.1,Wet,FAIL,73.40232389251997,-43.40232389251997,6.8,0.9545256933762687,FAIL
120,30,Good,Clear,0.1,Wet,FAIL,101.69934640522878,-71.69934640522878,6.8,0.9545256933762687,FAIL
100,30,Poor,Rain,0.15,Wet,FAIL,86.65073025094813,-56.65073025094813,6.12,0.9544342719681584,FAIL
120,30,Poor,Rain,0.15,Wet,FAIL,119.11038489469864,-89.11038489469864,6.12,0.9544342719681584,FAIL
40,5,Poor,Clear,0.25,Slippery,FAIL,21.57848324514991,-16.57848324514991,5.6,0.9543899780511408,FAIL
80,30,Poor,Clear,0.05,Wet,FAIL,52.977487291212775,-22.97748729121277,6.8,0.9543843136996222,FAIL
100,20,Moderate,Fog,0.0,Wet,FAIL,83.41449869708234,-63.41449869708234,5.779999999999999,0.9542720008123086,FAIL
120,20,Moderate,Fog,0.0,Wet,FAIL,116.11687812379856,-96.11687812379856,5.779999999999999,0.9542720008123086,FAIL
80,20,Moderate,Clear,0.15,Dry,FAIL,47.53086419753086,-27.53086419753086,8.0,0.9542664796011291,FAIL
80,30,Moderate,Clear,0.15,Wet,FAIL,52.977487291212775,-22.97748729121277,6.8,0.95423267919634,FAIL
80,30,Good,Clear,0.15,Wet,FAIL,50.75526506899055,-20.75526506899056,6.8,0.9541141853501014,FAIL
40,10,Poor,Clear,0.25,Slippery,FAIL,21.57848324514991,-11.578483245149911,5.6,0.9541112580824314,FAIL
80,20,Good,Clear,0.15,Dry,FAIL,45.30864197530864,-25.30864197530864,8.0,0.9540897679222569,FAIL
40,15,Moderate,Rain,0.1,Slippery,FAIL,20.0254752106604,-5.025475210660396,5.04,0.9538992660246158,FAIL
100,30,Poor,Rain,0.1,Wet,FAIL,85.26184136205923,-55.26184136205923,6.12,0.953890600487909,FAIL
120,30,Poor,Rain,0.1,Wet,FAIL,117.44371822803195,-87.44371822803197,6.12,0.953890600487909,FAIL
60,20,Moderate,Clear,0.1,Slippery,FAIL,36.468253968253975,-16.468253968253975,5.6,0.953625146152498,FAIL
80,30,Poor,Fog,0.25,Dry,FAIL,57.421931735657225,-27.421931735657225,6.8,0.953567859900778,FAIL
80,30,Moderate,Fog,0.15,Wet,FAIL,59.38527916613268,-29.385279166132683,5.779999999999999,0.9535445782655236,FAIL
120,20,Moderate,Clear,0.05,Dry,FAIL,91.11111111111111,-71.11111111111113,8.0,0.9534159988986133,FAIL
120,20,Poor,Rain,0.25,Wet,FAIL,122.44371822803195,-102.44371822803195,6.12,0.9533621530819992,FAIL
100,20,Poor,Rain,0.25,Wet,FAIL,89.4285080287259,-69.4285080287259,6.12,0.9533621530819992,FAIL
60,20,Poor,Clear,0.05,Slippery,FAIL,37.3015873015873,-17.301587301587304,5.6,0.9533259127547149,FAIL
120,30,Poor,Fog,0.0,Wet,FAIL,119.4502114571319,-89.4502114571319,5.779999999999999,0.9530773728678874,FAIL
100,30,Poor,Fog,0.0,Wet,FAIL,86.19227647486011,-56.19227647486011,5.779999999999999,0.9530773728678874,FAIL
120,30,Good,Rain,0.25,Wet,FAIL,115.7770515613653,-85.7770515613653,6.12,0.9530297565074994,FAIL
60,20,Moderate,Clear,0.15,Slippery,FAIL,37.3015873015873,-17.301587301587304,5.6,0.9529566807615124,FAIL
80,30,Poor,Rain,0.15,Wet,FAIL,59.234245138384566,-29.23424513838457,6.12,0.9529315750143592,FAIL
120,30,Moderate,Rain,0.1,Wet,FAIL,114.11038489469864,-84.11038489469863,6.12,0.9528715584968002,FAIL
100,30,Moderate,Rain,0.1,Wet,FAIL,82.48406358428144,-52.48406358428144,6.12,0.9528715584968002,FAIL
80,20,Moderate,Fog,0.1,Dry,FAIL,51.86637618010167,-31.866376180101668,6.8,0.9528371601515152,FAIL
100,30,Good,Rain,0.25,Wet,FAIL,83.87295247317034,-53.87295247317034,6.12,0.9527992234014027,FAIL
120,20,Good,Clear,0.25,Dry,FAIL,94.44444444444446,-74.44444444444446,8.0,0.9526094048934141,FAIL
80,20,Good,Fog,0.05,Wet,FAIL,54.94083472168824,-34.94083472168824,5.779999999999999,0.9524947645119877,FAIL
80,20,Poor,Rain,0.25,Wet,FAIL,61.4564673606068,-41.4564673606068,6.12,0.9524857723808424,FAIL
60,30,Poor,Fog,0.25,Slippery,FAIL,45.01167133520075,-15.011671335200752,4.76,0.9523753744089871,FAIL
120,30,Poor,Clear,0.15,Dry,FAIL,97.7777777777778,-67.7777777777778,8.0,0.9522304725860561,FAIL
120,30,Poor,Fog,0.05,Wet,FAIL,121.11687812379856,-91.11687812379856,5.779999999999999,0.9522111417709436,FAIL
100,30,Poor,Fog,0.05,Wet,FAIL,87.581165363749,-57.581165363748994,5.779999999999999,0.9522111417709436,FAIL
40,10,Good,Rain,0.05,Slippery,FAIL,18.358808543993728,-8.358808543993728,5.04,0.952133502949158,FAIL
40,5,Good,Rain,0.05,Slippery,FAIL,18.358808543993728,-13.358808543993728,5.04,0.952133502949158,FAIL
80,30,Poor,Rain,0.1,Wet,FAIL,58.12313402727346,-28.12313402727346,6.12,0.9520552318550438,FAIL
100,20,Moderate,Clear,0.0,Wet,FAIL,73.40232389251997,-53.40232389251997,6.8,0.9518376623458504,FAIL
120,20,Moderate,Clear,0.0,Wet,FAIL,101.69934640522878,-81.69934640522878,6.8,0.9518376623458504,FAIL
60,5,Good,Fog,0.0,Dry,FAIL,28.758169934640527,-23.758169934640527,6.8,0.9515299355654292,FAIL
120,30,Poor,Clear,0.05,Dry,FAIL,94.44444444444446,-64.44444444444446,8.0,0.951379902464144,FAIL
80,30,Poor,Clear,0.1,Dry,FAIL,48.641975308641975,-18.64197530864197,8.0,0.9513745102753248,FAIL
120,30,Good,Rain,0.0,Slippery,FAIL,126.89594356261026,-96.89594356261026,5.04,0.9513661977716593,FAIL
100,30,Good,Rain,0.0,Slippery,FAIL,90.43699784440524,-60.436997844405255,5.04,0.9513661977716593,FAIL
120,20,Moderate,Rain,0.1,Dry,FAIL,100.49382716049384,-80.49382716049384,7.2,0.9513430772642135,FAIL
100,20,Moderate,Rain,0.1,Dry,FAIL,73.0281207133059,-53.028120713305896,7.2,0.9513430772642135,FAIL
80,20,Poor,Fog,0.0,Dry,FAIL,51.86637618010167,-31.866376180101668,6.8,0.9513123541712659,FAIL
60,10,Good,Fog,0.0,Dry,FAIL,28.758169934640527,-18.758169934640527,6.8,0.9513034894477072,FAIL
40,15,Moderate,Rain,0.25,Slippery,FAIL,21.69214187732706,-6.69214187732706,5.04,0.9512508845062296,FAIL
100,30,Poor,Clear,0.05,Dry,FAIL,69.05864197530865,-39.058641975308646,8.0,0.951215693239616,FAIL
40,5,Moderate,Clear,0.0,Slippery,FAIL,17.689594356261022,-12.689594356261022,5.6,0.951209635980357,FAIL
80,30,Good,Clear,0.1,Wet,FAIL,49.64415395787944,-19.64415395787944,6.8,0.9511416699717692,FAIL
80,20,Good,Fog,0.15,Dry,FAIL,50.75526506899055,-30.75526506899056,6.8,0.9510592646628766,FAIL
100,30,Moderate,Clear,0.25,Wet,FAIL,80.34676833696442,-50.346768336964416,6.8,0.9510548820510956,FAIL
120,30,Moderate,Clear,0.25,Wet,FAIL,110.03267973856212,-80.03267973856211,6.8,0.9510548820510956,FAIL
120,20,Good,Fog,0.0,Wet,FAIL,112.78354479046524,-92.78354479046524,5.779999999999999,0.9510029849544701,FAIL
120,20,Good,Clear,0.05,Dry,FAIL,87.7777777777778,-67.7777777777778,8.0,0.9509839591488243,FAIL
100,20,Good,Clear,0.05,Dry,FAIL,63.50308641975309,-43.50308641975309,8.0,0.9509839591488243,FAIL
100,30,Moderate,Fog,0.25,Wet,FAIL,90.35894314152678,-60.35894314152678,5.779999999999999,0.9509814180563874,FAIL
120,30,Moderate,Fog,0.25,Wet,FAIL,124.4502114571319,-94.4502114571319,5.779999999999999,0.9509814180563874,FAIL
40,10,Moderate,Clear,0.0,Slippery,FAIL,17.689594356261022,-7.689594356261022,5.6,0.9509090039269461,FAIL
100,15,Good,Clear,0.0,Dry,FAIL,62.1141975308642,-47.1141975308642,8.0,0.9507888637498038,FAIL
120,15,Good,Clear,0.0,Dry,FAIL,86.11111111111113,-71.11111111111113,8.0,0.9507888637498038,FAIL
100,30,Poor,Rain,0.15,Dry,FAIL,77.19478737997257,-47.19478737997257,7.2,0.9504148675209502,FAIL
120,30,Poor,Rain,0.15,Dry,FAIL,105.49382716049384,-75.49382716049385,7.2,0.9504148675209502,FAIL
80,30,Poor,Fog,0.0,Wet,FAIL,58.274168055021576,-28.274168055021576,5.779999999999999,0.9503913152799932,FAIL
120,30,Good,Rain,0.05,Wet,FAIL,109.11038489469864,-79.11038489469863,6.12,0.9503011355400982,FAIL
100,30,Good,Rain,0.05,Wet,FAIL,78.31739691761479,-48.31739691761479,6.12,0.9503011355400982,FAIL
60,5,Good,Rain,0.0,Dry,FAIL,27.623456790123463,-22.623456790123463,7.2,0.9502506896993168,FAIL
80,15,Good,Clear,0.05,Dry,FAIL,43.08641975308642,-28.086419753086417,8.0,0.950244554861527,FAIL
60,20,Poor,Fog,0.15,Wet,FAIL,38.19588619761631,-18.19588619761631,5.779999999999999,0.950167284723036,FAIL
60,20,Moderate,Fog,0.0,Slippery,FAIL,39.17833800186742,-19.178338001867417,4.76,0.9500207858185611,FAIL
60,10,Good,Rain,0.0,Dry,FAIL,27.623456790123463,-17.623456790123463,7.2,0.9500091856932688,FAIL
60,15,Moderate,Fog,0.1,Dry,FAIL,32.09150326797386,-17.091503267973863,6.8,0.9497779892219848,FAIL
80,20,Moderate,Clear,0.0,Wet,FAIL,49.64415395787944,-29.64415395787944,6.8,0.9495389776728089,FAIL
80,30,Poor,Fog,0.05,Wet,FAIL,59.38527916613268,-29.385279166132683,5.779999999999999,0.9495271403257659,FAIL
120,20,Poor,Rain,0.0,Dry,FAIL,100.49382716049384,-80.49382716049384,7.2,0.9495266586347668,FAIL
100,20,Poor,Rain,0.0,Dry,FAIL,73.0281207133059,-53.028120713305896,7.2,0.9494595402315348,FAIL
80,30,Good,Rain,0.25,Wet,FAIL,57.01202291616234,-27.012022916162344,6.12,0.9494343410814778,FAIL
40,5,Good,Fog,0.05,Slippery,FAIL,19.07926133416329,-14.079261334163297,4.76,0.9490714124011805,FAIL
120,20,Moderate,Fog,0.05,Dry,FAIL,103.36601307189544,-83.36601307189545,6.8,0.9490487060725883,FAIL
100,20,Moderate,Fog,0.05,Dry,FAIL,74.79121278140886,-54.79121278140886,6.8,0.9490487060725883,FAIL
80,30,Moderate,Fog,0.25,Wet,FAIL,61.607501388354905,-31.607501388354905,5.779999999999999,0.9488803537895443,FAIL
60,10,Good,Clear,0.1,Dry,FAIL,27.361111111111114,-17.361111111111114,8.0,0.9488063886697328,FAIL
60,5,Good,Clear,0.1,Dry,FAIL,27.361111111111114,-22.361111111111114,8.0,0.9488063886697328,FAIL
40,10,Good,Fog,0.0,Slippery,FAIL,18.52370577860774,-8.523705778607741,4.76,0.948771961016474,FAIL
60,20,Poor,Rain,0.15,Slippery,FAIL,41.72398589065256,-21.723985890652564,5.04,0.9487278856794934,FAIL
80,20,Good,Clear,0.1,Dry,FAIL,44.19753086419753,-24.19753086419753,8.0,0.9486573048898321,FAIL
80,20,Moderate,Clear,0.1,Dry,FAIL,46.41975308641975,-26.419753086419743,8.0,0.9486482653237445,FAIL
120,30,Poor,Rain,0.25,Dry,FAIL,108.82716049382718,-78.82716049382718,7.2,0.9485344234591804,FAIL
100,30,Poor,Rain,0.25,Dry,FAIL,79.97256515775034,-49.97256515775034,7.2,0.9485344234591804,FAIL
80,30,Moderate,Rain,0.1,Wet,FAIL,55.90091180505124,-25.90091180505124,6.12,0.9485305209933307,FAIL
80,30,Good,Rain,0.0,Slippery,FAIL,60.101900842641584,-30.101900842641584,5.04,0.9481743818175904,FAIL
80,30,Moderate,Clear,0.25,Wet,FAIL,55.199709513435,-25.199709513435,6.8,0.9481661089647737,FAIL
120,30,Poor,Clear,0.25,Dry,FAIL,101.11111111111111,-71.11111111111113,8.0,0.9479151075667817,FAIL
100,20,Moderate,Clear,0.25,Dry,FAIL,71.83641975308642,-51.83641975308642,8.0,0.9478639365994782,FAIL
120,20,Moderate,Clear,0.25,Dry,FAIL,97.7777777777778,-77.7777777777778,8.0,0.9478639365994782,FAIL
100,30,Poor,Clear,0.25,Dry,FAIL,74.6141975308642,-44.6141975308642,8.0,0.9478082010475688,FAIL
80,30,Poor,Rain,0.15,Dry,FAIL,53.18244170096021,-23.18244170096021,7.2,0.9477748592611566,FAIL
40,5,Poor,Clear,0.05,Slippery,FAIL,19.35626102292769,-14.35626102292769,5.6,0.9477505796644005,FAIL
80,30,Poor,Clear,0.15,Dry,FAIL,49.75308641975309,-19.75308641975309,8.0,0.9477156023979425,FAIL
100,30,Poor,Clear,0.0,Wet,FAIL,76.18010167029774,-46.18010167029775,6.8,0.9476838721704937,FAIL
120,30,Poor,Clear,0.0,Wet,FAIL,105.03267973856212,-75.03267973856211,6.8,0.9476838721704937,FAIL
60,5,Good,Fog,0.05,Dry,FAIL,29.591503267973863,-24.591503267973863,6.8,0.9475421541786856,FAIL
60,20,Poor,Rain,0.1,Slippery,FAIL,40.89065255731923,-20.89065255731923,5.04,0.947532343913547,FAIL
100,30,Good,Clear,0.25,Wet,FAIL,77.56899055918664,-47.568990559186645,6.8,0.9474085287029149,FAIL
120,20,Poor,Rain,0.05,Wet,FAIL,115.7770515613653,-95.7770515613653,6.12,0.9473942899924491,FAIL
100,20,Poor,Rain,0.05,Wet,FAIL,83.87295247317034,-63.87295247317034,6.12,0.9473942899924491,FAIL
40,10,Poor,Clear,0.05,Slippery,FAIL,19.35626102292769,-9.35626102292769,5.6,0.9473939991736368,FAIL
120,20,Moderate,Rain,0.25,Dry,FAIL,105.49382716049384,-85.49382716049385,7.2,0.9473374703923211,FAIL
100,20,Moderate,Rain,0.25,Dry,FAIL,77.19478737997257,-57.19478737997257,7.2,0.9473374703923211,FAIL
60,10,Good,Fog,0.05,Dry,FAIL,29.591503267973863,-19.591503267973863,6.8,0.9473132363426213,FAIL
100,20,Good,Fog,0.25,Dry,FAIL,77.56899055918664,-57.568990559186645,6.8,0.947308220243238,FAIL
40,5,Poor,Clear,0.15,Slippery,FAIL,20.4673721340388,-15.4673721340388,5.6,0.947198417136504,FAIL
60,5,Good,Rain,0.05,Dry,FAIL,28.456790123456795,-23.456790123456795,7.2,0.9471840296567882,FAIL
120,20,Good,Rain,0.15,Dry,FAIL,98.82716049382718,-78.82716049382718,7.2,0.9471113660909254,FAIL
100,20,Good,Rain,0.15,Dry,FAIL,71.63923182441701,-51.63923182441701,7.2,0.9471113660909254,FAIL
80,20,Good,Fog,0.0,Wet,FAIL,53.82972361057713,-33.82972361057713,5.779999999999999,0.9470163042281511,FAIL
60,10,Good,Rain,0.05,Dry,FAIL,28.456790123456795,-18.456790123456795,7.2,0.9469324262171778,FAIL
40,10,Poor,Clear,0.15,Slippery,FAIL,20.4673721340388,-10.4673721340388,5.6,0.9468207114289193,FAIL
40,15,Moderate,Fog,0.0,Slippery,FAIL,19.63481688971885,-4.634816889718849,4.76,0.9466697165079176,FAIL
40,5,Poor,Clear,0.1,Slippery,FAIL,19.911816578483247,-14.911816578483249,5.6,0.9465860140667015,FAIL
40,5,Poor,Clear,0.0,Slippery,FAIL,18.800705467372133,-13.800705467372133,5.6,0.9465085249134804,FAIL
120,30,Poor,Fog,0.1,Dry,FAIL,108.36601307189544,-78.36601307189545,6.8,0.9464589691600429,FAIL
100,30,Poor,Fog,0.1,Dry,FAIL,78.95787944807553,-48.95787944807553,6.8,0.9464589691600429,FAIL
40,10,Poor,Clear,0.1,Slippery,FAIL,19.911816578483247,-9.911816578483249,5.6,0.9461976269760723,FAIL
80,20,Poor,Rain,0.05,Wet,FAIL,57.01202291616234,-37.01202291616234,6.12,0.9461633005811791,FAIL
60,20,Good,Clear,0.1,Slippery,FAIL,34.801587301587304,-14.801587301587304,5.6,0.9461568364078818,FAIL
40,10,Poor,Clear,0.0,Slippery,FAIL,18.800705467372133,-8.800705467372133,5.6,0.9461289153708279,FAIL
120,20,Moderate,Rain,0.05,Wet,FAIL,112.44371822803195,-92.44371822803195,6.12,0.9460178939954604,FAIL
60,20,Poor,Clear,0.0,Slippery,FAIL,36.468253968253975,-16.468253968253975,5.6,0.9459868563940222,FAIL
60,15,Good,Fog,0.15,Dry,FAIL,31.258169934640527,-16.258169934640527,6.8,0.9458741088471889,FAIL
100,30,Poor,Rain,0.1,Dry,FAIL,75.80589849108368,-45.80589849108368,7.2,0.945871312294251,FAIL
120,30,Poor,Rain,0.1,Dry,FAIL,103.82716049382718,-73.82716049382718,7.2,0.945871312294251,FAIL
40,5,Good,Fog,0.1,Slippery,FAIL,19.63481688971885,-14.634816889718849,4.76,0.9456285570715226,FAIL
40,10,Good,Fog,0.1,Slippery,FAIL,19.63481688971885,-9.634816889718849,4.76,0.9455587963851022,FAIL
80,20,Poor,Rain,0.0,Dry,FAIL,49.84910836762688,-29.849108367626883,7.2,0.9455430211034802,FAIL
80,20,Moderate,Rain,0.1,Dry,FAIL,49.84910836762688,-29.849108367626883,7.2,0.9454220355644495,FAIL
80,30,Poor,Clear,0.0,Wet,FAIL,51.86637618010167,-21.866376180101668,6.8,0.9453849409813417,FAIL
60,15,Good,Fog,0.25,Dry,FAIL,32.92483660130719,-17.92483660130719,6.8,0.9452386578084603,FAIL
40,15,Moderate,Rain,0.05,Slippery,FAIL,19.46991965510484,-4.469919655104839,5.04,0.9450566638548888,FAIL
80,20,Moderate,Clear,0.05,Dry,FAIL,45.30864197530864,-25.30864197530864,8.0,0.9447422069180457,FAIL
80,20,Good,Clear,0.25,Dry,FAIL,47.53086419753086,-27.53086419753086,8.0,0.9442791506756958,FAIL
80,30,Good,Rain,0.05,Wet,FAIL,52.5675784717179,-22.5675784717179,6.12,0.9441119345221374,FAIL
80,30,Good,Clear,0.25,Wet,FAIL,52.977487291212775,-22.97748729121277,6.8,0.9439900547356652,FAIL
120,30,Moderate,Rain,0.0,Slippery,FAIL,130.2292768959436,-100.2292768959436,5.04,0.9439142791932522,FAIL
100,30,Moderate,Rain,0.0,Slippery,FAIL,93.21477562218304,-63.21477562218304,5.04,0.9439142791932522,FAIL
80,15,Good,Clear,0.0,Dry,FAIL,41.9753086419753,-26.975308641975303,8.0,0.9438719234217879,FAIL
80,30,Poor,Clear,0.25,Dry,FAIL,51.9753086419753,-21.975308641975303,8.0,0.9438462599653166,FAIL
80,20,Moderate,Rain,0.05,Wet,FAIL,54.78980069394012,-34.78980069394012,6.12,0.9435803461502127,FAIL
80,20,Moderate,Rain,0.25,Dry,FAIL,53.18244170096021,-33.18244170096021,7.2,0.9432880367310398,FAIL
60,20,Poor,Fog,0.25,Wet,FAIL,39.862552864282975,-19.86255286428297,5.779999999999999,0.9431108473665469,FAIL
80,20,Moderate,Clear,0.25,Dry,FAIL,49.75308641975309,-29.75308641975309,8.0,0.9430011483381653,FAIL
60,20,Poor,Clear,0.25,Slippery,FAIL,40.63492063492064,-20.63492063492064,5.6,0.9427443748892708,FAIL
100,20,Moderate,Rain,0.05,Dry,FAIL,71.63923182441701,-51.63923182441701,7.2,0.9425117297460744,FAIL
120,20,Moderate,Rain,0.05,Dry,FAIL,98.82716049382718,-78.82716049382718,7.2,0.9425117297460744,FAIL
100,20,Good,Rain,0.1,Dry,FAIL,70.25034293552812,-50.25034293552813,7.2,0.9423208938719381,FAIL
120,20,Good,Rain,0.1,Dry,FAIL,97.16049382716052,-77.16049382716051,7.2,0.9423208938719381,FAIL
120,30,Moderate,Clear,0.05,Wet,FAIL,103.36601307189544,-73.36601307189545,6.8,0.9416975527017385,FAIL
100,30,Moderate,Clear,0.05,Wet,FAIL,74.79121278140886,-44.79121278140886,6.8,0.9416975527017385,FAIL
60,20,Poor,Rain,0.05,Slippery,FAIL,40.0573192239859,-20.0573192239859,5.04,0.9416110007177959,FAIL
80,30,Poor,Clear,0.05,Dry,FAIL,47.53086419753086,-17.53086419753086,8.0,0.9415989497743166,FAIL
60,20,Moderate,Clear,0.25,Slippery,FAIL,38.968253968253975,-18.96825396825397,5.6,0.9414653550760601,FAIL
60,20,Moderate,Clear,0.05,Slippery,FAIL,35.63492063492064,-15.63492063492064,5.6,0.94131630612072,FAIL
120,30,Good,Fog,0.15,Wet,FAIL,117.78354479046524,-87.78354479046524,5.779999999999999,0.941028089301585,FAIL
100,30,Good,Fog,0.15,Wet,FAIL,84.80338758597122,-54.80338758597122,5.779999999999999,0.941028089301585,FAIL
80,20,Good,Rain,0.15,Dry,FAIL,48.73799725651577,-28.73799725651577,7.2,0.9408678713934858,FAIL
80,20,Moderate,Fog,0.05,Dry,FAIL,50.75526506899055,-30.75526506899056,6.8,0.9405255095681412,FAIL
80,30,Moderate,Rain,0.0,Slippery,FAIL,62.3241230648638,-32.3241230648638,5.04,0.9404274852690095,FAIL
80,30,Poor,Rain,0.1,Dry,FAIL,52.071330589849104,-22.071330589849104,7.2,0.9399792248017643,FAIL
80,30,Poor,Fog,0.1,Dry,FAIL,54.08859840232389,-24.08859840232389,6.8,0.9398972183844627,FAIL
80,20,Good,Fog,0.25,Dry,FAIL,52.977487291212775,-32.977487291212775,6.8,0.9394647049437642,FAIL
100,20,Good,Fog,0.1,Dry,FAIL,73.40232389251997,-53.40232389251997,6.8,0.9392961754779969,FAIL
120,20,Good,Fog,0.1,Dry,FAIL,101.69934640522878,-81.69934640522878,6.8,0.9392961754779969,FAIL
60,20,Good,Fog,0.15,Slippery,FAIL,40.01167133520075,-20.011671335200752,4.76,0.9392181623207044,FAIL
100,30,Moderate,Fog,0.1,Wet,FAIL,86.19227647486011,-56.19227647486011,5.779999999999999,0.9386388057711574,FAIL
120,30,Moderate,Fog,0.1,Wet,FAIL,119.4502114571319,-89.4502114571319,5.779999999999999,0.9386388057711574,FAIL
60,15,Moderate,Rain,0.1,Dry,FAIL,30.95679012345679,-15.956790123456791,7.2,0.9384858502853561,FAIL
100,30,Poor,Rain,0.05,Wet,FAIL,83.87295247317034,-53.87295247317034,6.12,0.9383745008992996,FAIL
120,30,Poor,Rain,0.05,Wet,FAIL,115.7770515613653,-85.7770515613653,6.12,0.9383745008992996,FAIL
60,20,Moderate,Fog,0.25,Wet,FAIL,38.19588619761631,-18.19588619761631,5.779999999999999,0.938116513339265,FAIL
100,30,Poor,Clear,0.0,Dry,FAIL,67.66975308641975,-37.66975308641975,8.0,0.9380340117504316,FAIL
120,30,Poor,Clear,0.0,Dry,FAIL,92.7777777777778,-62.777777777777786,8.0,0.9380340117504316,FAIL
60,5,Good,Clear,0.0,Dry,FAIL,25.69444444444445,-20.69444444444445,8.0,0.938019802110972,FAIL
60,20,Poor,Fog,0.1,Wet,FAIL,37.362552864282975,-17.362552864282975,5.779999999999999,0.9378113000891087,FAIL
120,30,Good,Clear,0.05,Wet,FAIL,100.03267973856212,-70.03267973856211,6.8,0.9374321786201433,FAIL
100,30,Good,Clear,0.05,Wet,FAIL,72.01343500363109,-42.01343500363109,6.8,0.9374321786201433,FAIL
80,20,Good,Clear,0.05,Dry,FAIL,43.08641975308642,-23.086419753086417,8.0,0.9368119900199303,FAIL
120,30,Poor,Rain,0.05,Dry,FAIL,102.16049382716052,-72.16049382716051,7.2,0.9367833552874218,FAIL
100,30,Poor,Rain,0.05,Dry,FAIL,74.41700960219478,-44.41700960219478,7.2,0.9367833552874218,FAIL
100,20,Poor,Rain,0.0,Wet,FAIL,82.48406358428144,-62.48406358428144,6.12,0.9367252064892494,FAIL
120,20,Poor,Rain,0.0,Wet,FAIL,114.11038489469864,-94.11038489469864,6.12,0.9367252064892494,FAIL
60,10,Good,Clear,0.05,Dry,FAIL,26.527777777777786,-16.527777777777782,8.0,0.9365065075579256,FAIL
60,5,Good,Clear,0.05,Dry,FAIL,26.527777777777786,-21.527777777777786,8.0,0.9365065075579256,FAIL
100,30,Moderate,Rain,0.05,Wet,FAIL,81.09517469539256,-51.09517469539256,6.12,0.9364872417250266,FAIL
120,30,Moderate,Rain,0.05,Wet,FAIL,112.44371822803195,-82.44371822803197,6.12,0.9364872417250266,FAIL
80,30,Good,Fog,0.15,Wet,FAIL,57.16305694391046,-27.163056943910465,5.779999999999999,0.9363311208920762,FAIL
80,30,Moderate,Clear,0.05,Wet,FAIL,50.75526506899055,-20.75526506899056,6.8,0.9359484878289566,FAIL
40,15,Good,Rain,0.25,Slippery,FAIL,20.58103076621595,-5.5810307662159495,5.04,0.9358227746534405,FAIL
100,30,Poor,Fog,0.05,Dry,FAIL,77.56899055918664,-47.568990559186645,6.8,0.9355596621499179,FAIL
120,30,Poor,Fog,0.05,Dry,FAIL,106.69934640522878,-76.69934640522878,6.8,0.9355596621499179,FAIL
60,20,Poor,Rain,0.25,Slippery,FAIL,43.39065255731923,-23.39065255731923,5.04,0.9355217203111295,FAIL
80,20,Poor,Rain,0.0,Wet,FAIL,55.90091180505124,-35.90091180505124,6.12,0.935490444617493,FAIL
80,30,Moderate,Fog,0.1,Wet,FAIL,58.274168055021576,-28.274168055021576,5.779999999999999,0.9354780303419792,FAIL
100,20,Moderate,Clear,0.0,Dry,FAIL,64.89197530864197,-44.891975308641975,8.0,0.9353851690998776,FAIL
120,20,Moderate,Clear,0.0,Dry,FAIL,89.44444444444446,-69.44444444444446,8.0,0.9353851690998776,FAIL
100,30,Good,Rain,0.0,Wet,FAIL,76.9285080287259,-46.9285080287259,6.12,0.9352172354972655,FAIL
120,30,Good,Rain,0.0,Wet,FAIL,107.44371822803195,-77.44371822803197,6.12,0.9352172354972655,FAIL
80,20,Moderate,Rain,0.05,Dry,FAIL,48.73799725651577,-28.73799725651577,7.2,0.9351973722416457,FAIL
80,30,Poor,Rain,0.05,Wet,FAIL,57.01202291616234,-27.012022916162344,6.12,0.9349934234033406,FAIL
40,5,Good,Clear,0.15,Slippery,FAIL,18.24514991181658,-13.24514991181658,5.6,0.9349837896565948,FAIL
40,10,Good,Clear,0.15,Slippery,FAIL,18.24514991181658,-8.24514991181658,5.6,0.9345586005474653,FAIL
60,20,Moderate,Rain,0.15,Slippery,FAIL,40.0573192239859,-20.0573192239859,5.04,0.9343361393430911,FAIL
100,20,Good,Clear,0.0,Dry,FAIL,62.1141975308642,-42.1141975308642,8.0,0.9333869955646945,FAIL
120,20,Good,Clear,0.0,Dry,FAIL,86.11111111111113,-66.11111111111113,8.0,0.9333869955646945,FAIL
120,20,Moderate,Fog,0.0,Dry,FAIL,101.69934640522878,-81.69934640522878,6.8,0.9330394768798023,FAIL
100,20,Moderate,Fog,0.0,Dry,FAIL,73.40232389251997,-53.40232389251997,6.8,0.933000776447166,FAIL
60,20,Poor,Fog,0.0,Wet,FAIL,35.69588619761631,-15.69588619761631,5.779999999999999,0.9328549766958281,FAIL
80,20,Good,Rain,0.1,Dry,FAIL,47.626886145404654,-27.62688614540465,7.2,0.9328242219378092,FAIL
60,30,Moderate,Fog,0.15,Slippery,FAIL,41.67833800186742,-11.678338001867417,4.76,0.9327746547850826,FAIL
60,20,Good,Clear,0.25,Slippery,FAIL,37.3015873015873,-17.301587301587304,5.6,0.9327192912727382,FAIL
40,15,Good,Fog,0.25,Slippery,FAIL,21.30148355638552,-6.3014835563855165,4.76,0.9322437177127592,FAIL
100,30,Good,Fog,0.25,Wet,FAIL,87.581165363749,-57.581165363748994,5.779999999999999,0.9322086792999557,FAIL
120,30,Good,Fog,0.25,Wet,FAIL,121.11687812379856,-91.11687812379856,5.779999999999999,0.9322086792999557,FAIL
60,20,Good,Clear,0.05,Slippery,FAIL,33.968253968253975,-13.968253968253975,5.6,0.9321894902193824,FAIL
100,20,Good,Rain,0.25,Dry,FAIL,74.41700960219478,-54.41700960219478,7.2,0.9321207619396381,FAIL
120,20,Good,Rain,0.25,Dry,FAIL,102.16049382716052,-82.16049382716051,7.2,0.9321207619396381,FAIL
40,15,Moderate,Clear,0.25,Slippery,FAIL,20.4673721340388,-5.467372134038801,5.6,0.9320136065221689,FAIL
80,30,Good,Clear,0.05,Wet,FAIL,48.53304284676833,-18.53304284676833,6.8,0.9301260371722101,FAIL
80,30,Moderate,Rain,0.05,Wet,FAIL,54.78980069394012,-24.789800693940123,6.12,0.9297616127610272,FAIL
120,30,Poor,Fog,0.0,Dry,FAIL,105.03267973856212,-75.03267973856211,6.8,0.929729798948563,FAIL
100,30,Poor,Fog,0.0,Dry,FAIL,76.18010167029774,-46.18010167029775,6.8,0.9296867912504425,FAIL
120,30,Moderate,Fog,0.05,Wet,FAIL,117.78354479046524,-87.78354479046524,5.779999999999999,0.9295166338896852,FAIL
100,30,Moderate,Fog,0.05,Wet,FAIL,84.80338758597122,-54.80338758597122,5.779999999999999,0.9295166338896852,FAIL
120,30,Moderate,Fog,0.15,Dry,FAIL,106.69934640522878,-76.69934640522878,6.8,0.9290334239398257,FAIL
100,30,Moderate,Fog,0.15,Dry,FAIL,77.56899055918664,-47.568990559186645,6.8,0.9290334239398257,FAIL
40,5,Moderate,Clear,0.05,Wet,FAIL,16.29992737835875,-11.299927378358747,6.8,0.9288906824110447,FAIL
80,30,Good,Rain,0.0,Wet,FAIL,51.4564673606068,-21.4564673606068,6.12,0.9287628843537977,FAIL
100,30,Moderate,Rain,0.15,Dry,FAIL,74.41700960219478,-44.41700960219478,7.2,0.9286948512068639,FAIL
120,30,Moderate,Rain,0.15,Dry,FAIL,102.16049382716052,-72.16049382716051,7.2,0.9286948512068639,FAIL
40,15,Good,Fog,0.15,Slippery,FAIL,20.19037244527441,-5.190372445274406,4.76,0.9286030150105908,FAIL
80,30,Poor,Rain,0.05,Dry,FAIL,50.96021947873799,-20.96021947873799,7.2,0.9285882725589962,FAIL
60,20,Poor,Rain,0.0,Slippery,FAIL,39.22398589065256,-19.223985890652564,5.04,0.928501076743362,FAIL
120,20,Good,Rain,0.05,Dry,FAIL,95.49382716049384,-75.49382716049385,7.2,0.928151406358082,FAIL
120,30,Moderate,Clear,0.0,Wet,FAIL,101.69934640522878,-71.69934640522878,6.8,0.9280723655174548,FAIL
100,20,Moderate,Rain,0.0,Wet,FAIL,79.70628580650367,-59.70628580650367,6.12,0.9278182647265861,FAIL
120,20,Moderate,Rain,0.0,Wet,FAIL,110.7770515613653,-90.7770515613653,6.12,0.9278182647265861,FAIL
80,30,Poor,Clear,0.0,Dry,FAIL,46.41975308641975,-16.419753086419746,8.0,0.9277284537172458,FAIL
120,30,Good,Fog,0.1,Wet,FAIL,116.11687812379856,-86.11687812379857,5.779999999999999,0.9276541204200452,FAIL
100,30,Good,Fog,0.1,Wet,FAIL,83.41449869708234,-53.41449869708234,5.779999999999999,0.9276541204200452,FAIL
60,15,Moderate,Fog,0.05,Dry,FAIL,31.258169934640527,-16.258169934640527,6.8,0.9273433383366635,FAIL
40,5,Good,Clear,0.0,Slippery,FAIL,16.57848324514991,-11.578483245149911,5.6,0.9273356719681123,FAIL
60,20,Moderate,Rain,0.1,Slippery,FAIL,39.22398589065256,-19.223985890652564,5.04,0.9273219360982413,FAIL
40,10,Good,Clear,0.0,Slippery,FAIL,16.57848324514991,-6.578483245149911,5.6,0.9268033707061418,FAIL
80,30,Good,Fog,0.25,Wet,FAIL,59.38527916613268,-29.385279166132683,5.779999999999999,0.9267826194935319,FAIL
60,20,Poor,Fog,0.05,Wet,FAIL,36.529219530949646,-16.529219530949646,5.779999999999999,0.9263262854033456,FAIL
60,20,Good,Fog,0.25,Slippery,FAIL,41.67833800186742,-21.678338001867417,4.76,0.9259937981181192,FAIL
60,20,Good,Fog,0.1,Slippery,FAIL,39.17833800186742,-19.178338001867417,4.76,0.9255808825627458,FAIL
40,15,Poor,Clear,0.25,Slippery,FAIL,21.57848324514991,-6.578483245149911,5.6,0.9253431951061302,FAIL
100,30,Poor,Rain,0.0,Wet,FAIL,82.48406358428144,-52.48406358428144,6.12,0.9253006167147584,FAIL
120,30,Poor,Rain,0.0,Wet,FAIL,114.11038489469864,-84.11038489469863,6.12,0.9253006167147584,FAIL
80,20,Good,Rain,0.25,Dry,FAIL,50.96021947873799,-30.96021947873799,7.2,0.9251492295495256,FAIL
80,20,Moderate,Rain,0.0,Wet,FAIL,53.67868958282901,-33.67868958282901,6.12,0.9249579873397501,FAIL
80,20,Good,Fog,0.1,Dry,FAIL,49.64415395787944,-29.64415395787944,6.8,0.9249455503642817,FAIL
100,30,Moderate,Fog,0.0,Wet,FAIL,83.41449869708234,-53.41449869708234,5.779999999999999,0.9248389979046234,FAIL
120,30,Moderate,Fog,0.0,Wet,FAIL,116.11687812379856,-86.11687812379857,5.779999999999999,0.9248389979046234,FAIL
80,20,Moderate,Clear,0.0,Dry,FAIL,44.19753086419753,-24.19753086419753,8.0,0.9241430866198638,FAIL
80,30,Moderate,Fog,0.05,Wet,FAIL,57.16305694391046,-27.163056943910465,5.779999999999999,0.9239233673722547,FAIL
80,30,Poor,Fog,0.05,Dry,FAIL,52.977487291212775,-22.97748729121277,6.8,0.9238245824554502,FAIL
80,20,Moderate,Fog,0.0,Dry,FAIL,49.64415395787944,-29.64415395787944,6.8,0.9228131553220502,FAIL
80,30,Moderate,Fog,0.15,Dry,FAIL,52.977487291212775,-22.97748729121277,6.8,0.9225231667452839,FAIL
40,15,Moderate,Clear,0.1,Slippery,FAIL,18.800705467372133,-3.8007054673721328,5.6,0.9224707989135981,FAIL
80,30,Good,Fog,0.1,Wet,FAIL,56.05194583279935,-26.051945832799348,5.779999999999999,0.9222478927643287,FAIL
40,15,Good,Rain,0.1,Slippery,FAIL,18.91436409954928,-3.9143640995492817,5.04,0.9220278635059085,FAIL
40,5,Moderate,Clear,0.25,Dry,FAIL,17.160493827160494,-12.160493827160494,8.0,0.921874385360012,FAIL
60,30,Poor,Clear,0.1,Slippery,FAIL,38.13492063492065,-8.134920634920647,5.6,0.9218375547563042,FAIL
80,30,Poor,Rain,0.0,Wet,FAIL,55.90091180505124,-25.90091180505124,6.12,0.9217953179738722,FAIL
80,30,Moderate,Clear,0.0,Wet,FAIL,49.64415395787944,-19.64415395787944,6.8,0.9213371327137814,FAIL
60,30,Poor,Clear,0.15,Slippery,FAIL,38.968253968253975,-8.968253968253975,5.6,0.921267005729107,FAIL
40,15,Moderate,Clear,0.15,Slippery,FAIL,19.35626102292769,-4.35626102292769,5.6,0.9212568776387122,FAIL
100,20,Good,Fog,0.05,Dry,FAIL,72.01343500363109,-52.01343500363109,6.8,0.9210026434370953,FAIL
120,20,Good,Fog,0.05,Dry,FAIL,100.03267973856212,-80.03267973856211,6.8,0.9210026434370953,FAIL
120,30,Good,Clear,0.0,Wet,FAIL,98.36601307189544,-68.36601307189545,6.8,0.9209129637143437,FAIL
100,30,Good,Clear,0.0,Wet,FAIL,70.6245461147422,-40.6245461147422,6.8,0.9209129637143437,FAIL
40,5,Good,Clear,0.05,Slippery,FAIL,17.13403880070547,-12.134038800705468,5.6,0.9207291058649953,FAIL
60,15,Moderate,Rain,0.05,Dry,FAIL,30.123456790123463,-15.123456790123464,7.2,0.9206792025036972,FAIL
100,30,Moderate,Fog,0.25,Dry,FAIL,80.34676833696442,-50.346768336964416,6.8,0.9204426823354404,FAIL
120,30,Moderate,Fog,0.25,Dry,FAIL,110.03267973856212,-80.03267973856211,6.8,0.9204426823354404,FAIL
60,20,Moderate,Rain,0.25,Slippery,FAIL,41.72398589065256,-21.723985890652564,5.04,0.9203254761068059,FAIL
40,10,Good,Clear,0.05,Slippery,FAIL,17.13403880070547,-7.1340388007054685,5.6,0.9201876056571514,FAIL
60,20,Good,Fog,0.05,Slippery,FAIL,38.34500466853409,-18.345004668534088,4.76,0.9193192282934273,FAIL
60,20,Poor,Clear,0.1,Wet,FAIL,33.758169934640534,-13.758169934640534,6.8,0.9190001964325634,FAIL
120,30,Poor,Rain,0.0,Dry,FAIL,100.49382716049384,-70.49382716049384,7.2,0.918986118294004,FAIL
80,30,Moderate,Rain,0.15,Dry,FAIL,50.96021947873799,-20.96021947873799,7.2,0.9188533248782406,FAIL
80,30,Moderate,Fog,0.0,Wet,FAIL,56.05194583279935,-26.051945832799348,5.779999999999999,0.9188116246106703,FAIL
60,15,Moderate,Fog,0.0,Dry,FAIL,30.424836601307195,-15.424836601307195,6.8,0.9185006620695679,FAIL
40,5,Good,Clear,0.1,Slippery,FAIL,17.689594356261022,-12.689594356261022,5.6,0.9182426278964346,FAIL
80,30,Poor,Fog,0.0,Dry,FAIL,51.86637618010167,-21.866376180101668,6.8,0.9182246383240745,FAIL
40,10,Good,Clear,0.1,Slippery,FAIL,17.689594356261022,-7.689594356261022,5.6,0.9176610734608566,FAIL
80,20,Good,Clear,0.0,Dry,FAIL,41.9753086419753,-21.975308641975303,8.0,0.9176150622674019,FAIL
60,15,Moderate,Clear,0.1,Dry,FAIL,29.02777777777778,-14.02777777777778,8.0,0.9176139083349103,FAIL
100,30,Moderate,Rain,0.25,Dry,FAIL,77.19478737997257,-47.19478737997257,7.2,0.9174195138246191,FAIL
120,30,Moderate,Rain,0.25,Dry,FAIL,105.49382716049384,-75.49382716049385,7.2,0.9174195138246191,FAIL
80,20,Good,Rain,0.05,Dry,FAIL,46.51577503429355,-26.515775034293547,7.2,0.9171597168699822,FAIL
100,30,Good,Fog,0.05,Wet,FAIL,82.02560980819345,-52.02560980819345,5.779999999999999,0.9170612410535419,FAIL
120,30,Good,Fog,0.05,Wet,FAIL,114.4502114571319,-84.4502114571319,5.779999999999999,0.9170612410535419,FAIL
60,30,Poor,Clear,0.05,Slippery,FAIL,37.3015873015873,-7.301587301587304,5.6,0.9166868194525553,FAIL
40,5,Moderate,Fog,0.25,Dry,FAIL,18.52214960058097,-13.522149600580974,6.8,0.9163987533549239,FAIL
60,20,Moderate,Fog,0.1,Wet,FAIL,35.69588619761631,-15.69588619761631,5.779999999999999,0.9163131954880381,FAIL
40,10,Poor,Clear,0.25,Dry,FAIL,18.271604938271604,-8.271604938271604,8.0,0.9157743396465564,FAIL
40,5,Poor,Rain,0.05,Dry,FAIL,16.906721536351164,-11.906721536351164,7.2,0.9156507404123847,FAIL
40,10,Poor,Rain,0.05,Dry,FAIL,16.906721536351164,-6.906721536351164,7.2,0.9152516248752744,FAIL
40,10,Moderate,Fog,0.25,Dry,FAIL,18.52214960058097,-8.522149600580974,6.8,0.9152270423647021,FAIL
40,5,Moderate,Fog,0.15,Dry,FAIL,17.41103848946986,-12.41103848946986,6.8,0.9149723138775432,FAIL
40,15,Good,Rain,0.0,Slippery,FAIL,17.803252988438174,-2.8032529884381745,5.04,0.9147149811900652,FAIL
100,30,Good,Fog,0.0,Wet,FAIL,80.63672091930455,-50.63672091930455,5.779999999999999,0.9145047012656506,FAIL
120,30,Good,Fog,0.0,Wet,FAIL,112.78354479046524,-82.78354479046524,5.779999999999999,0.9145047012656506,FAIL
40,10,Moderate,Fog,0.15,Dry,FAIL,17.41103848946986,-7.41103848946986,6.8,0.9137905691097256,FAIL
80,30,Moderate,Fog,0.25,Dry,FAIL,55.199709513435,-25.199709513435,6.8,0.9133447626862996,FAIL
80,30,Good,Clear,0.0,Wet,FAIL,47.421931735657225,-17.421931735657225,6.8,0.9130211853981883,FAIL
40,15,Poor,Clear,0.15,Slippery,FAIL,20.4673721340388,-5.467372134038801,5.6,0.9124134696287067,FAIL
40,10,Poor,Clear,0.05,Dry,FAIL,16.04938271604938,-6.049382716049379,8.0,0.9122433986006312,FAIL
40,5,Moderate,Clear,0.05,Dry,FAIL,14.938271604938272,-9.938271604938272,8.0,0.9120239924734788,FAIL
40,5,Moderate,Clear,0.15,Dry,FAIL,16.04938271604938,-11.04938271604938,8.0,0.9119712824493804,FAIL
40,15,Good,Rain,0.05,Slippery,FAIL,18.358808543993728,-3.358808543993728,5.04,0.911840018513119,FAIL
120,30,Moderate,Rain,0.0,Wet,FAIL,110.7770515613653,-80.7770515613653,6.12,0.911735864354751,FAIL
100,30,Moderate,Rain,0.0,Wet,FAIL,79.70628580650367,-49.70628580650367,6.12,0.911735864354751,FAIL
60,30,Moderate,Fog,0.1,Slippery,FAIL,40.84500466853409,-10.845004668534088,4.76,0.9108914679063395,FAIL
40,10,Moderate,Clear,0.15,Dry,FAIL,16.04938271604938,-6.049382716049379,8.0,0.9108656841531741,FAIL
40,10,Moderate,Clear,0.05,Dry,FAIL,14.938271604938272,-4.938271604938272,8.0,0.9108416038908634,FAIL
40,15,Moderate,Clear,0.05,Slippery,FAIL,18.24514991181658,-3.245149911816579,5.6,0.9107732768373072,FAIL
40,5,Poor,Fog,0.25,Wet,FAIL,21.235208680422065,-16.235208680422062,5.779999999999999,0.9107623195298971,FAIL
120,20,Moderate,Rain,0.0,Dry,FAIL,97.16049382716052,-77.16049382716051,7.2,0.9107422401904286,FAIL
100,20,Moderate,Rain,0.0,Dry,FAIL,70.25034293552812,-50.25034293552813,7.2,0.910685423808078,FAIL
40,10,Poor,Fog,0.25,Wet,FAIL,21.235208680422065,-11.235208680422062,5.779999999999999,0.91052922893053,FAIL
40,15,Poor,Clear,0.1,Slippery,FAIL,19.911816578483247,-4.911816578483247,5.6,0.9100744505982595,FAIL
80,30,Poor,Rain,0.0,Dry,FAIL,49.84910836762688,-19.849108367626883,7.2,0.9099710183160147,FAIL
60,30,Poor,Fog,0.15,Wet,FAIL,38.19588619761631,-8.19588619761631,5.779999999999999,0.9097287408383007,FAIL
60,15,Good,Rain,0.15,Dry,FAIL,30.123456790123463,-15.123456790123464,7.2,0.9089242621701075,FAIL
40,5,Poor,Rain,0.0,Dry,FAIL,16.351165980795606,-11.351165980795606,7.2,0.9083746687128279,FAIL
60,20,Good,Clear,0.0,Slippery,FAIL,33.13492063492064,-13.13492063492064,5.6,0.9081955203065434,FAIL
60,20,Poor,Clear,0.15,Wet,FAIL,34.59150326797386,-14.591503267973865,6.8,0.9078698301905082,FAIL
120,20,Good,Fog,0.0,Dry,FAIL,98.36601307189544,-78.36601307189545,6.8,0.9077823481415687,FAIL
100,20,Good,Fog,0.0,Dry,FAIL,70.6245461147422,-50.6245461147422,6.8,0.907712925590887,FAIL
60,20,Good,Rain,0.15,Slippery,FAIL,38.39065255731923,-18.39065255731923,5.04,0.9075985337355321,FAIL
80,30,Moderate,Rain,0.25,Dry,FAIL,53.18244170096021,-23.18244170096021,7.2,0.9075318993242529,FAIL
40,5,Moderate,Clear,0.0,Wet,FAIL,15.744371822803194,-10.744371822803194,6.8,0.9073728070871472,FAIL
40,10,Moderate,Clear,0.0,Wet,FAIL,15.744371822803194,-5.744371822803194,6.8,0.9072504985698903,FAIL
80,30,Good,Fog,0.05,Wet,FAIL,54.94083472168824,-24.94083472168824,5.779999999999999,0.9072445486917136,FAIL
40,15,Poor,Clear,0.05,Slippery,FAIL,19.35626102292769,-4.35626102292769,5.6,0.9068097181253254,FAIL
40,10,Moderate,Clear,0.1,Dry,FAIL,15.493827160493826,-5.493827160493826,8.0,0.9066701547086357,FAIL
60,15,Good,Rain,0.25,Dry,FAIL,31.790123456790127,-16.790123456790127,7.2,0.9058032413434104,FAIL
40,15,Poor,Clear,0.0,Slippery,FAIL,18.800705467372133,-3.8007054673721328,5.6,0.9056773230260899,FAIL
100,30,Moderate,Clear,0.15,Dry,FAIL,69.05864197530865,-39.058641975308646,8.0,0.9056364383836106,FAIL
120,30,Moderate,Clear,0.15,Dry,FAIL,94.44444444444446,-64.44444444444446,8.0,0.9056364383836106,FAIL
40,5,Poor,Fog,0.25,Dry,FAIL,19.63326071169208,-14.63326071169208,6.8,0.9053728217378396,FAIL
60,20,Moderate,Fog,0.05,Wet,FAIL,34.862552864282975,-14.862552864282977,5.779999999999999,0.9053530126088909,FAIL
40,5,Poor,Clear,0.0,Dry,FAIL,15.493827160493826,-10.493827160493826,8.0,0.905103305253447,FAIL
60,30,Good,Clear,0.15,Slippery,FAIL,35.63492063492064,-5.63492063492064,5.6,0.9049391779399214,FAIL
60,30,Poor,Fog,0.25,Wet,FAIL,39.862552864282975,-9.862552864282977,5.779999999999999,0.904755458695924,FAIL
60,20,Moderate,Rain,0.05,Slippery,FAIL,38.39065255731923,-18.39065255731923,5.04,0.9047241153181844,FAIL
40,10,Poor,Fog,0.25,Dry,FAIL,19.63326071169208,-9.63326071169208,6.8,0.90471373290586,FAIL
40,10,Moderate,Rain,0.05,Dry,FAIL,15.795610425240053,-5.795610425240053,7.2,0.9046340390849595,FAIL
40,15,Moderate,Clear,0.0,Slippery,FAIL,17.689594356261022,-2.689594356261022,5.6,0.9044329516065692,FAIL
40,10,Poor,Clear,0.0,Dry,FAIL,15.493827160493826,-5.493827160493826,8.0,0.9043446575903399,FAIL
60,15,Moderate,Rain,0.0,Dry,FAIL,29.290123456790127,-14.290123456790129,7.2,0.9041213818813411,FAIL
80,30,Good,Fog,0.0,Wet,FAIL,53.82972361057713,-23.829723610577133,5.779999999999999,0.9039637113154972,FAIL
80,30,Moderate,Rain,0.0,Wet,FAIL,53.67868958282901,-23.67868958282901,6.12,0.9037778553913147,FAIL
120,20,Good,Rain,0.0,Dry,FAIL,93.82716049382718,-73.82716049382718,7.2,0.9037466625089753,FAIL
100,20,Good,Rain,0.0,Dry,FAIL,67.47256515775034,-47.47256515775034,7.2,0.9036562299219634,FAIL
40,10,Poor,Fog,0.0,Dry,FAIL,16.855482933914303,-6.855482933914303,6.8,0.9033236301993373,FAIL
40,15,Good,Fog,0.05,Slippery,FAIL,19.07926133416329,-4.079261334163295,4.76,0.9032209095307628,FAIL
60,30,Poor,Clear,0.25,Slippery,FAIL,40.63492063492064,-10.63492063492064,5.6,0.903193702499631,FAIL
40,15,Good,Fog,0.1,Slippery,FAIL,19.63481688971885,-4.634816889718849,4.76,0.9029998165309406,FAIL
120,30,Good,Clear,0.15,Dry,FAIL,91.11111111111111,-61.11111111111113,8.0,0.9028943787568725,FAIL
100,30,Good,Clear,0.15,Dry,FAIL,66.28086419753086,-36.28086419753086,8.0,0.9028943787568725,FAIL
120,30,Moderate,Rain,0.1,Dry,FAIL,100.49382716049384,-70.49382716049384,7.2,0.9025353677245029,FAIL
100,30,Moderate,Rain,0.1,Dry,FAIL,73.0281207133059,-43.028120713305896,7.2,0.9025353677245029,FAIL
60,20,Good,Clear,0.15,Wet,FAIL,31.258169934640527,-11.258169934640527,6.8,0.9022036478180946,FAIL
40,5,Moderate,Clear,0.25,Wet,FAIL,18.52214960058097,-13.522149600580974,6.8,0.90219235348838,FAIL
40,10,Moderate,Clear,0.25,Wet,FAIL,18.52214960058097,-8.522149600580974,6.8,0.9018485311711741,FAIL
40,15,Good,Fog,0.0,Slippery,FAIL,18.52370577860774,-3.523705778607741,4.76,0.9016099351892969,FAIL
60,30,Moderate,Fog,0.05,Slippery,FAIL,40.01167133520075,-10.011671335200752,4.76,0.9012559820013987,FAIL
60,20,Good,Rain,0.1,Slippery,FAIL,37.5573192239859,-17.5573192239859,5.04,0.9007495017575442,FAIL
80,20,Moderate,Rain,0.0,Dry,FAIL,47.626886145404654,-27.62688614540465,7.2,0.9006156457210347,FAIL
40,5,Moderate,Fog,0.05,Wet,FAIL,17.901875347088726,-12.901875347088726,5.779999999999999,0.9002998268941391,FAIL
60,30,Poor,Rain,0.15,Slippery,FAIL,41.72398589065256,-11.723985890652564,5.04,0.9001660535739358,FAIL
40,5,Moderate,Fog,0.25,Wet,FAIL,20.124097569310948,-15.124097569310948,5.779999999999999,0.9001336240194624,FAIL
40,10,Moderate,Clear,0.1,Wet,FAIL,16.855482933914303,-6.855482933914303,6.8,0.9000548453557897,FAIL
40,10,Moderate,Fog,0.25,Wet,FAIL,20.124097569310948,-10.124097569310948,5.779999999999999,0.8995622250651382,FAIL
40,5,Poor,Clear,0.15,Dry,FAIL,17.160493827160494,-12.160493827160494,8.0,0.8989802898427159,FAIL
80,20,Good,Fog,0.05,Dry,FAIL,48.53304284676833,-28.53304284676833,6.8,0.8984313979947082,FAIL
40,10,Poor,Clear,0.15,Dry,FAIL,17.160493827160494,-7.160493827160494,8.0,0.8979490601936619,FAIL
60,20,Poor,Clear,0.05,Wet,FAIL,32.92483660130719,-12.924836601307192,6.8,0.8975566500208835,FAIL
60,20,Good,Fog,0.0,Slippery,FAIL,37.51167133520075,-17.511671335200752,4.76,0.8973028362912844,FAIL
60,15,Good,Fog,0.1,Dry,FAIL,30.424836601307195,-15.424836601307195,6.8,0.8969590793024862,FAIL
120,30,Good,Clear,0.1,Dry,FAIL,89.44444444444446,-59.44444444444446,8.0,0.8961610687826369,FAIL
100,30,Good,Clear,0.1,Dry,FAIL,64.89197530864197,-34.891975308641975,8.0,0.8961610687826369,FAIL
40,5,Poor,Fog,0.0,Wet,FAIL,18.457430902644283,-13.457430902644283,5.779999999999999,0.8959454203362149,FAIL
40,5,Poor,Clear,0.1,Dry,FAIL,16.604938271604937,-11.604938271604937,8.0,0.8955870481754504,FAIL
40,5,Moderate,Clear,0.15,Wet,FAIL,17.41103848946986,-12.41103848946986,6.8,0.8954571949938405,FAIL
40,10,Moderate,Clear,0.15,Wet,FAIL,17.41103848946986,-7.41103848946986,6.8,0.8951292194134,FAIL
40,10,Poor,Clear,0.1,Dry,FAIL,16.604938271604937,-6.6049382716049365,8.0,0.8945063785898139,FAIL
100,30,Moderate,Clear,0.25,Dry,FAIL,71.83641975308642,-41.83641975308642,8.0,0.894420126641541,FAIL
120,30,Moderate,Clear,0.25,Dry,FAIL,97.7777777777778,-67.7777777777778,8.0,0.894420126641541,FAIL
100,30,Good,Clear,0.25,Dry,FAIL,69.05864197530865,-39.058641975308646,8.0,0.8944165238031321,FAIL
120,30,Good,Clear,0.25,Dry,FAIL,94.44444444444446,-64.44444444444446,8.0,0.8944165238031321,FAIL
40,5,Moderate,Clear,0.0,Dry,FAIL,14.382716049382717,-9.382716049382717,8.0,0.8943814407659445,FAIL
60,15,Moderate,Clear,0.05,Dry,FAIL,28.19444444444445,-13.19444444444445,8.0,0.8942844749567254,FAIL
40,5,Poor,Fog,0.05,Dry,FAIL,17.41103848946986,-12.41103848946986,6.8,0.8939573929236065,FAIL
40,5,Poor,Fog,0.15,Wet,FAIL,20.124097569310948,-15.124097569310948,5.779999999999999,0.8937281144202348,FAIL
40,10,Poor,Fog,0.15,Wet,FAIL,20.124097569310948,-10.124097569310948,5.779999999999999,0.8934200960009024,FAIL
40,5,Moderate,Fog,0.05,Dry,FAIL,16.29992737835875,-11.299927378358747,6.8,0.8934017809759214,FAIL
60,20,Good,Clear,0.1,Wet,FAIL,30.424836601307195,-10.424836601307195,6.8,0.8933725158595571,FAIL
40,10,Moderate,Clear,0.0,Dry,FAIL,14.382716049382717,-4.382716049382715,8.0,0.8932398608228095,FAIL
40,10,Poor,Fog,0.05,Dry,FAIL,17.41103848946986,-7.41103848946986,6.8,0.8932088044166052,FAIL
60,20,Poor,Clear,0.25,Wet,FAIL,36.25816993464053,-16.258169934640527,6.8,0.8923556281965123,FAIL
80,20,Good,Rain,0.0,Dry,FAIL,45.40466392318244,-25.40466392318244,7.2,0.8920965492690396,FAIL
80,30,Moderate,Clear,0.15,Dry,FAIL,47.53086419753086,-17.53086419753086,8.0,0.8920238880498651,FAIL
40,10,Moderate,Fog,0.05,Dry,FAIL,16.29992737835875,-6.299927378358749,6.8,0.8919489260228912,FAIL
100,30,Moderate,Clear,0.1,Dry,FAIL,67.66975308641975,-37.66975308641975,8.0,0.8915343176208367,FAIL
120,30,Moderate,Clear,0.1,Dry,FAIL,92.7777777777778,-62.777777777777786,8.0,0.8915343176208367,FAIL
40,5,Moderate,Rain,0.1,Dry,FAIL,16.351165980795606,-11.351165980795606,7.2,0.8914427962538005,FAIL
40,5,Moderate,Fog,0.15,Wet,FAIL,19.01298645819984,-14.012986458199835,5.779999999999999,0.8912670571396821,FAIL
40,5,Poor,Fog,0.15,Dry,FAIL,18.52214960058097,-13.522149600580974,6.8,0.8911184046383781,FAIL
40,10,Moderate,Fog,0.15,Wet,FAIL,19.01298645819984,-9.012986458199835,5.779999999999999,0.8906157553197074,FAIL
40,10,Moderate,Rain,0.1,Dry,FAIL,16.351165980795606,-6.351165980795607,7.2,0.8904431781668901,FAIL
40,10,Poor,Fog,0.15,Dry,FAIL,18.52214960058097,-8.522149600580974,6.8,0.8904079957345022,FAIL
40,5,Moderate,Fog,0.1,Dry,FAIL,16.855482933914303,-11.855482933914304,6.8,0.8899430342344361,FAIL
60,30,Poor,Rain,0.1,Slippery,FAIL,40.89065255731923,-10.890652557319228,5.04,0.8898914618949089,FAIL
40,5,Poor,Fog,0.05,Wet,FAIL,19.01298645819984,-14.012986458199835,5.779999999999999,0.8888673695381945,FAIL
60,30,Moderate,Clear,0.15,Slippery,FAIL,37.3015873015873,-7.301587301587304,5.6,0.8888114502469546,FAIL
120,30,Moderate,Rain,0.05,Dry,FAIL,98.82716049382718,-68.82716049382718,7.2,0.8887440359530251,FAIL
40,10,Moderate,Fog,0.1,Dry,FAIL,16.855482933914303,-6.855482933914303,6.8,0.888519723074627,FAIL
60,30,Poor,Rain,0.25,Slippery,FAIL,43.39065255731923,-13.390652557319228,5.04,0.8885064741835956,FAIL
40,10,Poor,Fog,0.05,Wet,FAIL,19.01298645819984,-9.012986458199835,5.779999999999999,0.8884660936812239,FAIL
40,5,Good,Fog,0.15,Dry,FAIL,16.29992737835875,-11.299927378358747,6.8,0.88841211462357,FAIL
60,30,Good,Fog,0.15,Slippery,FAIL,40.01167133520075,-10.011671335200752,4.76,0.8883026224390843,FAIL
40,5,Moderate,Fog,0.0,Wet,FAIL,17.34631979153317,-12.346319791533167,5.779999999999999,0.8874212756817975,FAIL
40,10,Moderate,Fog,0.0,Wet,FAIL,17.34631979153317,-7.346319791533169,5.779999999999999,0.8870603934669173,FAIL
60,20,Good,Fog,0.25,Wet,FAIL,36.529219530949646,-16.529219530949646,5.779999999999999,0.8862646848747741,FAIL
60,20,Poor,Fog,0.15,Dry,FAIL,34.59150326797386,-14.591503267973865,6.8,0.8860467470719179,FAIL
60,30,Poor,Rain,0.05,Slippery,FAIL,40.0573192239859,-10.0573192239859,5.04,0.8858251630286045,FAIL
40,5,Good,Fog,0.25,Dry,FAIL,17.41103848946986,-12.41103848946986,6.8,0.8857354574689941,FAIL
60,20,Good,Rain,0.25,Slippery,FAIL,40.0573192239859,-20.0573192239859,5.04,0.8855910457069868,FAIL
80,30,Moderate,Rain,0.1,Dry,FAIL,49.84910836762688,-19.849108367626883,7.2,0.8851920348997246,FAIL
60,30,Poor,Fog,0.1,Wet,FAIL,37.362552864282975,-7.362552864282975,5.779999999999999,0.8850608742297068,FAIL
40,10,Good,Fog,0.25,Dry,FAIL,17.41103848946986,-7.41103848946986,6.8,0.8849485304490846,FAIL
40,5,Moderate,Fog,0.0,Dry,FAIL,15.744371822803194,-10.744371822803194,6.8,0.8848626855667329,FAIL
60,20,Moderate,Clear,0.15,Wet,FAIL,32.92483660130719,-12.924836601307192,6.8,0.8846693280410399,FAIL
60,30,Moderate,Clear,0.1,Slippery,FAIL,36.468253968253975,-6.468253968253976,5.6,0.8846452407579741,FAIL
40,5,Poor,Rain,0.1,Dry,FAIL,17.46227709190672,-12.46227709190672,7.2,0.884537557547192,FAIL
100,30,Good,Fog,0.15,Dry,FAIL,74.79121278140886,-44.79121278140886,6.8,0.88447785731973,FAIL
120,30,Good,Fog,0.15,Dry,FAIL,103.36601307189544,-73.36601307189545,6.8,0.88447785731973,FAIL
40,10,Poor,Rain,0.1,Dry,FAIL,17.46227709190672,-7.462277091906721,7.2,0.8840268277053817,FAIL
100,30,Moderate,Clear,0.05,Dry,FAIL,66.28086419753086,-36.28086419753086,8.0,0.883618341319169,FAIL
120,30,Moderate,Clear,0.05,Dry,FAIL,91.11111111111111,-61.11111111111113,8.0,0.883618341319169,FAIL
40,10,Moderate,Fog,0.0,Dry,FAIL,15.744371822803194,-5.744371822803194,6.8,0.8835705550513051,FAIL
80,20,Good,Fog,0.0,Dry,FAIL,47.421931735657225,-27.421931735657225,6.8,0.8835448909009316,FAIL
60,20,Poor,Clear,0.0,Wet,FAIL,32.09150326797386,-12.091503267973865,6.8,0.8834844267262925,FAIL
60,15,Good,Clear,0.25,Dry,FAIL,29.861111111111114,-14.861111111111114,8.0,0.8834320236595954,FAIL
80,30,Good,Clear,0.15,Dry,FAIL,45.30864197530864,-15.30864197530864,8.0,0.8834035663021949,FAIL
40,5,Moderate,Rain,0.25,Dry,FAIL,18.01783264746228,-13.017832647462278,7.2,0.8830426620534428,FAIL
40,5,Moderate,Rain,0.15,Dry,FAIL,16.906721536351164,-11.906721536351164,7.2,0.8828006781095539,FAIL
60,30,Moderate,Fog,0.0,Slippery,FAIL,39.17833800186742,-9.178338001867417,4.76,0.8826426601551816,FAIL
40,10,Moderate,Rain,0.25,Dry,FAIL,18.01783264746228,-8.017832647462278,7.2,0.8819377018483008,FAIL
40,10,Moderate,Rain,0.15,Dry,FAIL,16.906721536351164,-6.906721536351164,7.2,0.8816696908392782,FAIL
40,5,Moderate,Rain,0.0,Dry,FAIL,15.240054869684498,-10.240054869684498,7.2,0.8816422324130286,FAIL
120,30,Moderate,Fog,0.1,Dry,FAIL,105.03267973856212,-75.03267973856211,6.8,0.8812313428553589,FAIL
100,30,Moderate,Fog,0.1,Dry,FAIL,76.18010167029774,-46.18010167029775,6.8,0.8812313428553589,FAIL
40,5,Poor,Rain,0.25,Dry,FAIL,19.128943758573385,-14.128943758573383,7.2,0.8810439412567422,FAIL
80,30,Moderate,Clear,0.25,Dry,FAIL,49.75308641975309,-19.75308641975309,8.0,0.8809063003720782,FAIL
60,20,Moderate,Rain,0.0,Slippery,FAIL,37.5573192239859,-17.5573192239859,5.04,0.8808164929058073,FAIL
40,10,Moderate,Rain,0.0,Dry,FAIL,15.240054869684498,-5.2400548696844975,7.2,0.8807162219419787,FAIL
40,10,Poor,Rain,0.25,Dry,FAIL,19.128943758573385,-9.128943758573383,7.2,0.8805194045709948,FAIL
60,30,Good,Clear,0.25,Slippery,FAIL,37.3015873015873,-7.301587301587304,5.6,0.8803208607096653,FAIL
60,15,Good,Clear,0.15,Dry,FAIL,28.19444444444445,-13.19444444444445,8.0,0.8798491963085324,FAIL
60,20,Poor,Rain,0.1,Wet,FAIL,36.027596223674664,-16.027596223674664,6.12,0.8792705157560439,FAIL
60,20,Moderate,Clear,0.1,Wet,FAIL,32.09150326797386,-12.091503267973865,6.8,0.8790908768376653,FAIL
60,20,Good,Rain,0.05,Slippery,FAIL,36.72398589065256,-16.723985890652564,5.04,0.8787631799148903,FAIL
60,20,Poor,Rain,0.15,Wet,FAIL,36.86092955700799,-16.860929557007992,6.12,0.8782785389574229,FAIL
120,30,Good,Clear,0.05,Dry,FAIL,87.7777777777778,-57.7777777777778,8.0,0.8761310151846928,FAIL
100,30,Good,Clear,0.05,Dry,FAIL,63.50308641975309,-33.50308641975309,8.0,0.8761310151846928,FAIL
40,5,Poor,Fog,0.1,Wet,FAIL,19.5685420137554,-14.568542013755394,5.779999999999999,0.8760099168606205,FAIL
60,20,Poor,Fog,0.25,Dry,FAIL,36.25816993464053,-16.258169934640527,6.8,0.875682175107525,FAIL
60,30,Good,Fog,0.25,Slippery,FAIL,41.67833800186742,-11.678338001867417,4.76,0.8756280539380992,FAIL
40,10,Poor,Fog,0.1,Wet,FAIL,19.5685420137554,-9.568542013755394,5.779999999999999,0.8756144954840112,FAIL
120,30,Good,Fog,0.25,Dry,FAIL,106.69934640522878,-76.69934640522878,6.8,0.8753402360159166,FAIL
100,30,Good,Fog,0.25,Dry,FAIL,77.56899055918664,-47.568990559186645,6.8,0.8753402360159166,FAIL
40,5,Moderate,Fog,0.1,Wet,FAIL,18.457430902644283,-13.457430902644283,5.779999999999999,0.8753080219359439,FAIL
60,20,Good,Rain,0.15,Wet,FAIL,33.52759622367466,-13.527596223674657,6.12,0.874976979804347,FAIL
80,30,Good,Clear,0.25,Dry,FAIL,47.53086419753086,-17.53086419753086,8.0,0.874697688072855,FAIL
40,10,Moderate,Fog,0.1,Wet,FAIL,18.457430902644283,-8.457430902644283,5.779999999999999,0.8745444421619629,FAIL
100,30,Good,Rain,0.15,Dry,FAIL,71.63923182441701,-41.63923182441701,7.2,0.8745110739065133,FAIL
120,30,Good,Rain,0.15,Dry,FAIL,98.82716049382718,-68.82716049382718,7.2,0.8745110739065133,FAIL
60,20,Good,Clear,0.25,Wet,FAIL,32.92483660130719,-12.924836601307192,6.8,0.8735781255201658,FAIL
60,20,Poor,Rain,0.25,Wet,FAIL,38.52759622367466,-18.527596223674657,6.12,0.8732402773744979,FAIL
60,30,Moderate,Clear,0.25,Slippery,FAIL,38.968253968253975,-8.968253968253975,5.6,0.8730251007752503,FAIL
60,15,Good,Rain,0.1,Dry,FAIL,29.290123456790127,-14.290123456790129,7.2,0.872679957444773,FAIL
60,15,Moderate,Clear,0.0,Dry,FAIL,27.361111111111114,-12.361111111111114,8.0,0.8723189326646622,FAIL
60,20,Good,Rain,0.1,Wet,FAIL,32.69426289034132,-12.69426289034132,6.12,0.8713618790169868,FAIL
40,5,Poor,Fog,0.1,Dry,FAIL,17.966594045025417,-12.966594045025415,6.8,0.8707660927448002,FAIL
40,5,Poor,Rain,0.15,Dry,FAIL,18.01783264746228,-13.017832647462278,7.2,0.8707587290646149,FAIL
40,10,Poor,Rain,0.15,Dry,FAIL,18.01783264746228,-8.017832647462278,7.2,0.870201401489374,FAIL
40,10,Poor,Fog,0.1,Dry,FAIL,17.966594045025417,-7.966594045025417,6.8,0.8699052224419944,FAIL
40,5,Moderate,Rain,0.05,Wet,FAIL,17.30856128459614,-12.30856128459614,6.12,0.8698225596746176,FAIL
60,20,Moderate,Clear,0.25,Wet,FAIL,34.59150326797386,-14.591503267973865,6.8,0.8697146396300475,FAIL
80,30,Moderate,Clear,0.1,Dry,FAIL,46.41975308641975,-16.419753086419746,8.0,0.8697077384595697,FAIL
40,10,Moderate,Rain,0.05,Wet,FAIL,17.30856128459614,-7.308561284596141,6.12,0.8691088332658673,FAIL
60,20,Good,Fog,0.1,Wet,FAIL,34.029219530949646,-14.029219530949646,5.779999999999999,0.8690365611085827,FAIL
80,30,Good,Clear,0.1,Dry,FAIL,44.19753086419753,-14.197530864197532,8.0,0.8684965332977022,FAIL
60,30,Good,Clear,0.05,Slippery,FAIL,33.968253968253975,-3.968253968253976,5.6,0.8673108278737567,FAIL
60,20,Moderate,Rain,0.15,Wet,FAIL,35.19426289034132,-15.19426289034132,6.12,0.8671154881838457,FAIL
80,30,Moderate,Rain,0.05,Dry,FAIL,48.73799725651577,-18.73799725651577,7.2,0.8668766795044363,FAIL
40,5,Good,Fog,0.25,Wet,FAIL,19.01298645819984,-14.012986458199835,5.779999999999999,0.8662706977257073,FAIL
80,30,Good,Fog,0.15,Dry,FAIL,50.75526506899055,-20.75526506899056,6.8,0.863707907327996,FAIL
80,30,Moderate,Fog,0.1,Dry,FAIL,51.86637618010167,-21.866376180101668,6.8,0.8632302742619107,FAIL
40,15,Good,Clear,0.25,Slippery,FAIL,19.35626102292769,-4.35626102292769,5.6,0.8614771591816996,FAIL
60,30,Poor,Fog,0.05,Wet,FAIL,36.529219530949646,-6.529219530949646,5.779999999999999,0.8607631166753473,FAIL
60,30,Good,Fog,0.1,Slippery,FAIL,39.17833800186742,-9.178338001867417,4.76,0.860712644824073,FAIL
100,30,Good,Rain,0.25,Dry,FAIL,74.41700960219478,-44.41700960219478,7.2,0.8606963162059026,FAIL
120,30,Good,Rain,0.25,Dry,FAIL,102.16049382716052,-72.16049382716051,7.2,0.8606963162059026,FAIL
60,30,Poor,Rain,0.0,Slippery,FAIL,39.22398589065256,-9.223985890652564,5.04,0.8602894094253575,FAIL
40,5,Good,Clear,0.25,Dry,FAIL,16.04938271604938,-11.04938271604938,8.0,0.8598718872000323,FAIL
120,30,Moderate,Fog,0.05,Dry,FAIL,103.36601307189544,-73.36601307189545,6.8,0.8596157981488138,FAIL
100,30,Moderate,Fog,0.05,Dry,FAIL,74.79121278140886,-44.79121278140886,6.8,0.8596157981488138,FAIL
60,30,Moderate,Rain,0.15,Slippery,FAIL,40.0573192239859,-10.0573192239859,5.04,0.859609837040465,FAIL
40,5,Moderate,Rain,0.25,Wet,FAIL,19.530783506818366,-14.530783506818366,6.12,0.8589351281495514,FAIL
40,10,Good,Clear,0.25,Dry,FAIL,16.04938271604938,-6.049382716049379,8.0,0.8588776188305605,FAIL
60,30,Moderate,Fog,0.15,Wet,FAIL,36.529219530949646,-6.529219530949646,5.779999999999999,0.8588648165655638,FAIL
60,20,Moderate,Clear,0.05,Wet,FAIL,31.258169934640527,-11.258169934640527,6.8,0.8585850374740579,FAIL
40,10,Moderate,Rain,0.25,Wet,FAIL,19.530783506818366,-9.530783506818366,6.12,0.8583083884448856,FAIL
60,20,Moderate,Fog,0.15,Dry,FAIL,32.92483660130719,-12.924836601307192,6.8,0.8576552581530705,FAIL
60,20,Poor,Rain,0.05,Wet,FAIL,35.19426289034132,-15.19426289034132,6.12,0.8575610827648019,FAIL
40,5,Good,Rain,0.25,Wet,FAIL,18.41967239570725,-13.419672395707252,6.12,0.8574431327510504,FAIL
40,10,Good,Rain,0.25,Wet,FAIL,18.41967239570725,-8.419672395707252,6.12,0.8573345027544228,FAIL
80,30,Moderate,Clear,0.05,Dry,FAIL,45.30864197530864,-15.30864197530864,8.0,0.8571199656333551,FAIL
60,30,Moderate,Clear,0.05,Slippery,FAIL,35.63492063492064,-5.63492063492064,5.6,0.8558263139601335,FAIL
40,5,Good,Rain,0.15,Wet,FAIL,17.30856128459614,-12.30856128459614,6.12,0.8554412982600625,FAIL
40,10,Good,Rain,0.15,Wet,FAIL,17.30856128459614,-7.308561284596141,6.12,0.8553105493640537,FAIL
120,30,Good,Rain,0.1,Dry,FAIL,97.16049382716052,-67.16049382716051,7.2,0.855030618321426,FAIL
100,30,Good,Rain,0.1,Dry,FAIL,70.25034293552812,-40.25034293552813,7.2,0.855030618321426,FAIL
40,5,Poor,Rain,0.25,Wet,FAIL,20.64189461792948,-15.641894617929474,6.12,0.8549241352500552,FAIL
80,30,Good,Rain,0.15,Dry,FAIL,48.73799725651577,-18.73799725651577,7.2,0.8547372405653091,FAIL
40,10,Poor,Rain,0.25,Wet,FAIL,20.64189461792948,-10.641894617929474,6.12,0.8545853998205718,FAIL
60,30,Good,Fog,0.05,Slippery,FAIL,38.34500466853409,-8.345004668534088,4.76,0.8543094153127753,FAIL
80,30,Good,Fog,0.25,Dry,FAIL,52.977487291212775,-22.97748729121277,6.8,0.8534373515837442,FAIL
100,30,Good,Clear,0.0,Dry,FAIL,62.1141975308642,-32.1141975308642,8.0,0.8531377824160176,FAIL
40,5,Good,Clear,0.15,Dry,FAIL,14.938271604938272,-9.938271604938272,8.0,0.8522769659560037,FAIL
40,15,Poor,Fog,0.15,Wet,FAIL,20.124097569310948,-5.124097569310948,5.779999999999999,0.8516517815679634,FAIL
40,5,Poor,Clear,0.05,Wet,FAIL,17.41103848946986,-12.41103848946986,6.8,0.8511908005278919,FAIL
40,5,Moderate,Rain,0.15,Wet,FAIL,18.41967239570725,-13.419672395707252,6.12,0.8510692659495682,FAIL
40,10,Poor,Clear,0.05,Wet,FAIL,17.41103848946986,-7.41103848946986,6.8,0.8507952640680762,FAIL
40,10,Moderate,Rain,0.15,Wet,FAIL,18.41967239570725,-8.419672395707252,6.12,0.8503498357861453,FAIL
60,20,Poor,Rain,0.0,Wet,FAIL,34.36092955700799,-14.360929557007992,6.12,0.8497156203252011,FAIL
60,30,Moderate,Fog,0.25,Wet,FAIL,38.19588619761631,-8.19588619761631,5.779999999999999,0.8490317242967595,FAIL
60,20,Moderate,Rain,0.25,Wet,FAIL,36.86092955700799,-16.860929557007992,6.12,0.8486497827070771,FAIL
40,5,Poor,Clear,0.25,Wet,FAIL,19.63326071169208,-14.63326071169208,6.8,0.8486418044169893,FAIL
40,10,Poor,Clear,0.25,Wet,FAIL,19.63326071169208,-9.63326071169208,6.8,0.8482989665437767,FAIL
120,30,Moderate,Clear,0.0,Dry,FAIL,89.44444444444446,-59.44444444444446,8.0,0.8478562314254641,FAIL
100,30,Moderate,Clear,0.0,Dry,FAIL,64.89197530864197,-34.891975308641975,8.0,0.8478562314254641,FAIL
40,5,Good,Fog,0.15,Wet,FAIL,17.901875347088726,-12.901875347088726,5.779999999999999,0.8471713938799829,FAIL
40,10,Good,Fog,0.15,Wet,FAIL,17.901875347088726,-7.901875347088726,5.779999999999999,0.8470196939657828,FAIL
60,30,Moderate,Rain,0.25,Slippery,FAIL,41.72398589065256,-11.723985890652564,5.04,0.8463880117889346,FAIL
60,20,Good,Rain,0.0,Slippery,FAIL,35.89065255731923,-15.890652557319228,5.04,0.8453453762427753,FAIL
40,5,Moderate,Rain,0.1,Wet,FAIL,17.864116840151695,-12.864116840151697,6.12,0.8451618849099992,FAIL
40,15,Good,Clear,0.15,Slippery,FAIL,18.24514991181658,-3.245149911816579,5.6,0.8451339276392462,FAIL
40,10,Poor,Clear,0.0,Wet,FAIL,16.855482933914303,-6.855482933914303,6.8,0.8444353649938204,FAIL
40,5,Poor,Clear,0.0,Wet,FAIL,16.855482933914303,-11.855482933914304,6.8,0.8444353649938204,FAIL
40,10,Moderate,Rain,0.1,Wet,FAIL,17.864116840151695,-7.864116840151695,6.12,0.8443980220268152,FAIL
60,15,Good,Fog,0.05,Dry,FAIL,29.591503267973863,-14.591503267973865,6.8,0.8429372304319136,FAIL
80,30,Good,Rain,0.25,Dry,FAIL,50.96021947873799,-20.96021947873799,7.2,0.8421811226916092,FAIL
40,5,Good,Fog,0.0,Dry,FAIL,14.633260711692085,-9.633260711692085,6.8,0.8421132530337065,FAIL
40,15,Moderate,Fog,0.25,Wet,FAIL,20.124097569310948,-5.124097569310948,5.779999999999999,0.8419703038187804,FAIL
60,15,Good,Fog,0.0,Dry,FAIL,28.758169934640527,-13.758169934640527,6.8,0.8419411434231503,FAIL
40,10,Good,Clear,0.25,Wet,FAIL,17.41103848946986,-7.41103848946986,6.8,0.8418356073447159,FAIL
40,5,Good,Clear,0.25,Wet,FAIL,17.41103848946986,-12.41103848946986,6.8,0.8418356073447159,FAIL
60,20,Moderate,Fog,0.25,Dry,FAIL,34.59150326797386,-14.591503267973865,6.8,0.8413448987600445,FAIL
40,5,Moderate,Rain,0.0,Wet,FAIL,16.753005729040588,-11.753005729040588,6.12,0.8413065306773386,FAIL
40,10,Good,Fog,0.0,Dry,FAIL,14.633260711692085,-4.633260711692083,6.8,0.8409350485639624,FAIL
40,10,Moderate,Rain,0.0,Wet,FAIL,16.753005729040588,-6.753005729040588,6.12,0.8409079127523089,FAIL
60,20,Moderate,Clear,0.0,Wet,FAIL,30.424836601307195,-10.424836601307195,6.8,0.8408239628868719,FAIL
60,20,Good,Rain,0.25,Wet,FAIL,35.19426289034132,-15.19426289034132,6.12,0.8405152870168809,FAIL
80,30,Good,Clear,0.05,Dry,FAIL,43.08641975308642,-13.086419753086416,8.0,0.8389809091860843,FAIL
100,30,Good,Fog,0.1,Dry,FAIL,73.40232389251997,-43.40232389251997,6.8,0.8388325142841844,FAIL
120,30,Good,Fog,0.1,Dry,FAIL,101.69934640522878,-71.69934640522878,6.8,0.8388325142841844,FAIL
40,15,Poor,Fog,0.0,Wet,FAIL,18.457430902644283,-3.457430902644284,5.779999999999999,0.838323888363135,FAIL
60,20,Good,Fog,0.05,Wet,FAIL,33.19588619761631,-13.19588619761631,5.779999999999999,0.8374266733738687,FAIL
60,30,Moderate,Clear,0.0,Slippery,FAIL,34.801587301587304,-4.801587301587304,5.6,0.8373453827958898,FAIL
60,30,Poor,Clear,0.1,Wet,FAIL,33.758169934640534,-3.7581699346405344,6.8,0.8360266074316979,FAIL
40,5,Poor,Rain,0.05,Wet,FAIL,18.41967239570725,-13.419672395707252,6.12,0.8356561329690588,FAIL
40,10,Poor,Rain,0.05,Wet,FAIL,18.41967239570725,-8.419672395707252,6.12,0.8351890193033669,FAIL
40,5,Good,Rain,0.1,Wet,FAIL,16.753005729040588,-11.753005729040588,6.12,0.833496500615291,FAIL
60,30,Good,Rain,0.15,Slippery,FAIL,38.39065255731923,-8.390652557319228,5.04,0.8333863801779773,FAIL
40,10,Good,Rain,0.1,Wet,FAIL,16.753005729040588,-6.753005729040588,6.12,0.8333520084446585,FAIL
40,5,Poor,Rain,0.0,Wet,FAIL,17.864116840151695,-12.864116840151697,6.12,0.8325206186365518,FAIL
40,10,Poor,Rain,0.0,Wet,FAIL,17.864116840151695,-7.864116840151695,6.12,0.8325206186365518,FAIL
120,30,Moderate,Rain,0.0,Dry,FAIL,97.16049382716052,-67.16049382716051,7.2,0.8321879648359187,FAIL
100,30,Moderate,Rain,0.0,Dry,FAIL,70.25034293552812,-40.25034293552813,7.2,0.8321117238494946,FAIL
80,30,Moderate,Fog,0.05,Dry,FAIL,50.75526506899055,-20.75526506899056,6.8,0.8321116833275889,FAIL
60,20,Poor,Fog,0.1,Dry,FAIL,33.758169934640534,-13.758169934640534,6.8,0.8311277300953799,FAIL
40,10,Good,Clear,0.15,Wet,FAIL,16.29992737835875,-6.299927378358749,6.8,0.8309580994370647,FAIL
40,5,Good,Clear,0.15,Wet,FAIL,16.29992737835875,-11.299927378358747,6.8,0.8309580994370647,FAIL
60,30,Good,Clear,0.0,Slippery,FAIL,33.13492063492064,-3.13492063492064,5.6,0.830421655983909,FAIL
60,30,Poor,Clear,0.15,Wet,FAIL,34.59150326797386,-4.591503267973863,6.8,0.8301404209547398,FAIL
60,30,Moderate,Rain,0.1,Slippery,FAIL,39.22398589065256,-9.223985890652564,5.04,0.830126585477214,FAIL
40,5,Good,Rain,0.15,Dry,FAIL,15.795610425240053,-10.795610425240053,7.2,0.8298661400018101,FAIL
40,10,Good,Rain,0.15,Dry,FAIL,15.795610425240053,-5.795610425240053,7.2,0.8290686993261721,FAIL
40,5,Good,Rain,0.05,Wet,FAIL,16.19745017348503,-11.19745017348503,6.12,0.8283447777769242,FAIL
40,15,Poor,Fog,0.05,Wet,FAIL,19.01298645819984,-4.012986458199837,5.779999999999999,0.8283078525490449,FAIL
40,10,Good,Rain,0.05,Wet,FAIL,16.19745017348503,-6.197450173485031,6.12,0.8281949448150924,FAIL
60,20,Good,Fog,0.0,Wet,FAIL,32.362552864282975,-12.362552864282977,5.779999999999999,0.827804006637723,FAIL
60,20,Good,Rain,0.05,Wet,FAIL,31.860929557007992,-11.860929557007992,6.12,0.8273516341547194,FAIL
80,30,Good,Rain,0.1,Dry,FAIL,47.626886145404654,-17.626886145404654,7.2,0.8266356187296914,FAIL
40,5,Good,Rain,0.0,Wet,FAIL,15.641894617929475,-10.641894617929475,6.12,0.8261862645700354,FAIL
40,10,Good,Rain,0.0,Wet,FAIL,15.641894617929475,-5.641894617929475,6.12,0.8260260115792825,FAIL
40,5,Good,Fog,0.1,Dry,FAIL,15.744371822803194,-10.744371822803194,6.8,0.8257556750943312,FAIL
120,30,Moderate,Fog,0.0,Dry,FAIL,101.69934640522878,-71.69934640522878,6.8,0.8252227160972186,FAIL
100,30,Moderate,Fog,0.0,Dry,FAIL,73.40232389251997,-43.40232389251997,6.8,0.825162455436425,FAIL
40,15,Poor,Fog,0.1,Wet,FAIL,19.5685420137554,-4.568542013755394,5.779999999999999,0.8251515970012294,FAIL
100,30,Good,Rain,0.05,Dry,FAIL,68.86145404663924,-38.86145404663924,7.2,0.8248243438583263,FAIL
120,30,Good,Rain,0.05,Dry,FAIL,95.49382716049384,-65.49382716049385,7.2,0.8248243438583263,FAIL
60,20,Moderate,Rain,0.1,Wet,FAIL,34.36092955700799,-14.360929557007992,6.12,0.8247078913031094,FAIL
40,10,Good,Fog,0.1,Dry,FAIL,15.744371822803194,-5.744371822803194,6.8,0.8245314702747025,FAIL
40,5,Poor,Rain,0.15,Wet,FAIL,19.530783506818366,-14.530783506818366,6.12,0.8244128932939144,FAIL
40,10,Poor,Rain,0.15,Wet,FAIL,19.530783506818366,-9.530783506818366,6.12,0.8240003876555642,FAIL
40,5,Good,Rain,0.25,Dry,FAIL,16.906721536351164,-11.906721536351164,7.2,0.8230527452410564,FAIL
40,10,Good,Rain,0.25,Dry,FAIL,16.906721536351164,-6.906721536351164,7.2,0.8222713385278506,FAIL
60,15,Good,Rain,0.05,Dry,FAIL,28.456790123456795,-13.456790123456797,7.2,0.822082692125689,FAIL
40,5,Poor,Rain,0.1,Wet,FAIL,18.97522795126281,-13.97522795126281,6.12,0.8220496721438106,FAIL
40,10,Poor,Rain,0.1,Wet,FAIL,18.97522795126281,-8.97522795126281,6.12,0.8215836245493874,FAIL
40,5,Poor,Clear,0.1,Wet,FAIL,17.966594045025417,-12.966594045025415,6.8,0.8213982504322679,FAIL
40,5,Poor,Clear,0.15,Wet,FAIL,18.52214960058097,-13.522149600580974,6.8,0.8209736643411899,FAIL
40,10,Poor,Clear,0.1,Wet,FAIL,17.966594045025417,-7.966594045025417,6.8,0.8209554610087684,FAIL
40,5,Good,Rain,0.0,Dry,FAIL,14.128943758573389,-9.128943758573389,7.2,0.8209187665475696,FAIL
40,10,Poor,Clear,0.15,Wet,FAIL,18.52214960058097,-8.522149600580974,6.8,0.8205820886043849,FAIL
40,10,Good,Rain,0.0,Dry,FAIL,14.128943758573389,-4.128943758573387,7.2,0.8200651073367806,FAIL
40,15,Moderate,Fog,0.15,Wet,FAIL,19.01298645819984,-4.012986458199837,5.779999999999999,0.8199600287175173,FAIL
40,10,Good,Clear,0.0,Dry,FAIL,13.271604938271604,-3.2716049382716044,8.0,0.8191640709521554,FAIL
60,15,Good,Rain,0.0,Dry,FAIL,27.623456790123463,-12.623456790123464,7.2,0.8190737179835311,FAIL
40,5,Good,Clear,0.05,Wet,FAIL,15.188816267247638,-10.188816267247638,6.8,0.8187488882773788,FAIL
60,30,Poor,Clear,0.25,Wet,FAIL,36.25816993464053,-6.258169934640527,6.8,0.8187108842088356,FAIL
40,5,Good,Fog,0.05,Dry,FAIL,15.188816267247638,-10.188816267247638,6.8,0.8186168030401536,FAIL
60,30,Good,Fog,0.0,Slippery,FAIL,37.51167133520075,-7.511671335200752,4.76,0.8186148735428519,FAIL
40,10,Good,Fog,0.05,Dry,FAIL,15.188816267247638,-5.188816267247638,6.8,0.8173456665385206,FAIL
80,30,Good,Clear,0.0,Dry,FAIL,41.9753086419753,-11.975308641975303,8.0,0.8168453877466263,FAIL
80,30,Moderate,Clear,0.0,Dry,FAIL,44.19753086419753,-14.197530864197532,8.0,0.8164605005458057,FAIL
60,20,Good,Clear,0.0,Wet,FAIL,28.758169934640527,-8.758169934640527,6.8,0.8136800070695474,FAIL
40,5,Good,Clear,0.0,Wet,FAIL,14.633260711692085,-9.633260711692085,6.8,0.81331561194481,FAIL
40,10,Good,Clear,0.0,Wet,FAIL,14.633260711692085,-4.633260711692083,6.8,0.81331561194481,FAIL
60,30,Good,Rain,0.1,Slippery,FAIL,37.5573192239859,-7.5573192239859,5.04,0.8125898506184999,FAIL
60,20,Poor,Fog,0.0,Dry,FAIL,32.09150326797386,-12.091503267973865,6.8,0.8115637977470147,FAIL
40,5,Good,Fog,0.0,Wet,FAIL,16.235208680422062,-11.235208680422062,5.779999999999999,0.8115369712034639,FAIL
40,10,Good,Fog,0.0,Wet,FAIL,16.235208680422062,-6.235208680422062,5.779999999999999,0.8113681458343448,FAIL
40,5,Good,Rain,0.1,Dry,FAIL,15.240054869684498,-10.240054869684498,7.2,0.8111819129566553,FAIL
40,10,Good,Rain,0.1,Dry,FAIL,15.240054869684498,-5.2400548696844975,7.2,0.8102884031159598,FAIL
60,20,Poor,Fog,0.05,Dry,FAIL,32.92483660130719,-12.924836601307192,6.8,0.8095881440414912,FAIL
40,15,Moderate,Fog,0.05,Wet,FAIL,17.901875347088726,-2.901875347088726,5.779999999999999,0.8093082399491743,FAIL
40,5,Good,Clear,0.1,Dry,FAIL,14.382716049382717,-9.382716049382717,8.0,0.8085962044145323,FAIL
60,30,Good,Rain,0.25,Slippery,FAIL,40.0573192239859,-10.0573192239859,5.04,0.8085281006951195,FAIL
40,10,Good,Clear,0.1,Dry,FAIL,14.382716049382717,-4.382716049382715,8.0,0.807262445002185,FAIL
60,15,Good,Clear,0.1,Dry,FAIL,27.361111111111114,-12.361111111111114,8.0,0.8061696383104799,FAIL
40,15,Moderate,Clear,0.25,Wet,FAIL,18.52214960058097,-3.522149600580974,6.8,0.8054748809116129,FAIL
80,30,Moderate,Rain,0.0,Dry,FAIL,47.626886145404654,-17.626886145404654,7.2,0.8052034430655421,FAIL
40,5,Good,Rain,0.05,Dry,FAIL,14.684499314128942,-9.684499314128942,7.2,0.8047860266109842,FAIL
40,15,Poor,Rain,0.25,Wet,FAIL,20.64189461792948,-5.6418946179294736,6.12,0.8046861183590777,FAIL
40,10,Good,Rain,0.05,Dry,FAIL,14.684499314128942,-4.684499314128942,7.2,0.8038894562578488,FAIL
40,5,Good,Clear,0.05,Dry,FAIL,13.827160493827162,-8.827160493827162,8.0,0.8036822409098011,FAIL
60,20,Poor,Rain,0.15,Dry,FAIL,33.4567901234568,-13.456790123456798,7.2,0.8032682475697351,FAIL
40,5,Good,Fog,0.05,Wet,FAIL,16.790764235977615,-11.790764235977615,5.779999999999999,0.802805147968669,FAIL
40,10,Good,Fog,0.05,Wet,FAIL,16.790764235977615,-6.790764235977616,5.779999999999999,0.8026283117108222,FAIL
40,10,Good,Clear,0.05,Dry,FAIL,13.827160493827162,-3.8271604938271615,8.0,0.8023845544292187,FAIL
80,30,Good,Fog,0.1,Dry,FAIL,49.64415395787944,-19.64415395787944,6.8,0.801033917498831,FAIL
60,20,Poor,Clear,0.05,Dry,FAIL,29.861111111111114,-9.861111111111114,8.0,0.7999307434879619,FAIL
120,30,Good,Fog,0.05,Dry,FAIL,100.03267973856212,-70.03267973856211,6.8,0.7994281463322914,FAIL
100,30,Good,Fog,0.05,Dry,FAIL,72.01343500363109,-42.01343500363109,6.8,0.7994281463322914,FAIL
40,15,Good,Clear,0.1,Slippery,FAIL,17.689594356261022,-2.689594356261022,5.6,0.79813905567527,FAIL
60,20,Poor,Clear,0.1,Dry,FAIL,30.69444444444445,-10.69444444444445,8.0,0.7977991233339521,FAIL
40,5,Good,Clear,0.1,Wet,FAIL,15.744371822803194,-10.744371822803194,6.8,0.7970544734054761,FAIL
40,10,Good,Clear,0.1,Wet,FAIL,15.744371822803194,-5.744371822803194,6.8,0.7970544734054761,FAIL
60,30,Poor,Rain,0.25,Wet,FAIL,38.52759622367466,-8.527596223674657,6.12,0.796256422453007,FAIL
40,5,Good,Fog,0.1,Wet,FAIL,17.34631979153317,-12.346319791533167,5.779999999999999,0.7948546082753252,FAIL
40,10,Good,Fog,0.1,Wet,FAIL,17.34631979153317,-7.346319791533169,5.779999999999999,0.7946601459943741,FAIL
80,30,Moderate,Fog,0.0,Dry,FAIL,49.64415395787944,-19.64415395787944,6.8,0.7946238391370299,FAIL
40,15,Good,Clear,0.05,Slippery,FAIL,17.13403880070547,-2.1340388007054685,5.6,0.7939721778211177,FAIL
60,20,Good,Rain,0.0,Wet,FAIL,31.027596223674657,-11.027596223674657,6.12,0.793682074440231,FAIL
60,20,Poor,Clear,0.15,Dry,FAIL,31.527777777777786,-11.527777777777786,8.0,0.7918384219943293,FAIL
40,15,Moderate,Fog,0.1,Wet,FAIL,18.457430902644283,-3.457430902644284,5.779999999999999,0.791582935730171,FAIL
80,30,Good,Rain,0.05,Dry,FAIL,46.51577503429355,-16.515775034293547,7.2,0.7904139949999881,FAIL
60,30,Moderate,Rain,0.05,Slippery,FAIL,38.39065255731923,-8.390652557319228,5.04,0.788995843428245,FAIL
120,30,Good,Rain,0.0,Dry,FAIL,93.82716049382718,-63.82716049382718,7.2,0.788240129473757,FAIL
100,30,Good,Rain,0.0,Dry,FAIL,67.47256515775034,-37.47256515775034,7.2,0.7880691143334853,FAIL
60,20,Moderate,Rain,0.05,Wet,FAIL,33.52759622367466,-13.527596223674657,6.12,0.7875699615563667,FAIL
40,15,Moderate,Fog,0.0,Wet,FAIL,17.34631979153317,-2.346319791533169,5.779999999999999,0.7865761795364464,FAIL
60,30,Poor,Rain,0.15,Wet,FAIL,36.86092955700799,-6.860929557007992,6.12,0.7859963561268339,FAIL
120,30,Good,Fog,0.0,Dry,FAIL,98.36601307189544,-68.36601307189545,6.8,0.7851214449115401,FAIL
100,30,Good,Fog,0.0,Dry,FAIL,70.6245461147422,-40.6245461147422,6.8,0.7849854287183963,FAIL
40,15,Moderate,Rain,0.25,Wet,FAIL,19.530783506818366,-4.530783506818366,6.12,0.7839996777949786,FAIL
60,20,Poor,Rain,0.1,Dry,FAIL,32.62345679012346,-12.623456790123464,7.2,0.7815279165520362,FAIL
60,30,Moderate,Fog,0.1,Wet,FAIL,35.69588619761631,-5.695886197616311,5.779999999999999,0.7809746596869673,FAIL
60,30,Good,Rain,0.05,Slippery,FAIL,36.72398589065256,-6.723985890652564,5.04,0.7809036408880615,FAIL
60,20,Poor,Rain,0.25,Dry,FAIL,35.12345679012346,-15.123456790123464,7.2,0.7794504853242101,FAIL
60,30,Poor,Clear,0.05,Wet,FAIL,32.92483660130719,-2.924836601307192,6.8,0.7789885073150196,FAIL
60,20,Poor,Rain,0.05,Dry,FAIL,31.790123456790127,-11.790123456790129,7.2,0.7781800035178963,FAIL
40,15,Moderate,Clear,0.15,Wet,FAIL,17.41103848946986,-2.41103848946986,6.8,0.7771214943366154,FAIL
40,15,Moderate,Clear,0.1,Wet,FAIL,16.855482933914303,-1.8554829339143024,6.8,0.7763289775528452,FAIL
60,20,Poor,Clear,0.25,Dry,FAIL,33.19444444444445,-13.19444444444445,8.0,0.7759010936218124,FAIL
60,20,Poor,Clear,0.0,Dry,FAIL,29.02777777777778,-9.02777777777778,8.0,0.7736222634283235,FAIL
40,15,Moderate,Clear,0.0,Wet,FAIL,15.744371822803194,-0.7443718228031937,6.8,0.7681812419731375,FAIL
60,30,Poor,Rain,0.1,Wet,FAIL,36.027596223674664,-6.027596223674664,6.12,0.7673430974316708,FAIL
60,30,Poor,Clear,0.0,Wet,FAIL,32.09150326797386,-2.091503267973863,6.8,0.7662768012672168,FAIL
40,15,Moderate,Rain,0.15,Wet,FAIL,18.41967239570725,-3.419672395707252,6.12,0.76365975710376,FAIL
60,30,Poor,Fog,0.25,Dry,FAIL,36.25816993464053,-6.258169934640527,6.8,0.7628894125312179,FAIL
60,20,Moderate,Rain,0.0,Wet,FAIL,32.69426289034132,-12.69426289034132,6.12,0.7624227157813311,FAIL
40,15,Poor,Rain,0.15,Wet,FAIL,19.530783506818366,-4.530783506818366,6.12,0.7615115272447719,FAIL
40,15,Moderate,Rain,0.05,Wet,FAIL,17.30856128459614,-2.3085612845961414,6.12,0.7600967501071627,FAIL
40,15,Poor,Fog,0.25,Dry,FAIL,19.63326071169208,-4.633260711692081,6.8,0.7584404180889115,FAIL
40,15,Good,Fog,0.25,Wet,FAIL,19.01298645819984,-4.012986458199837,5.779999999999999,0.756384503243422,FAIL
80,30,Good,Rain,0.0,Dry,FAIL,45.40466392318244,-15.40466392318244,7.2,0.7558221545464934,FAIL
40,15,Poor,Rain,0.1,Wet,FAIL,18.97522795126281,-3.975227951262809,6.12,0.7552581596337224,FAIL
40,15,Poor,Clear,0.25,Wet,FAIL,19.63326071169208,-4.633260711692081,6.8,0.7547530626335184,FAIL
40,15,Poor,Rain,0.05,Wet,FAIL,18.41967239570725,-3.419672395707252,6.12,0.7536860694625419,FAIL
60,30,Moderate,Clear,0.15,Wet,FAIL,32.92483660130719,-2.924836601307192,6.8,0.7515201150094291,FAIL
60,30,Moderate,Fog,0.0,Wet,FAIL,34.029219530949646,-4.029219530949646,5.779999999999999,0.7502113304070663,FAIL
40,15,Moderate,Rain,0.1,Wet,FAIL,17.864116840151695,-2.864116840151695,6.12,0.7498943579238369,FAIL
60,30,Moderate,Rain,0.15,Wet,FAIL,35.19426289034132,-5.194262890341321,6.12,0.7486583451544898,FAIL
60,30,Good,Fog,0.15,Wet,FAIL,34.862552864282975,-4.862552864282975,5.779999999999999,0.7475584043349381,FAIL
60,15,Good,Clear,0.05,Dry,FAIL,26.527777777777786,-11.527777777777782,8.0,0.746024187397387,FAIL
40,15,Poor,Rain,0.0,Wet,FAIL,17.864116840151695,-2.864116840151695,6.12,0.7454302939226747,FAIL
80,30,Good,Fog,0.05,Dry,FAIL,48.53304284676833,-18.53304284676833,6.8,0.7452847554101332,FAIL
60,30,Moderate,Clear,0.25,Wet,FAIL,34.59150326797386,-4.591503267973863,6.8,0.7416295985724073,FAIL
40,15,Good,Rain,0.15,Wet,FAIL,17.30856128459614,-2.3085612845961414,6.12,0.7407935715400074,FAIL
60,30,Moderate,Rain,0.25,Wet,FAIL,36.86092955700799,-6.860929557007992,6.12,0.7397248252686961,FAIL
60,30,Moderate,Rain,0.0,Slippery,FAIL,37.5573192239859,-7.5573192239859,5.04,0.7395644794741049,FAIL
60,30,Moderate,Fog,0.05,Wet,FAIL,34.862552864282975,-4.862552864282975,5.779999999999999,0.7389286601653218,FAIL
60,15,Good,Clear,0.0,Dry,FAIL,25.69444444444445,-10.69444444444445,8.0,0.7375862117172891,FAIL
40,15,Moderate,Fog,0.25,Dry,FAIL,18.52214960058097,-3.522149600580974,6.8,0.7358692695468008,FAIL
80,30,Good,Fog,0.0,Dry,FAIL,47.421931735657225,-17.421931735657225,6.8,0.7313910394139775,FAIL
60,30,Good,Fog,0.25,Wet,FAIL,36.529219530949646,-6.529219530949646,5.779999999999999,0.7295953073449324,FAIL
60,30,Good,Rain,0.0,Slippery,FAIL,35.89065255731923,-5.890652557319228,5.04,0.724470718754375,FAIL
60,30,Poor,Rain,0.05,Wet,FAIL,35.19426289034132,-5.194262890341321,6.12,0.7231345347308913,FAIL
60,20,Moderate,Fog,0.1,Dry,FAIL,32.09150326797386,-12.091503267973865,6.8,0.7224244435076619,FAIL
40,15,Poor,Rain,0.25,Dry,FAIL,19.128943758573385,-4.128943758573385,7.2,0.7200631537870871,FAIL
60,30,Moderate,Clear,0.1,Wet,FAIL,32.09150326797386,-2.091503267973863,6.8,0.7183136216408588,FAIL
40,15,Poor,Clear,0.05,Wet,FAIL,17.41103848946986,-2.41103848946986,6.8,0.7174432126452193,FAIL
60,30,Poor,Rain,0.0,Wet,FAIL,34.36092955700799,-4.360929557007992,6.12,0.7173199770979245,FAIL
40,15,Good,Fog,0.15,Wet,FAIL,17.901875347088726,-2.901875347088726,5.779999999999999,0.7123579557268716,FAIL
40,15,Moderate,Fog,0.15,Dry,FAIL,17.41103848946986,-2.41103848946986,6.8,0.7116735530871471,FAIL
60,30,Good,Clear,0.15,Wet,FAIL,31.258169934640527,-1.2581699346405273,6.8,0.7104351031768968,FAIL
40,15,Poor,Fog,0.15,Dry,FAIL,18.52214960058097,-3.522149600580974,6.8,0.7101130468725532,FAIL
40,15,Poor,Rain,0.0,Dry,FAIL,16.351165980795606,-1.3511659807956065,7.2,0.7083782959106304,FAIL
40,15,Poor,Clear,0.0,Wet,FAIL,16.855482933914303,-1.8554829339143024,6.8,0.7015245317851571,FAIL
40,15,Poor,Clear,0.15,Wet,FAIL,18.52214960058097,-3.522149600580974,6.8,0.700340575288388,FAIL
40,15,Good,Rain,0.1,Wet,FAIL,16.753005729040588,-1.7530057290405878,6.12,0.6960317746684499,FAIL
40,15,Poor,Clear,0.1,Wet,FAIL,17.966594045025417,-2.966594045025417,6.8,0.6959543580064451,FAIL
60,30,Good,Clear,0.25,Wet,FAIL,32.92483660130719,-2.924836601307192,6.8,0.6842191852210298,FAIL
40,15,Poor,Rain,0.1,Dry,FAIL,17.46227709190672,-2.4622770919067207,7.2,0.6832976913898359,FAIL
40,15,Poor,Rain,0.15,Dry,FAIL,18.01783264746228,-3.017832647462278,7.2,0.6801606368633542,FAIL
40,15,Poor,Fog,0.0,Dry,FAIL,16.855482933914303,-1.8554829339143024,6.8,0.6769408241171994,FAIL
60,20,Good,Fog,0.15,Dry,FAIL,31.258169934640527,-11.258169934640527,6.8,0.6734182377932146,FAIL
60,20,Moderate,Rain,0.15,Dry,FAIL,31.790123456790127,-11.790123456790129,7.2,0.6714848856594633,FAIL
60,20,Moderate,Clear,0.15,Dry,FAIL,29.861111111111114,-9.861111111111114,8.0,0.6710922482300801,FAIL
40,15,Poor,Clear,0.25,Dry,FAIL,18.271604938271604,-3.2716049382716044,8.0,0.671016630038977,FAIL
60,30,Good,Rain,0.15,Wet,FAIL,33.52759622367466,-3.5275962236746565,6.12,0.6692448870574369,FAIL
60,30,Good,Clear,0.1,Wet,FAIL,30.424836601307195,-0.4248366013071951,6.8,0.6651770181186463,FAIL
40,15,Poor,Fog,0.05,Dry,FAIL,17.41103848946986,-2.41103848946986,6.8,0.663985038495609,FAIL
40,15,Good,Rain,0.05,Wet,FAIL,16.19745017348503,-1.197450173485031,6.12,0.658055905612559,FAIL
60,30,Good,Fog,0.1,Wet,FAIL,34.029219530949646,-4.029219530949646,5.779999999999999,0.6576978265799711,FAIL
60,20,Moderate,Clear,0.25,Dry,FAIL,31.527777777777786,-11.527777777777782,8.0,0.6559281302285397,FAIL
60,20,Moderate,Fog,0.05,Dry,FAIL,31.258169934640527,-11.258169934640527,6.8,0.6536688350438967,FAIL
40,15,Moderate,Rain,0.25,Dry,FAIL,18.01783264746228,-3.017832647462278,7.2,0.6513832723043498,FAIL
60,30,Moderate,Clear,0.05,Wet,FAIL,31.258169934640527,-1.2581699346405273,6.8,0.6513802340385495,FAIL
60,30,Moderate,Rain,0.1,Wet,FAIL,34.36092955700799,-4.360929557007992,6.12,0.6506261770984041,FAIL
60,20,Good,Fog,0.25,Dry,FAIL,32.92483660130719,-12.924836601307192,6.8,0.6487242193058557,FAIL
40,15,Good,Rain,0.0,Wet,FAIL,15.641894617929475,-0.6418946179294753,6.12,0.6441602658462158,FAIL
60,30,Poor,Fog,0.1,Dry,FAIL,33.758169934640534,-3.7581699346405344,6.8,0.6439524855969351,FAIL
40,15,Poor,Fog,0.1,Dry,FAIL,17.966594045025417,-2.966594045025417,6.8,0.6399171768007702,FAIL
60,30,Good,Rain,0.25,Wet,FAIL,35.19426289034132,-5.194262890341321,6.12,0.6388740510540776,FAIL
60,30,Good,Rain,0.1,Wet,FAIL,32.69426289034132,-2.694262890341321,6.12,0.6362111942690025,FAIL
60,20,Moderate,Rain,0.25,Dry,FAIL,33.4567901234568,-13.456790123456798,7.2,0.6353765504513517,FAIL
60,30,Moderate,Clear,0.0,Wet,FAIL,30.424836601307195,-0.4248366013071951,6.8,0.6350829962281915,FAIL
40,15,Good,Clear,0.25,Wet,FAIL,17.41103848946986,-2.41103848946986,6.8,0.6332383446620471,FAIL
40,15,Moderate,Clear,0.25,Dry,FAIL,17.160493827160494,-2.1604938271604937,8.0,0.6247912881305374,FAIL
40,15,Moderate,Rain,0.15,Dry,FAIL,16.906721536351164,-1.906721536351164,7.2,0.6230410265420313,FAIL
60,20,Moderate,Fog,0.0,Dry,FAIL,30.424836601307195,-10.424836601307195,6.8,0.6223731908647159,FAIL
40,15,Good,Fog,0.1,Wet,FAIL,17.34631979153317,-2.346319791533169,5.779999999999999,0.6202831936200424,FAIL
40,15,Good,Fog,0.0,Wet,FAIL,16.235208680422062,-1.235208680422062,5.779999999999999,0.6146013841821907,FAIL
60,30,Poor,Fog,0.0,Dry,FAIL,32.09150326797386,-2.091503267973863,6.8,0.6132092736585325,FAIL
40,15,Moderate,Fog,0.1,Dry,FAIL,16.855482933914303,-1.8554829339143024,6.8,0.6056702149265638,FAIL
40,15,Good,Fog,0.05,Wet,FAIL,16.790764235977615,-1.7907642359776157,5.779999999999999,0.6056571439557933,FAIL
60,30,Good,Fog,0.0,Wet,FAIL,32.362552864282975,-2.362552864282975,5.779999999999999,0.604666502377361,FAIL
60,20,Moderate,Clear,0.1,Dry,FAIL,29.02777777777778,-9.02777777777778,8.0,0.6006987184352391,FAIL
40,15,Moderate,Rain,0.1,Dry,FAIL,16.351165980795606,-1.3511659807956065,7.2,0.6004681408907864,FAIL
60,30,Poor,Rain,0.15,Dry,FAIL,33.4567901234568,-3.4567901234567984,7.2,0.599951714988519,FAIL
60,30,Poor,Rain,0.25,Dry,FAIL,35.12345679012346,-5.123456790123463,7.2,0.59850161866831,FAIL
60,30,Poor,Fog,0.05,Dry,FAIL,32.92483660130719,-2.924836601307192,6.8,0.596172586596761,FAIL
40,15,Poor,Clear,0.15,Dry,FAIL,17.160493827160494,-2.1604938271604937,8.0,0.5958829406256628,FAIL
40,15,Moderate,Rain,0.05,Dry,FAIL,15.795610425240053,-0.7956104252400529,7.2,0.5950510640803257,FAIL
40,15,Good,Clear,0.15,Wet,FAIL,16.29992737835875,-1.299927378358749,6.8,0.592543166326788,FAIL
40,15,Poor,Clear,0.05,Dry,FAIL,16.04938271604938,-1.0493827160493794,8.0,0.5923491648338577,FAIL
60,30,Poor,Clear,0.15,Dry,FAIL,31.527777777777786,-1.5277777777777857,8.0,0.5910766920047894,FAIL
60,30,Poor,Clear,0.25,Dry,FAIL,33.19444444444445,-3.19444444444445,8.0,0.5873312047598265,FAIL
60,20,Good,Clear,0.15,Dry,FAIL,28.19444444444445,-8.19444444444445,8.0,0.5838559671827842,FAIL
60,30,Good,Fog,0.05,Wet,FAIL,33.19588619761631,-3.1958861976163107,5.779999999999999,0.5830444585660947,FAIL
60,30,Moderate,Rain,0.05,Wet,FAIL,33.52759622367466,-3.5275962236746565,6.12,0.5808326420071446,FAIL
60,20,Moderate,Clear,0.05,Dry,FAIL,28.19444444444445,-8.19444444444445,8.0,0.573074287552147,FAIL
40,15,Moderate,Fog,0.05,Dry,FAIL,16.29992737835875,-1.299927378358749,6.8,0.5722042440243541,FAIL
40,15,Moderate,Clear,0.15,Dry,FAIL,16.04938271604938,-1.0493827160493794,8.0,0.5615235421062159,FAIL
40,15,Poor,Clear,0.1,Dry,FAIL,16.604938271604937,-1.6049382716049363,8.0,0.5612713832739872,FAIL
40,15,Good,Fog,0.25,Dry,FAIL,17.41103848946986,-2.41103848946986,6.8,0.5601724992830877,FAIL
60,20,Good,Clear,0.25,Dry,FAIL,29.861111111111114,-9.861111111111114,8.0,0.5598581183539977,FAIL
40,15,Poor,Clear,0.0,Dry,FAIL,15.493827160493826,-0.4938271604938258,8.0,0.5573112203643896,FAIL
60,20,Moderate,Rain,0.1,Dry,FAIL,30.95679012345679,-10.956790123456791,7.2,0.555157480672523,FAIL
60,30,Moderate,Rain,0.0,Wet,FAIL,32.69426289034132,-2.694262890341321,6.12,0.55483519307552,FAIL
60,30,Poor,Clear,0.1,Dry,FAIL,30.69444444444445,-0.69444444444445,8.0,0.5545005505161318,FAIL
40,15,Moderate,Fog,0.0,Dry,FAIL,15.744371822803194,-0.7443718228031937,6.8,0.5468778166866888,FAIL
60,30,Good,Rain,0.05,Wet,FAIL,31.860929557007992,-1.860929557007992,6.12,0.5417080353548643,FAIL
60,30,Moderate,Fog,0.15,Dry,FAIL,32.92483660130719,-2.924836601307192,6.8,0.5347563483668016,FAIL
40,15,Moderate,Rain,0.0,Dry,FAIL,15.240054869684498,-0.2400548696844975,7.2,0.5321537076163334,FAIL
40,15,Good,Fog,0.15,Dry,FAIL,16.29992737835875,-1.299927378358749,6.8,0.5320115958356895,FAIL
60,30,Moderate,Fog,0.25,Dry,FAIL,34.59150326797386,-4.591503267973863,6.8,0.5314888669637318,FAIL
60,30,Poor,Rain,0.1,Dry,FAIL,32.62345679012346,-2.6234567901234627,7.2,0.5307372033982719,FAIL
60,30,Good,Clear,0.0,Wet,PASS,28.758169934640527,1.2418300653594727,6.8,0.529099059719529,FAIL
60,30,Poor,Clear,0.05,Dry,PASS,29.861111111111114,0.1388888888888857,8.0,0.5274741726056278,FAIL
60,20,Moderate,Clear,0.0,Dry,FAIL,27.361111111111114,-7.361111111111114,8.0,0.524696602823002,FAIL
40,15,Good,Clear,0.05,Wet,FAIL,15.188816267247638,-0.1888162672476383,6.8,0.5186971915472129,FAIL
60,30,Good,Rain,0.0,Wet,FAIL,31.027596223674657,-1.0275962236746563,6.12,0.5172845425587522,FAIL
60,20,Good,Fog,0.1,Dry,FAIL,30.424836601307195,-10.424836601307195,6.8,0.5162175716239167,FAIL
40,15,Good,Clear,0.1,Wet,FAIL,15.744371822803194,-0.7443718228031937,6.8,0.5147489202118729,FAIL
60,20,Good,Clear,0.1,Dry,FAIL,27.361111111111114,-7.361111111111114,8.0,0.5128590597319664,FAIL
60,20,Moderate,Rain,0.05,Dry,FAIL,30.123456790123463,-10.123456790123464,7.2,0.5080907597578607,FAIL
60,30,Poor,Clear,0.0,Dry,PASS,29.02777777777778,0.9722222222222214,8.0,0.5074647741731927,FAIL
60,30,Poor,Rain,0.05,Dry,FAIL,31.790123456790127,-1.790123456790127,7.2,0.502154397884582,FAIL
40,15,Good,Clear,0.0,Wet,PASS,14.633260711692085,0.366739288307917,6.8,0.5006028827171946,FAIL
60,20,Good,Rain,0.15,Dry,FAIL,30.123456790123463,-10.123456790123464,7.2,0.4941244506798764,PASS
40,15,Moderate,Clear,0.1,Dry,FAIL,15.493827160493826,-0.4938271604938258,8.0,0.4917674938449125,PASS
60,30,Poor,Rain,0.0,Dry,FAIL,30.95679012345679,-0.9567901234567912,7.2,0.48954900212548996,PASS
60,20,Good,Rain,0.25,Dry,FAIL,31.790123456790127,-11.790123456790129,7.2,0.4642815039436252,PASS
60,20,Good,Clear,0.05,Dry,FAIL,26.527777777777786,-6.527777777777782,8.0,0.44778632118521033,PASS
60,20,Moderate,Rain,0.0,Dry,FAIL,29.290123456790127,-9.290123456790129,7.2,0.4469868654861825,PASS
60,20,Good,Clear,0.0,Dry,FAIL,25.69444444444445,-5.69444444444445,8.0,0.43071779690482204,PASS
60,20,Good,Rain,0.1,Dry,FAIL,29.290123456790127,-9.290123456790129,7.2,0.42741888257439226,PASS
40,15,Moderate,Clear,0.0,Dry,PASS,14.382716049382717,0.6172839506172849,8.0,0.42627731114039813,PASS
60,20,Good,Fog,0.0,Dry,FAIL,28.758169934640527,-8.758169934640527,6.8,0.4217515883421263,PASS
40,15,Good,Rain,0.25,Dry,FAIL,16.906721536351164,-1.906721536351164,7.2,0.41650445187211044,PASS
60,20,Good,Fog,0.05,Dry,FAIL,29.591503267973863,-9.591503267973865,6.8,0.4163547060525434,PASS
40,15,Good,Rain,0.15,Dry,FAIL,15.795610425240053,-0.7956104252400529,7.2,0.3893667378941897,PASS
60,20,Good,Rain,0.0,Dry,FAIL,27.623456790123463,-7.623456790123463,7.2,0.3441273957743849,PASS
60,30,Moderate,Rain,0.15,Dry,FAIL,31.790123456790127,-1.790123456790127,7.2,0.34138343186171505,PASS
60,30,Moderate,Rain,0.25,Dry,FAIL,33.4567901234568,-3.4567901234567984,7.2,0.33578173681572193,PASS
60,30,Moderate,Fog,0.1,Dry,FAIL,32.09150326797386,-2.091503267973863,6.8,0.3330181259562022,PASS
60,30,Moderate,Clear,0.25,Dry,FAIL,31.527777777777786,-1.527777777777782,8.0,0.32733879760096857,PASS
40,15,Good,Fog,0.0,Dry,PASS,14.633260711692085,0.366739288307917,6.8,0.3254058937948952,PASS
40,15,Good,Clear,0.25,Dry,FAIL,16.04938271604938,-1.0493827160493794,8.0,0.322363067522059,PASS
40,15,Good,Fog,0.05,Dry,FAIL,15.188816267247638,-0.1888162672476383,6.8,0.3121336614623059,PASS
40,15,Good,Rain,0.1,Dry,FAIL,15.240054869684498,-0.2400548696844975,7.2,0.30804718133509584,PASS
60,30,Good,Fog,0.25,Dry,FAIL,32.92483660130719,-2.924836601307192,6.8,0.295228843252405,PASS
60,30,Good,Fog,0.15,Dry,FAIL,31.258169934640527,-1.2581699346405273,6.8,0.2922356677417393,PASS
60,30,Moderate,Fog,0.05,Dry,FAIL,31.258169934640527,-1.2581699346405273,6.8,0.2842020983273783,PASS
60,30,Moderate,Fog,0.0,Dry,FAIL,30.424836601307195,-0.4248366013071951,6.8,0.2714447837139019,PASS
40,20,Poor,Fog,0.15,Slippery,FAIL,22.412594667496627,-2.412594667496627,4.76,0.23799691755050514,PASS
60,30,Good,Clear,0.25,Dry,PASS,29.861111111111114,0.1388888888888857,8.0,0.2378809682254611,PASS
60,30,Moderate,Clear,0.05,Dry,PASS,28.19444444444445,1.80555555555555,8.0,0.23344995587387615,PASS
40,20,Poor,Fog,0.0,Slippery,FAIL,20.745928000829963,-0.7459280008299629,4.76,0.23302888250065606,PASS
40,20,Poor,Fog,0.1,Slippery,FAIL,21.85703911194108,-1.8570391119410736,4.76,0.229113218775051,PASS
60,30,Moderate,Rain,0.1,Dry,FAIL,30.95679012345679,-0.9567901234567912,7.2,0.22852991105713993,PASS
40,20,Poor,Fog,0.25,Slippery,FAIL,23.52370577860774,-3.523705778607741,4.76,0.22293427798950124,PASS
60,30,Moderate,Rain,0.05,Dry,FAIL,30.123456790123463,-0.1234567901234626,7.2,0.19763613299388272,PASS
40,20,Poor,Rain,0.15,Slippery,FAIL,21.69214187732706,-1.6921418773270602,5.04,0.18788480709158475,PASS
60,30,Good,Rain,0.15,Dry,FAIL,30.123456790123463,-0.1234567901234626,7.2,0.18313777719550262,PASS
60,30,Good,Rain,0.25,Dry,FAIL,31.790123456790127,-1.790123456790127,7.2,0.18303261281995797,PASS
60,30,Good,Clear,0.1,Dry,PASS,27.361111111111114,2.6388888888888857,8.0,0.18131644616378084,PASS
40,20,Poor,Rain,0.25,Slippery,FAIL,22.80325298843817,-2.8032529884381745,5.04,0.17638567501178576,PASS
60,30,Good,Fog,0.1,Dry,FAIL,30.424836601307195,-0.4248366013071951,6.8,0.1687870616860262,PASS
40,20,Poor,Rain,0.05,Slippery,FAIL,20.58103076621595,-0.5810307662159495,5.04,0.16806085802687493,PASS
40,20,Poor,Rain,0.0,Slippery,FAIL,20.0254752106604,-0.0254752106603959,5.04,0.13820843449246004,PASS
40,20,Moderate,Fog,0.15,Slippery,FAIL,21.30148355638552,-1.3014835563855165,4.76,0.13363429180273556,PASS
40,20,Moderate,Fog,0.25,Slippery,FAIL,22.412594667496627,-2.412594667496627,4.76,0.13092081323633586,PASS
60,30,Good,Clear,0.05,Dry,PASS,26.527777777777786,3.472222222222218,8.0,0.12732197498750208,PASS
40,30,Poor,Fog,0.15,Slippery,PASS,22.412594667496627,7.587405332503373,4.76,0.11943022353291184,PASS
40,20,Moderate,Fog,0.1,Slippery,FAIL,20.745928000829963,-0.7459280008299629,4.76,0.10867366390103642,PASS
40,20,Moderate,Fog,0.05,Slippery,FAIL,20.19037244527441,-0.1903724452744057,4.76,0.10020714921106122,PASS
40,20,Moderate,Fog,0.0,Slippery,PASS,19.63481688971885,0.3651831102811513,4.76,0.09094802275152812,PASS
40,20,Moderate,Rain,0.25,Slippery,FAIL,21.69214187732706,-1.6921418773270602,5.04,0.0890082192509887,PASS
40,20,Poor,Clear,0.15,Slippery,FAIL,20.4673721340388,-0.4673721340388006,5.6,0.08891514432405273,PASS
40,20,Moderate,Rain,0.15,Slippery,FAIL,20.58103076621595,-0.5810307662159495,5.04,0.08827706539081634,PASS
40,20,Poor,Clear,0.25,Slippery,FAIL,21.57848324514991,-1.5784832451499111,5.6,0.08762823892767045,PASS
40,20,Moderate,Rain,0.1,Slippery,FAIL,20.0254752106604,-0.0254752106603959,5.04,0.08487517542201557,PASS
40,30,Poor,Rain,0.25,Slippery,PASS,22.80325298843817,7.1967470115618255,5.04,0.08280139576274324,PASS
40,20,Moderate,Clear,0.25,Slippery,FAIL,20.4673721340388,-0.4673721340388006,5.6,0.07864368749349679,PASS
40,20,Moderate,Clear,0.15,Slippery,PASS,19.35626102292769,0.6437389770723101,5.6,0.07430363619515287,PASS
40,30,Poor,Rain,0.05,Slippery,PASS,20.58103076621595,9.41896923378405,5.04,0.06906893127946648,PASS
40,30,Moderate,Fog,0.25,Slippery,PASS,22.412594667496627,7.587405332503373,4.76,0.06735647757341139,PASS
40,20,Moderate,Clear,0.0,Slippery,PASS,17.689594356261022,2.310405643738978,5.6,0.06549442109967199,PASS
40,20,Moderate,Clear,0.05,Slippery,PASS,18.24514991181658,1.7548500881834208,5.6,0.06415794051928292,PASS
40,20,Moderate,Rain,0.05,Slippery,PASS,19.46991965510484,0.5300803448951612,5.04,0.06135658125857015,PASS
40,20,Good,Fog,0.25,Slippery,FAIL,21.30148355638552,-1.3014835563855165,4.76,0.059227127890286405,PASS
40,20,Good,Rain,0.25,Slippery,FAIL,20.58103076621595,-0.5810307662159495,5.04,0.059079523223352026,PASS
40,20,Good,Fog,0.15,Slippery,FAIL,20.19037244527441,-0.1903724452744057,4.76,0.05229764305551086,PASS
40,30,Moderate,Fog,0.05,Slippery,PASS,20.19037244527441,9.809627554725594,4.76,0.05027270465285723,PASS
40,20,Good,Clear,0.15,Slippery,PASS,18.24514991181658,1.7548500881834208,5.6,0.04700570576181477,PASS
40,20,Poor,Fog,0.25,Wet,FAIL,21.235208680422065,-1.235208680422062,5.779999999999999,0.04683482983566674,PASS
40,30,Moderate,Rain,0.15,Slippery,PASS,20.58103076621595,9.41896923378405,5.04,0.045581225903087365,PASS
40,20,Moderate,Fog,0.25,Dry,PASS,18.52214960058097,1.477850399419026,6.8,0.04502746409072693,PASS
40,30,Poor,Clear,0.15,Slippery,PASS,20.4673721340388,9.5326278659612,5.6,0.04204078201866519,PASS
40,20,Poor,Clear,0.05,Dry,PASS,16.04938271604938,3.9506172839506206,8.0,0.03897414102499388,PASS
40,30,Moderate,Clear,0.1,Slippery,PASS,18.800705467372133,11.199294532627867,5.6,0.037774319622121966,PASS
40,30,Moderate,Clear,0.15,Slippery,PASS,19.35626102292769,10.64373897707231,5.6,0.03762590424347392,PASS
40,20,Poor,Rain,0.05,Dry,PASS,16.906721536351164,3.0932784636488364,7.2,0.03724672059264083,PASS
40,20,Poor,Clear,0.0,Dry,PASS,15.493827160493826,4.506172839506174,8.0,0.03669991099570103,PASS
40,20,Moderate,Fog,0.25,Wet,FAIL,20.124097569310948,-0.1240975693109476,5.779999999999999,0.03430461245164373,PASS
40,20,Poor,Fog,0.15,Wet,FAIL,20.124097569310948,-0.1240975693109476,5.779999999999999,0.034260615334581426,PASS
40,20,Poor,Fog,0.0,Dry,PASS,16.855482933914303,3.1445170660856974,6.8,0.0328351869548738,PASS
40,20,Poor,Clear,0.25,Dry,PASS,18.271604938271604,1.7283950617283956,8.0,0.03137384790101948,PASS
40,30,Poor,Fog,0.0,Wet,PASS,18.457430902644283,11.542569097355717,5.779999999999999,0.031085015114657433,PASS
40,30,Good,Clear,0.15,Slippery,PASS,18.24514991181658,11.75485008818342,5.6,0.030027372547061427,PASS
40,30,Moderate,Fog,0.25,Dry,PASS,18.52214960058097,11.477850399419026,6.8,0.029507820489276342,PASS
40,20,Good,Fog,0.25,Dry,PASS,17.41103848946986,2.58896151053014,6.8,0.027901894944372972,PASS
40,20,Good,Fog,0.15,Wet,PASS,17.901875347088726,2.098124652911274,5.779999999999999,0.027131798616397494,PASS
40,20,Poor,Rain,0.15,Dry,PASS,18.01783264746228,1.982167352537722,7.2,0.027112201471222418,PASS
40,20,Poor,Rain,0.25,Wet,FAIL,20.64189461792948,-0.6418946179294736,6.12,0.027029897878168424,PASS
40,20,Moderate,Clear,0.0,Dry,PASS,14.382716049382717,5.617283950617285,8.0,0.026956428217653677,PASS
40,20,Moderate,Fog,0.1,Dry,PASS,16.855482933914303,3.1445170660856974,6.8,0.02690215744949374,PASS
40,30,Poor,Rain,0.25,Dry,PASS,19.128943758573385,10.871056241426617,7.2,0.026620775063249218,PASS
40,20,Good,Fog,0.15,Dry,PASS,16.29992737835875,3.700072621641251,6.8,0.026277268461861836,PASS
40,30,Poor,Fog,0.15,Wet,PASS,20.124097569310948,9.875902430689052,5.779999999999999,0.025356472365334552,PASS
40,30,Poor,Rain,0.0,Dry,PASS,16.351165980795606,13.648834019204394,7.2,0.02450150698684611,PASS
40,20,Poor,Clear,0.0,Wet,PASS,16.855482933914303,3.1445170660856974,6.8,0.024441699630511744,PASS
40,20,Good,Clear,0.15,Wet,PASS,16.29992737835875,3.700072621641251,6.8,0.02414949697296088,PASS
40,20,Good,Clear,0.05,Wet,PASS,15.188816267247638,4.811183732752362,6.8,0.023716491369710817,PASS
40,20,Moderate,Clear,0.1,Wet,PASS,16.855482933914303,3.1445170660856974,6.8,0.02369393214824437,PASS
40,20,Moderate,Clear,0.1,Dry,PASS,15.493827160493826,4.506172839506174,8.0,0.023506926231958034,PASS
40,30,Poor,Fog,0.0,Dry,PASS,16.855482933914303,13.144517066085696,6.8,0.02313521765826357,PASS
40,30,Moderate,Rain,0.25,Wet,PASS,19.530783506818366,10.469216493181634,6.12,0.022355843481383322,PASS
40,30,Poor,Fog,0.05,Wet,PASS,19.01298645819984,10.987013541800165,5.779999999999999,0.022033617238709016,PASS
40,30,Good,Clear,0.25,Wet,PASS,17.41103848946986,12.58896151053014,6.8,0.021853504005246865,PASS
40,20,Good,Clear,0.1,Wet,PASS,15.744371822803194,4.255628177196806,6.8,0.02137014799145657,PASS
40,30,Poor,Clear,0.1,Dry,PASS,16.604938271604937,13.395061728395063,8.0,0.02087772386475192,PASS
40,20,Poor,Rain,0.0,Wet,PASS,17.864116840151695,2.135883159848305,6.12,0.020689640030198724,PASS
40,30,Moderate,Clear,0.05,Dry,PASS,14.938271604938272,15.061728395061728,8.0,0.020532206109670124,PASS
40,30,Good,Fog,0.25,Dry,PASS,17.41103848946986,12.58896151053014,6.8,0.020253770226995982,PASS
40,20,Moderate,Rain,0.1,Dry,PASS,16.351165980795606,3.6488340192043935,7.2,0.020075472807186405,PASS
40,30,Moderate,Fog,0.15,Wet,PASS,19.01298645819984,10.987013541800165,5.779999999999999,0.019479591317029678,PASS
40,20,Poor,Rain,0.1,Wet,PASS,18.97522795126281,1.0247720487371907,6.12,0.019437637797674004,PASS
40,30,Moderate,Rain,0.15,Dry,PASS,16.906721536351164,13.093278463648836,7.2,0.019128714791422623,PASS
40,30,Moderate,Clear,0.0,Dry,PASS,14.382716049382717,15.617283950617283,8.0,0.01889112173694065,PASS
40,30,Moderate,Rain,0.15,Wet,PASS,18.41967239570725,11.580327604292748,6.12,0.018121853288374623,PASS
40,30,Poor,Clear,0.15,Wet,PASS,18.52214960058097,11.477850399419026,6.8,0.017890085442547658,PASS
40,30,Moderate,Clear,0.1,Dry,PASS,15.493827160493826,14.506172839506174,8.0,0.017046334567094524,PASS
40,30,Good,Fog,0.0,Wet,PASS,16.235208680422062,13.764791319577938,5.779999999999999,0.016867746325563083,PASS
40,30,Good,Rain,0.0,Wet,PASS,15.641894617929475,14.358105382070525,6.12,0.01627822870350062,PASS
40,30,Good,Clear,0.25,Dry,PASS,16.04938271604938,13.95061728395062,8.0,0.016185009958058487,PASS
40,20,Good,Clear,0.05,Dry,PASS,13.827160493827162,6.172839506172839,8.0,0.015963911798579387,PASS
40,20,Good,Rain,0.15,Dry,PASS,15.795610425240053,4.204389574759947,7.2,0.01399903367845152,PASS
40,30,Good,Clear,0.05,Dry,PASS,13.827160493827162,16.17283950617284,8.0,0.012674082333725602,PASS
40,30,Good,Fog,0.05,Dry,PASS,15.188816267247638,14.811183732752362,6.8,0.009972725182342214,PASS
