speed,object_distance,visibility,weather,sensor_delay,road_condition,result,stopping_distance,margin,effective_deceleration
40,5,Good,Clear,0,Dry,FAIL,13.271604938271604,-8.271604938271604,8.0
40,5,Good,Clear,0,Wet,FAIL,14.633260711692083,-9.633260711692083,6.8
40,5,Good,Clear,0,Slippery,FAIL,16.57848324514991,-11.578483245149911,5.6
40,5,Good,Clear,0.05,Dry,FAIL,13.827160493827162,-8.827160493827162,8.0
40,5,Good,Clear,0.05,Wet,FAIL,15.188816267247638,-10.188816267247638,6.8
40,5,Good,Clear,0.05,Slippery,FAIL,17.13403880070547,-12.134038800705468,5.6
40,5,Good,Clear,0.1,Dry,FAIL,14.382716049382715,-9.382716049382715,8.0
40,5,Good,Clear,0.1,Wet,FAIL,15.744371822803194,-10.744371822803194,6.8
40,5,Good,Clear,0.1,Slippery,FAIL,17.689594356261022,-12.689594356261022,5.6
40,5,Good,Clear,0.15,Dry,FAIL,14.938271604938272,-9.938271604938272,8.0
40,5,Good,Clear,0.15,Wet,FAIL,16.29992737835875,-11.299927378358749,6.8
40,5,Good,Clear,0.15,Slippery,FAIL,18.24514991181658,-13.24514991181658,5.6
40,5,Good,Clear,0.25,Dry,FAIL,16.04938271604938,-11.04938271604938,8.0
40,5,Good,Clear,0.25,Wet,FAIL,17.41103848946986,-12.41103848946986,6.8
40,5,Good,Clear,0.25,Slippery,FAIL,19.35626102292769,-14.35626102292769,5.6
40,5,Good,Rain,0,Dry,FAIL,14.128943758573387,-9.128943758573387,7.2
40,5,Good,Rain,0,Wet,FAIL,15.641894617929475,-10.641894617929475,6.12
40,5,Good,Rain,0,Slippery,FAIL,17.803252988438174,-12.803252988438174,5.04
40,5,Good,Rain,0.05,Dry,FAIL,14.684499314128942,-9.684499314128942,7.2
40,5,Good,Rain,0.05,Wet,FAIL,16.19745017348503,-11.19745017348503,6.12
40,5,Good,Rain,0.05,Slippery,FAIL,18.358808543993728,-13.358808543993728,5.04
40,5,Good,Rain,0.1,Dry,FAIL,15.240054869684498,-10.240054869684498,7.2
40,5,Good,Rain,0.1,Wet,FAIL,16.753005729040588,-11.753005729040588,6.12
40,5,Good,Rain,0.1,Slippery,FAIL,18.91436409954928,-13.914364099549282,5.04
40,5,Good,Rain,0.15,Dry,FAIL,15.795610425240053,-10.795610425240053,7.2
40,5,Good,Rain,0.15,Wet,FAIL,17.30856128459614,-12.308561284596141,6.12
40,5,Good,Rain,0.15,Slippery,FAIL,19.46991965510484,-14.469919655104839,5.04
40,5,Good,Rain,0.25,Dry,FAIL,16.906721536351164,-11.906721536351164,7.2
40,5,Good,Rain,0.25,Wet,FAIL,18.419672395707252,-13.419672395707252,6.12
40,5,Good,Rain,0.25,Slippery,FAIL,20.58103076621595,-15.58103076621595,5.04
40,5,Good,Fog,0,Dry,FAIL,14.633260711692083,-9.633260711692083,6.8
40,5,Good,Fog,0,Wet,FAIL,16.235208680422062,-11.235208680422062,5.779999999999999
40,5,Good,Fog,0,Slippery,FAIL,18.52370577860774,-13.523705778607741,4.76
40,5,Good,Fog,0.05,Dry,FAIL,15.188816267247638,-10.188816267247638,6.8
40,5,Good,Fog,0.05,Wet,FAIL,16.790764235977615,-11.790764235977615,5.779999999999999
40,5,Good,Fog,0.05,Slippery,FAIL,19.079261334163295,-14.079261334163295,4.76
40,5,Good,Fog,0.1,Dry,FAIL,15.744371822803194,-10.744371822803194,6.8
40,5,Good,Fog,0.1,Wet,FAIL,17.34631979153317,-12.346319791533169,5.779999999999999
40,5,Good,Fog,0.1,Slippery,FAIL,19.63481688971885,-14.634816889718849,4.76
40,5,Good,Fog,0.15,Dry,FAIL,16.29992737835875,-11.299927378358749,6.8
40,5,Good,Fog,0.15,Wet,FAIL,17.901875347088726,-12.901875347088726,5.779999999999999
40,5,Good,Fog,0.15,Slippery,FAIL,20.190372445274406,-15.190372445274406,4.76
40,5,Good,Fog,0.25,Dry,FAIL,17.41103848946986,-12.41103848946986,6.8
40,5,Good,Fog,0.25,Wet,FAIL,19.012986458199837,-14.012986458199837,5.779999999999999
40,5,Good,Fog,0.25,Slippery,FAIL,21.301483556385516,-16.301483556385516,4.76
40,5,Moderate,Clear,0,Dry,FAIL,14.382716049382715,-9.382716049382715,8.0
40,5,Moderate,Clear,0,Wet,FAIL,15.744371822803194,-10.744371822803194,6.8
40,5,Moderate,Clear,0,Slippery,FAIL,17.689594356261022,-12.689594356261022,5.6
40,5,Moderate,Clear,0.05,Dry,FAIL,14.938271604938272,-9.938271604938272,8.0
40,5,Moderate,Clear,0.05,Wet,FAIL,16.29992737835875,-11.299927378358749,6.8
40,5,Moderate,Clear,0.05,Slippery,FAIL,18.24514991181658,-13.24514991181658,5.6
40,5,Moderate,Clear,0.1,Dry,FAIL,15.493827160493826,-10.493827160493826,8.0
40,5,Moderate,Clear,0.1,Wet,FAIL,16.855482933914303,-11.855482933914303,6.8
40,5,Moderate,Clear,0.1,Slippery,FAIL,18.800705467372133,-13.800705467372133,5.6
40,5,Moderate,Clear,0.15,Dry,FAIL,16.04938271604938,-11.04938271604938,8.0
40,5,Moderate,Clear,0.15,Wet,FAIL,17.41103848946986,-12.41103848946986,6.8
40,5,Moderate,Clear,0.15,Slippery,FAIL,19.35626102292769,-14.35626102292769,5.6
40,5,Moderate,Clear,0.25,Dry,FAIL,17.160493827160494,-12.160493827160494,8.0
40,5,Moderate,Clear,0.25,Wet,FAIL,18.522149600580974,-13.522149600580974,6.8
40,5,Moderate,Clear,0.25,Slippery,FAIL,20.4673721340388,-15.4673721340388,5.6
40,5,Moderate,Rain,0,Dry,FAIL,15.240054869684498,-10.240054869684498,7.2
40,5,Moderate,Rain,0,Wet,FAIL,16.753005729040588,-11.753005729040588,6.12
40,5,Moderate,Rain,0,Slippery,FAIL,18.91436409954928,-13.914364099549282,5.04
40,5,Moderate,Rain,0.05,Dry,FAIL,15.795610425240053,-10.795610425240053,7.2
40,5,Moderate,Rain,0.05,Wet,FAIL,17.30856128459614,-12.308561284596141,6.12
40,5,Moderate,Rain,0.05,Slippery,FAIL,19.46991965510484,-14.469919655104839,5.04
40,5,Moderate,Rain,0.1,Dry,FAIL,16.351165980795606,-11.351165980795606,7.2
40,5,Moderate,Rain,0.1,Wet,FAIL,17.864116840151695,-12.864116840151695,6.12
40,5,Moderate,Rain,0.1,Slippery,FAIL,20.025475210660396,-15.025475210660396,5.04
40,5,Moderate,Rain,0.15,Dry,FAIL,16.906721536351164,-11.906721536351164,7.2
40,5,Moderate,Rain,0.15,Wet,FAIL,18.419672395707252,-13.419672395707252,6.12
40,5,Moderate,Rain,0.15,Slippery,FAIL,20.58103076621595,-15.58103076621595,5.04
40,5,Moderate,Rain,0.25,Dry,FAIL,18.017832647462278,-13.017832647462278,7.2
40,5,Moderate,Rain,0.25,Wet,FAIL,19.530783506818366,-14.530783506818366,6.12
40,5,Moderate,Rain,0.25,Slippery,FAIL,21.69214187732706,-16.69214187732706,5.04
40,5,Moderate,Fog,0,Dry,FAIL,15.744371822803194,-10.744371822803194,6.8
40,5,Moderate,Fog,0,Wet,FAIL,17.34631979153317,-12.346319791533169,5.779999999999999
40,5,Moderate,Fog,0,Slippery,FAIL,19.63481688971885,-14.634816889718849,4.76
40,5,Moderate,Fog,0.05,Dry,FAIL,16.29992737835875,-11.299927378358749,6.8
40,5,Moderate,Fog,0.05,Wet,FAIL,17.901875347088726,-12.901875347088726,5.779999999999999
40,5,Moderate,Fog,0.05,Slippery,FAIL,20.190372445274406,-15.190372445274406,4.76
40,5,Moderate,Fog,0.1,Dry,FAIL,16.855482933914303,-11.855482933914303,6.8
40,5,Moderate,Fog,0.1,Wet,FAIL,18.457430902644283,-13.457430902644283,5.779999999999999
40,5,Moderate,Fog,0.1,Slippery,FAIL,20.745928000829963,-15.745928000829963,4.76
40,5,Moderate,Fog,0.15,Dry,FAIL,17.41103848946986,-12.41103848946986,6.8
40,5,Moderate,Fog,0.15,Wet,FAIL,19.012986458199837,-14.012986458199837,5.779999999999999
40,5,Moderate,Fog,0.15,Slippery,FAIL,21.301483556385516,-16.301483556385516,4.76
40,5,Moderate,Fog,0.25,Dry,FAIL,18.522149600580974,-13.522149600580974,6.8
40,5,Moderate,Fog,0.25,Wet,FAIL,20.124097569310948,-15.124097569310948,5.779999999999999
40,5,Moderate,Fog,0.25,Slippery,FAIL,22.412594667496627,-17.412594667496627,4.76
40,5,Poor,Clear,0,Dry,FAIL,15.493827160493826,-10.493827160493826,8.0
40,5,Poor,Clear,0,Wet,FAIL,16.855482933914303,-11.855482933914303,6.8
40,5,Poor,Clear,0,Slippery,FAIL,18.800705467372133,-13.800705467372133,5.6
40,5,Poor,Clear,0.05,Dry,FAIL,16.04938271604938,-11.04938271604938,8.0
40,5,Poor,Clear,0.05,Wet,FAIL,17.41103848946986,-12.41103848946986,6.8
40,5,Poor,Clear,0.05,Slippery,FAIL,19.35626102292769,-14.35626102292769,5.6
40,5,Poor,Clear,0.1,Dry,FAIL,16.604938271604937,-11.604938271604937,8.0
40,5,Poor,Clear,0.1,Wet,FAIL,17.966594045025417,-12.966594045025417,6.8
40,5,Poor,Clear,0.1,Slippery,FAIL,19.911816578483247,-14.911816578483247,5.6
40,5,Poor,Clear,0.15,Dry,FAIL,17.160493827160494,-12.160493827160494,8.0
40,5,Poor,Clear,0.15,Wet,FAIL,18.522149600580974,-13.522149600580974,6.8
40,5,Poor,Clear,0.15,Slippery,FAIL,20.4673721340388,-15.4673721340388,5.6
40,5,Poor,Clear,0.25,Dry,FAIL,18.271604938271604,-13.271604938271604,8.0
40,5,Poor,Clear,0.25,Wet,FAIL,19.63326071169208,-14.633260711692081,6.8
40,5,Poor,Clear,0.25,Slippery,FAIL,21.57848324514991,-16.57848324514991,5.6
40,5,Poor,Rain,0,Dry,FAIL,16.351165980795606,-11.351165980795606,7.2
40,5,Poor,Rain,0,Wet,FAIL,17.864116840151695,-12.864116840151695,6.12
40,5,Poor,Rain,0,Slippery,FAIL,20.025475210660396,-15.025475210660396,5.04
40,5,Poor,Rain,0.05,Dry,FAIL,16.906721536351164,-11.906721536351164,7.2
40,5,Poor,Rain,0.05,Wet,FAIL,18.419672395707252,-13.419672395707252,6.12
40,5,Poor,Rain,0.05,Slippery,FAIL,20.58103076621595,-15.58103076621595,5.04
40,5,Poor,Rain,0.1,Dry,FAIL,17.46227709190672,-12.46227709190672,7.2
40,5,Poor,Rain,0.1,Wet,FAIL,18.97522795126281,-13.97522795126281,6.12
40,5,Poor,Rain,0.1,Slippery,FAIL,21.136586321771507,-16.136586321771507,5.04
40,5,Poor,Rain,0.15,Dry,FAIL,18.017832647462278,-13.017832647462278,7.2
40,5,Poor,Rain,0.15,Wet,FAIL,19.530783506818366,-14.530783506818366,6.12
40,5,Poor,Rain,0.15,Slippery,FAIL,21.69214187732706,-16.69214187732706,5.04
40,5,Poor,Rain,0.25,Dry,FAIL,19.128943758573385,-14.128943758573385,7.2
40,5,Poor,Rain,0.25,Wet,FAIL,20.641894617929474,-15.641894617929474,6.12
40,5,Poor,Rain,0.25,Slippery,FAIL,22.803252988438174,-17.803252988438174,5.04
40,5,Poor,Fog,0,Dry,FAIL,16.855482933914303,-11.855482933914303,6.8
40,5,Poor,Fog,0,Wet,FAIL,18.457430902644283,-13.457430902644283,5.779999999999999
40,5,Poor,Fog,0,Slippery,FAIL,20.745928000829963,-15.745928000829963,4.76
40,5,Poor,Fog,0.05,Dry,FAIL,17.41103848946986,-12.41103848946986,6.8
40,5,Poor,Fog,0.05,Wet,FAIL,19.012986458199837,-14.012986458199837,5.779999999999999
40,5,Poor,Fog,0.05,Slippery,FAIL,21.301483556385516,-16.301483556385516,4.76
40,5,Poor,Fog,0.1,Dry,FAIL,17.966594045025417,-12.966594045025417,6.8
40,5,Poor,Fog,0.1,Wet,FAIL,19.568542013755394,-14.568542013755394,5.779999999999999
40,5,Poor,Fog,0.1,Slippery,FAIL,21.857039111941074,-16.857039111941074,4.76
40,5,Poor,Fog,0.15,Dry,FAIL,18.522149600580974,-13.522149600580974,6.8
40,5,Poor,Fog,0.15,Wet,FAIL,20.124097569310948,-15.124097569310948,5.779999999999999
40,5,Poor,Fog,0.15,Slippery,FAIL,22.412594667496627,-17.412594667496627,4.76
40,5,Poor,Fog,0.25,Dry,FAIL,19.63326071169208,-14.633260711692081,6.8
40,5,Poor,Fog,0.25,Wet,FAIL,21.235208680422062,-16.235208680422062,5.779999999999999
40,5,Poor,Fog,0.25,Slippery,FAIL,23.52370577860774,-18.52370577860774,4.76
40,10,Good,Clear,0,Dry,FAIL,13.271604938271604,-3.2716049382716044,8.0
40,10,Good,Clear,0,Wet,FAIL,14.633260711692083,-4.633260711692083,6.8
40,10,Good,Clear,0,Slippery,FAIL,16.57848324514991,-6.578483245149911,5.6
40,10,Good,Clear,0.05,Dry,FAIL,13.827160493827162,-3.8271604938271615,8.0
40,10,Good,Clear,0.05,Wet,FAIL,15.188816267247638,-5.188816267247638,6.8
40,10,Good,Clear,0.05,Slippery,FAIL,17.13403880070547,-7.1340388007054685,5.6
40,10,Good,Clear,0.1,Dry,FAIL,14.382716049382715,-4.382716049382715,8.0
40,10,Good,Clear,0.1,Wet,FAIL,15.744371822803194,-5.744371822803194,6.8
40,10,Good,Clear,0.1,Slippery,FAIL,17.689594356261022,-7.689594356261022,5.6
40,10,Good,Clear,0.15,Dry,FAIL,14.938271604938272,-4.938271604938272,8.0
40,10,Good,Clear,0.15,Wet,FAIL,16.29992737835875,-6.299927378358749,6.8
40,10,Good,Clear,0.15,Slippery,FAIL,18.24514991181658,-8.24514991181658,5.6
40,10,Good,Clear,0.25,Dry,FAIL,16.04938271604938,-6.049382716049379,8.0
40,10,Good,Clear,0.25,Wet,FAIL,17.41103848946986,-7.41103848946986,6.8
40,10,Good,Clear,0.25,Slippery,FAIL,19.35626102292769,-9.35626102292769,5.6
40,10,Good,Rain,0,Dry,FAIL,14.128943758573387,-4.128943758573387,7.2
40,10,Good,Rain,0,Wet,FAIL,15.641894617929475,-5.641894617929475,6.12
40,10,Good,Rain,0,Slippery,FAIL,17.803252988438174,-7.8032529884381745,5.04
40,10,Good,Rain,0.05,Dry,FAIL,14.684499314128942,-4.684499314128942,7.2
40,10,Good,Rain,0.05,Wet,FAIL,16.19745017348503,-6.197450173485031,6.12
40,10,Good,Rain,0.05,Slippery,FAIL,18.358808543993728,-8.358808543993728,5.04
40,10,Good,Rain,0.1,Dry,FAIL,15.240054869684498,-5.2400548696844975,7.2
40,10,Good,Rain,0.1,Wet,FAIL,16.753005729040588,-6.753005729040588,6.12
40,10,Good,Rain,0.1,Slippery,FAIL,18.91436409954928,-8.914364099549282,5.04
40,10,Good,Rain,0.15,Dry,FAIL,15.795610425240053,-5.795610425240053,7.2
40,10,Good,Rain,0.15,Wet,FAIL,17.30856128459614,-7.308561284596141,6.12
40,10,Good,Rain,0.15,Slippery,FAIL,19.46991965510484,-9.469919655104839,5.04
40,10,Good,Rain,0.25,Dry,FAIL,16.906721536351164,-6.906721536351164,7.2
40,10,Good,Rain,0.25,Wet,FAIL,18.419672395707252,-8.419672395707252,6.12
40,10,Good,Rain,0.25,Slippery,FAIL,20.58103076621595,-10.58103076621595,5.04
40,10,Good,Fog,0,Dry,FAIL,14.633260711692083,-4.633260711692083,6.8
40,10,Good,Fog,0,Wet,FAIL,16.235208680422062,-6.235208680422062,5.779999999999999
40,10,Good,Fog,0,Slippery,FAIL,18.52370577860774,-8.523705778607741,4.76
40,10,Good,Fog,0.05,Dry,FAIL,15.188816267247638,-5.188816267247638,6.8
40,10,Good,Fog,0.05,Wet,FAIL,16.790764235977615,-6.7907642359776155,5.779999999999999
40,10,Good,Fog,0.05,Slippery,FAIL,19.079261334163295,-9.079261334163295,4.76
40,10,Good,Fog,0.1,Dry,FAIL,15.744371822803194,-5.744371822803194,6.8
40,10,Good,Fog,0.1,Wet,FAIL,17.34631979153317,-7.346319791533169,5.779999999999999
40,10,Good,Fog,0.1,Slippery,FAIL,19.63481688971885,-9.634816889718849,4.76
40,10,Good,Fog,0.15,Dry,FAIL,16.29992737835875,-6.299927378358749,6.8
40,10,Good,Fog,0.15,Wet,FAIL,17.901875347088726,-7.901875347088726,5.779999999999999
40,10,Good,Fog,0.15,Slippery,FAIL,20.190372445274406,-10.190372445274406,4.76
40,10,Good,Fog,0.25,Dry,FAIL,17.41103848946986,-7.41103848946986,6.8
40,10,Good,Fog,0.25,Wet,FAIL,19.012986458199837,-9.012986458199837,5.779999999999999
40,10,Good,Fog,0.25,Slippery,FAIL,21.301483556385516,-11.301483556385516,4.76
40,10,Moderate,Clear,0,Dry,FAIL,14.382716049382715,-4.382716049382715,8.0
40,10,Moderate,Clear,0,Wet,FAIL,15.744371822803194,-5.744371822803194,6.8
40,10,Moderate,Clear,0,Slippery,FAIL,17.689594356261022,-7.689594356261022,5.6
40,10,Moderate,Clear,0.05,Dry,FAIL,14.938271604938272,-4.938271604938272,8.0
40,10,Moderate,Clear,0.05,Wet,FAIL,16.29992737835875,-6.299927378358749,6.8
40,10,Moderate,Clear,0.05,Slippery,FAIL,18.24514991181658,-8.24514991181658,5.6
40,10,Moderate,Clear,0.1,Dry,FAIL,15.493827160493826,-5.493827160493826,8.0
40,10,Moderate,Clear,0.1,Wet,FAIL,16.855482933914303,-6.855482933914303,6.8
40,10,Moderate,Clear,0.1,Slippery,FAIL,18.800705467372133,-8.800705467372133,5.6
40,10,Moderate,Clear,0.15,Dry,FAIL,16.04938271604938,-6.049382716049379,8.0
40,10,Moderate,Clear,0.15,Wet,FAIL,17.41103848946986,-7.41103848946986,6.8
40,10,Moderate,Clear,0.15,Slippery,FAIL,19.35626102292769,-9.35626102292769,5.6
40,10,Moderate,Clear,0.25,Dry,FAIL,17.160493827160494,-7.160493827160494,8.0
40,10,Moderate,Clear,0.25,Wet,FAIL,18.522149600580974,-8.522149600580974,6.8
40,10,Moderate,Clear,0.25,Slippery,FAIL,20.4673721340388,-10.4673721340388,5.6
40,10,Moderate,Rain,0,Dry,FAIL,15.240054869684498,-5.2400548696844975,7.2
40,10,Moderate,Rain,0,Wet,FAIL,16.753005729040588,-6.753005729040588,6.12
40,10,Moderate,Rain,0,Slippery,FAIL,18.91436409954928,-8.914364099549282,5.04
40,10,Moderate,Rain,0.05,Dry,FAIL,15.795610425240053,-5.795610425240053,7.2
40,10,Moderate,Rain,0.05,Wet,FAIL,17.30856128459614,-7.308561284596141,6.12
40,10,Moderate,Rain,0.05,Slippery,FAIL,19.46991965510484,-9.469919655104839,5.04
40,10,Moderate,Rain,0.1,Dry,FAIL,16.351165980795606,-6.3511659807956065,7.2
40,10,Moderate,Rain,0.1,Wet,FAIL,17.864116840151695,-7.864116840151695,6.12
40,10,Moderate,Rain,0.1,Slippery,FAIL,20.025475210660396,-10.025475210660396,5.04
40,10,Moderate,Rain,0.15,Dry,FAIL,16.906721536351164,-6.906721536351164,7.2
40,10,Moderate,Rain,0.15,Wet,FAIL,18.419672395707252,-8.419672395707252,6.12
40,10,Moderate,Rain,0.15,Slippery,FAIL,20.58103076621595,-10.58103076621595,5.04
40,10,Moderate,Rain,0.25,Dry,FAIL,18.017832647462278,-8.017832647462278,7.2
40,10,Moderate,Rain,0.25,Wet,FAIL,19.530783506818366,-9.530783506818366,6.12
40,10,Moderate,Rain,0.25,Slippery,FAIL,21.69214187732706,-11.69214187732706,5.04
40,10,Moderate,Fog,0,Dry,FAIL,15.744371822803194,-5.744371822803194,6.8
40,10,Moderate,Fog,0,Wet,FAIL,17.34631979153317,-7.346319791533169,5.779999999999999
40,10,Moderate,Fog,0,Slippery,FAIL,19.63481688971885,-9.634816889718849,4.76
40,10,Moderate,Fog,0.05,Dry,FAIL,16.29992737835875,-6.299927378358749,6.8
40,10,Moderate,Fog,0.05,Wet,FAIL,17.901875347088726,-7.901875347088726,5.779999999999999
40,10,Moderate,Fog,0.05,Slippery,FAIL,20.190372445274406,-10.190372445274406,4.76
40,10,Moderate,Fog,0.1,Dry,FAIL,16.855482933914303,-6.855482933914303,6.8
40,10,Moderate,Fog,0.1,Wet,FAIL,18.457430902644283,-8.457430902644283,5.779999999999999
40,10,Moderate,Fog,0.1,Slippery,FAIL,20.745928000829963,-10.745928000829963,4.76
40,10,Moderate,Fog,0.15,Dry,FAIL,17.41103848946986,-7.41103848946986,6.8
40,10,Moderate,Fog,0.15,Wet,FAIL,19.012986458199837,-9.012986458199837,5.779999999999999
40,10,Moderate,Fog,0.15,Slippery,FAIL,21.301483556385516,-11.301483556385516,4.76
40,10,Moderate,Fog,0.25,Dry,FAIL,18.522149600580974,-8.522149600580974,6.8
40,10,Moderate,Fog,0.25,Wet,FAIL,20.124097569310948,-10.124097569310948,5.779999999999999
40,10,Moderate,Fog,0.25,Slippery,FAIL,22.412594667496627,-12.412594667496627,4.76
40,10,Poor,Clear,0,Dry,FAIL,15.493827160493826,-5.493827160493826,8.0
40,10,Poor,Clear,0,Wet,FAIL,16.855482933914303,-6.855482933914303,6.8
40,10,Poor,Clear,0,Slippery,FAIL,18.800705467372133,-8.800705467372133,5.6
40,10,Poor,Clear,0.05,Dry,FAIL,16.04938271604938,-6.049382716049379,8.0
40,10,Poor,Clear,0.05,Wet,FAIL,17.41103848946986,-7.41103848946986,6.8
40,10,Poor,Clear,0.05,Slippery,FAIL,19.35626102292769,-9.35626102292769,5.6
40,10,Poor,Clear,0.1,Dry,FAIL,16.604938271604937,-6.6049382716049365,8.0
40,10,Poor,Clear,0.1,Wet,FAIL,17.966594045025417,-7.966594045025417,6.8
40,10,Poor,Clear,0.1,Slippery,FAIL,19.911816578483247,-9.911816578483247,5.6
40,10,Poor,Clear,0.15,Dry,FAIL,17.160493827160494,-7.160493827160494,8.0
40,10,Poor,Clear,0.15,Wet,FAIL,18.522149600580974,-8.522149600580974,6.8
40,10,Poor,Clear,0.15,Slippery,FAIL,20.4673721340388,-10.4673721340388,5.6
40,10,Poor,Clear,0.25,Dry,FAIL,18.271604938271604,-8.271604938271604,8.0
40,10,Poor,Clear,0.25,Wet,FAIL,19.63326071169208,-9.633260711692081,6.8
40,10,Poor,Clear,0.25,Slippery,FAIL,21.57848324514991,-11.578483245149911,5.6
40,10,Poor,Rain,0,Dry,FAIL,16.351165980795606,-6.3511659807956065,7.2
40,10,Poor,Rain,0,Wet,FAIL,17.864116840151695,-7.864116840151695,6.12
40,10,Poor,Rain,0,Slippery,FAIL,20.025475210660396,-10.025475210660396,5.04
40,10,Poor,Rain,0.05,Dry,FAIL,16.906721536351164,-6.906721536351164,7.2
40,10,Poor,Rain,0.05,Wet,FAIL,18.419672395707252,-8.419672395707252,6.12
40,10,Poor,Rain,0.05,Slippery,FAIL,20.58103076621595,-10.58103076621595,5.04
40,10,Poor,Rain,0.1,Dry,FAIL,17.46227709190672,-7.462277091906721,7.2
40,10,Poor,Rain,0.1,Wet,FAIL,18.97522795126281,-8.97522795126281,6.12
40,10,Poor,Rain,0.1,Slippery,FAIL,21.136586321771507,-11.136586321771507,5.04
40,10,Poor,Rain,0.15,Dry,FAIL,18.017832647462278,-8.017832647462278,7.2
40,10,Poor,Rain,0.15,Wet,FAIL,19.530783506818366,-9.530783506818366,6.12
40,10,Poor,Rain,0.15,Slippery,FAIL,21.69214187732706,-11.69214187732706,5.04
40,10,Poor,Rain,0.25,Dry,FAIL,19.128943758573385,-9.128943758573385,7.2
40,10,Poor,Rain,0.25,Wet,FAIL,20.641894617929474,-10.641894617929474,6.12
40,10,Poor,Rain,0.25,Slippery,FAIL,22.803252988438174,-12.803252988438174,5.04
40,10,Poor,Fog,0,Dry,FAIL,16.855482933914303,-6.855482933914303,6.8
40,10,Poor,Fog,0,Wet,FAIL,18.457430902644283,-8.457430902644283,5.779999999999999
40,10,Poor,Fog,0,Slippery,FAIL,20.745928000829963,-10.745928000829963,4.76
40,10,Poor,Fog,0.05,Dry,FAIL,17.41103848946986,-7.41103848946986,6.8
40,10,Poor,Fog,0.05,Wet,FAIL,19.012986458199837,-9.012986458199837,5.779999999999999
40,10,Poor,Fog,0.05,Slippery,FAIL,21.301483556385516,-11.301483556385516,4.76
40,10,Poor,Fog,0.1,Dry,FAIL,17.966594045025417,-7.966594045025417,6.8
40,10,Poor,Fog,0.1,Wet,FAIL,19.568542013755394,-9.568542013755394,5.779999999999999
40,10,Poor,Fog,0.1,Slippery,FAIL,21.857039111941074,-11.857039111941074,4.76
40,10,Poor,Fog,0.15,Dry,FAIL,18.522149600580974,-8.522149600580974,6.8
40,10,Poor,Fog,0.15,Wet,FAIL,20.124097569310948,-10.124097569310948,5.779999999999999
40,10,Poor,Fog,0.15,Slippery,FAIL,22.412594667496627,-12.412594667496627,4.76
40,10,Poor,Fog,0.25,Dry,FAIL,19.63326071169208,-9.633260711692081,6.8
40,10,Poor,Fog,0.25,Wet,FAIL,21.235208680422062,-11.235208680422062,5.779999999999999
40,10,Poor,Fog,0.25,Slippery,FAIL,23.52370577860774,-13.523705778607741,4.76
40,15,Good,Clear,0,Dry,PASS,13.271604938271604,1.7283950617283956,8.0
40,15,Good,Clear,0,Wet,PASS,14.633260711692083,0.366739288307917,6.8
40,15,Good,Clear,0,Slippery,FAIL,16.57848324514991,-1.5784832451499113,5.6
40,15,Good,Clear,0.05,Dry,PASS,13.827160493827162,1.1728395061728385,8.0
40,15,Good,Clear,0.05,Wet,FAIL,15.188816267247638,-0.18881626724763834,6.8
40,15,Good,Clear,0.05,Slippery,FAIL,17.13403880070547,-2.1340388007054685,5.6
40,15,Good,Clear,0.1,Dry,PASS,14.382716049382715,0.6172839506172849,8.0
40,15,Good,Clear,0.1,Wet,FAIL,15.744371822803194,-0.7443718228031937,6.8
40,15,Good,Clear,0.1,Slippery,FAIL,17.689594356261022,-2.689594356261022,5.6
40,15,Good,Clear,0.15,Dry,PASS,14.938271604938272,0.06172839506172778,8.0
40,15,Good,Clear,0.15,Wet,FAIL,16.29992737835875,-1.299927378358749,6.8
40,15,Good,Clear,0.15,Slippery,FAIL,18.24514991181658,-3.245149911816579,5.6
40,15,Good,Clear,0.25,Dry,FAIL,16.04938271604938,-1.0493827160493794,8.0
40,15,Good,Clear,0.25,Wet,FAIL,17.41103848946986,-2.4110384894698598,6.8
40,15,Good,Clear,0.25,Slippery,FAIL,19.35626102292769,-4.35626102292769,5.6
40,15,Good,Rain,0,Dry,PASS,14.128943758573387,0.8710562414266132,7.2
40,15,Good,Rain,0,Wet,FAIL,15.641894617929475,-0.6418946179294753,6.12
40,15,Good,Rain,0,Slippery,FAIL,17.803252988438174,-2.8032529884381745,5.04
40,15,Good,Rain,0.05,Dry,PASS,14.684499314128942,0.31550068587105784,7.2
40,15,Good,Rain,0.05,Wet,FAIL,16.19745017348503,-1.1974501734850307,6.12
40,15,Good,Rain,0.05,Slippery,FAIL,18.358808543993728,-3.358808543993728,5.04
40,15,Good,Rain,0.1,Dry,FAIL,15.240054869684498,-0.24005486968449752,7.2
40,15,Good,Rain,0.1,Wet,FAIL,16.753005729040588,-1.7530057290405878,6.12
40,15,Good,Rain,0.1,Slippery,FAIL,18.91436409954928,-3.9143640995492817,5.04
40,15,Good,Rain,0.15,Dry,FAIL,15.795610425240053,-0.7956104252400529,7.2
40,15,Good,Rain,0.15,Wet,FAIL,17.30856128459614,-2.3085612845961414,6.12
40,15,Good,Rain,0.15,Slippery,FAIL,19.46991965510484,-4.469919655104839,5.04
40,15,Good,Rain,0.25,Dry,FAIL,16.906721536351164,-1.9067215363511636,7.2
40,15,Good,Rain,0.25,Wet,FAIL,18.419672395707252,-3.419672395707252,6.12
40,15,Good,Rain,0.25,Slippery,FAIL,20.58103076621595,-5.5810307662159495,5.04
40,15,Good,Fog,0,Dry,PASS,14.633260711692083,0.366739288307917,6.8
40,15,Good,Fog,0,Wet,FAIL,16.235208680422062,-1.2352086804220619,5.779999999999999
40,15,Good,Fog,0,Slippery,FAIL,18.52370577860774,-3.5237057786077415,4.76
40,15,Good,Fog,0.05,Dry,FAIL,15.188816267247638,-0.18881626724763834,6.8
40,15,Good,Fog,0.05,Wet,FAIL,16.790764235977615,-1.7907642359776155,5.779999999999999
40,15,Good,Fog,0.05,Slippery,FAIL,19.079261334163295,-4.079261334163295,4.76
40,15,Good,Fog,0.1,Dry,FAIL,15.744371822803194,-0.7443718228031937,6.8
40,15,Good,Fog,0.1,Wet,FAIL,17.34631979153317,-2.346319791533169,5.779999999999999
40,15,Good,Fog,0.1,Slippery,FAIL,19.63481688971885,-4.634816889718849,4.76
40,15,Good,Fog,0.15,Dry,FAIL,16.29992737835875,-1.299927378358749,6.8
40,15,Good,Fog,0.15,Wet,FAIL,17.901875347088726,-2.901875347088726,5.779999999999999
40,15,Good,Fog,0.15,Slippery,FAIL,20.190372445274406,-5.190372445274406,4.76
40,15,Good,Fog,0.25,Dry,FAIL,17.41103848946986,-2.4110384894698598,6.8
40,15,Good,Fog,0.25,Wet,FAIL,19.012986458199837,-4.012986458199837,5.779999999999999
40,15,Good,Fog,0.25,Slippery,FAIL,21.301483556385516,-6.3014835563855165,4.76
40,15,Moderate,Clear,0,Dry,PASS,14.382716049382715,0.6172839506172849,8.0
40,15,Moderate,Clear,0,Wet,FAIL,15.744371822803194,-0.7443718228031937,6.8
40,15,Moderate,Clear,0,Slippery,FAIL,17.689594356261022,-2.689594356261022,5.6
40,15,Moderate,Clear,0.05,Dry,PASS,14.938271604938272,0.06172839506172778,8.0
40,15,Moderate,Clear,0.05,Wet,FAIL,16.29992737835875,-1.299927378358749,6.8
40,15,Moderate,Clear,0.05,Slippery,FAIL,18.24514991181658,-3.245149911816579,5.6
40,15,Moderate,Clear,0.1,Dry,FAIL,15.493827160493826,-0.4938271604938258,8.0
40,15,Moderate,Clear,0.1,Wet,FAIL,16.855482933914303,-1.8554829339143026,6.8
40,15,Moderate,Clear,0.1,Slippery,FAIL,18.800705467372133,-3.8007054673721328,5.6
40,15,Moderate,Clear,0.15,Dry,FAIL,16.04938271604938,-1.0493827160493794,8.0
40,15,Moderate,Clear,0.15,Wet,FAIL,17.41103848946986,-2.4110384894698598,6.8
40,15,Moderate,Clear,0.15,Slippery,FAIL,19.35626102292769,-4.35626102292769,5.6
40,15,Moderate,Clear,0.25,Dry,FAIL,17.160493827160494,-2.1604938271604937,8.0
40,15,Moderate,Clear,0.25,Wet,FAIL,18.522149600580974,-3.522149600580974,6.8
40,15,Moderate,Clear,0.25,Slippery,FAIL,20.4673721340388,-5.467372134038801,5.6
40,15,Moderate,Rain,0,Dry,FAIL,15.240054869684498,-0.24005486968449752,7.2
40,15,Moderate,Rain,0,Wet,FAIL,16.753005729040588,-1.7530057290405878,6.12
40,15,Moderate,Rain,0,Slippery,FAIL,18.91436409954928,-3.9143640995492817,5.04
40,15,Moderate,Rain,0.05,Dry,FAIL,15.795610425240053,-0.7956104252400529,7.2
40,15,Moderate,Rain,0.05,Wet,FAIL,17.30856128459614,-2.3085612845961414,6.12
40,15,Moderate,Rain,0.05,Slippery,FAIL,19.46991965510484,-4.469919655104839,5.04
40,15,Moderate,Rain,0.1,Dry,FAIL,16.351165980795606,-1.3511659807956065,7.2
40,15,Moderate,Rain,0.1,Wet,FAIL,17.864116840151695,-2.864116840151695,6.12
40,15,Moderate,Rain,0.1,Slippery,FAIL,20.025475210660396,-5.025475210660396,5.04
40,15,Moderate,Rain,0.15,Dry,FAIL,16.906721536351164,-1.9067215363511636,7.2
40,15,Moderate,Rain,0.15,Wet,FAIL,18.419672395707252,-3.419672395707252,6.12
40,15,Moderate,Rain,0.15,Slippery,FAIL,20.58103076621595,-5.5810307662159495,5.04
40,15,Moderate,Rain,0.25,Dry,FAIL,18.017832647462278,-3.017832647462278,7.2
40,15,Moderate,Rain,0.25,Wet,FAIL,19.530783506818366,-4.530783506818366,6.12
40,15,Moderate,Rain,0.25,Slippery,FAIL,21.69214187732706,-6.69214187732706,5.04
40,15,Moderate,Fog,0,Dry,FAIL,15.744371822803194,-0.7443718228031937,6.8
40,15,Moderate,Fog,0,Wet,FAIL,17.34631979153317,-2.346319791533169,5.779999999999999
40,15,Moderate,Fog,0,Slippery,FAIL,19.63481688971885,-4.634816889718849,4.76
40,15,Moderate,Fog,0.05,Dry,FAIL,16.29992737835875,-1.299927378358749,6.8
40,15,Moderate,Fog,0.05,Wet,FAIL,17.901875347088726,-2.901875347088726,5.779999999999999
40,15,Moderate,Fog,0.05,Slippery,FAIL,20.190372445274406,-5.190372445274406,4.76
40,15,Moderate,Fog,0.1,Dry,FAIL,16.855482933914303,-1.8554829339143026,6.8
40,15,Moderate,Fog,0.1,Wet,FAIL,18.457430902644283,-3.4574309026442833,5.779999999999999
40,15,Moderate,Fog,0.1,Slippery,FAIL,20.745928000829963,-5.745928000829963,4.76
40,15,Moderate,Fog,0.15,Dry,FAIL,17.41103848946986,-2.4110384894698598,6.8
40,15,Moderate,Fog,0.15,Wet,FAIL,19.012986458199837,-4.012986458199837,5.779999999999999
40,15,Moderate,Fog,0.15,Slippery,FAIL,21.301483556385516,-6.3014835563855165,4.76
40,15,Moderate,Fog,0.25,Dry,FAIL,18.522149600580974,-3.522149600580974,6.8
40,15,Moderate,Fog,0.25,Wet,FAIL,20.124097569310948,-5.124097569310948,5.779999999999999
40,15,Moderate,Fog,0.25,Slippery,FAIL,22.412594667496627,-7.412594667496627,4.76
40,15,Poor,Clear,0,Dry,FAIL,15.493827160493826,-0.4938271604938258,8.0
40,15,Poor,Clear,0,Wet,FAIL,16.855482933914303,-1.8554829339143026,6.8
40,15,Poor,Clear,0,Slippery,FAIL,18.800705467372133,-3.8007054673721328,5.6
40,15,Poor,Clear,0.05,Dry,FAIL,16.04938271604938,-1.0493827160493794,8.0
40,15,Poor,Clear,0.05,Wet,FAIL,17.41103848946986,-2.4110384894698598,6.8
40,15,Poor,Clear,0.05,Slippery,FAIL,19.35626102292769,-4.35626102292769,5.6
40,15,Poor,Clear,0.1,Dry,FAIL,16.604938271604937,-1.6049382716049365,8.0
40,15,Poor,Clear,0.1,Wet,FAIL,17.966594045025417,-2.966594045025417,6.8
40,15,Poor,Clear,0.1,Slippery,FAIL,19.911816578483247,-4.911816578483247,5.6
40,15,Poor,Clear,0.15,Dry,FAIL,17.160493827160494,-2.1604938271604937,8.0
40,15,Poor,Clear,0.15,Wet,FAIL,18.522149600580974,-3.522149600580974,6.8
40,15,Poor,Clear,0.15,Slippery,FAIL,20.4673721340388,-5.467372134038801,5.6
40,15,Poor,Clear,0.25,Dry,FAIL,18.271604938271604,-3.2716049382716044,8.0
40,15,Poor,Clear,0.25,Wet,FAIL,19.63326071169208,-4.633260711692081,6.8
40,15,Poor,Clear,0.25,Slippery,FAIL,21.57848324514991,-6.578483245149911,5.6
40,15,Poor,Rain,0,Dry,FAIL,16.351165980795606,-1.3511659807956065,7.2
40,15,Poor,Rain,0,Wet,FAIL,17.864116840151695,-2.864116840151695,6.12
40,15,Poor,Rain,0,Slippery,FAIL,20.025475210660396,-5.025475210660396,5.04
40,15,Poor,Rain,0.05,Dry,FAIL,16.906721536351164,-1.9067215363511636,7.2
40,15,Poor,Rain,0.05,Wet,FAIL,18.419672395707252,-3.419672395707252,6.12
40,15,Poor,Rain,0.05,Slippery,FAIL,20.58103076621595,-5.5810307662159495,5.04
40,15,Poor,Rain,0.1,Dry,FAIL,17.46227709190672,-2.4622770919067207,7.2
40,15,Poor,Rain,0.1,Wet,FAIL,18.97522795126281,-3.9752279512628093,6.12
40,15,Poor,Rain,0.1,Slippery,FAIL,21.136586321771507,-6.136586321771507,5.04
40,15,Poor,Rain,0.15,Dry,FAIL,18.017832647462278,-3.017832647462278,7.2
40,15,Poor,Rain,0.15,Wet,FAIL,19.530783506818366,-4.530783506818366,6.12
40,15,Poor,Rain,0.15,Slippery,FAIL,21.69214187732706,-6.69214187732706,5.04
40,15,Poor,Rain,0.25,Dry,FAIL,19.128943758573385,-4.128943758573385,7.2
40,15,Poor,Rain,0.25,Wet,FAIL,20.641894617929474,-5.6418946179294736,6.12
40,15,Poor,Rain,0.25,Slippery,FAIL,22.803252988438174,-7.8032529884381745,5.04
40,15,Poor,Fog,0,Dry,FAIL,16.855482933914303,-1.8554829339143026,6.8
40,15,Poor,Fog,0,Wet,FAIL,18.457430902644283,-3.4574309026442833,5.779999999999999
40,15,Poor,Fog,0,Slippery,FAIL,20.745928000829963,-5.745928000829963,4.76
40,15,Poor,Fog,0.05,Dry,FAIL,17.41103848946986,-2.4110384894698598,6.8
40,15,Poor,Fog,0.05,Wet,FAIL,19.012986458199837,-4.012986458199837,5.779999999999999
40,15,Poor,Fog,0.05,Slippery,FAIL,21.301483556385516,-6.3014835563855165,4.76
40,15,Poor,Fog,0.1,Dry,FAIL,17.966594045025417,-2.966594045025417,6.8
40,15,Poor,Fog,0.1,Wet,FAIL,19.568542013755394,-4.568542013755394,5.779999999999999
40,15,Poor,Fog,0.1,Slippery,FAIL,21.857039111941074,-6.857039111941074,4.76
40,15,Poor,Fog,0.15,Dry,FAIL,18.522149600580974,-3.522149600580974,6.8
40,15,Poor,Fog,0.15,Wet,FAIL,20.124097569310948,-5.124097569310948,5.779999999999999
40,15,Poor,Fog,0.15,Slippery,FAIL,22.412594667496627,-7.412594667496627,4.76
40,15,Poor,Fog,0.25,Dry,FAIL,19.63326071169208,-4.633260711692081,6.8
40,15,Poor,Fog,0.25,Wet,FAIL,21.235208680422062,-6.235208680422062,5.779999999999999
40,15,Poor,Fog,0.25,Slippery,FAIL,23.52370577860774,-8.523705778607741,4.76
40,20,Good,Clear,0,Dry,PASS,13.271604938271604,6.728395061728396,8.0
40,20,Good,Clear,0,Wet,PASS,14.633260711692083,5.366739288307917,6.8
40,20,Good,Clear,0,Slippery,PASS,16.57848324514991,3.4215167548500887,5.6
40,20,Good,Clear,0.05,Dry,PASS,13.827160493827162,6.1728395061728385,8.0
40,20,Good,Clear,0.05,Wet,PASS,15.188816267247638,4.811183732752362,6.8
40,20,Good,Clear,0.05,Slippery,PASS,17.13403880070547,2.8659611992945315,5.6
40,20,Good,Clear,0.1,Dry,PASS,14.382716049382715,5.617283950617285,8.0
40,20,Good,Clear,0.1,Wet,PASS,15.744371822803194,4.255628177196806,6.8
40,20,Good,Clear,0.1,Slippery,PASS,17.689594356261022,2.310405643738978,5.6
40,20,Good,Clear,0.15,Dry,PASS,14.938271604938272,5.061728395061728,8.0
40,20,Good,Clear,0.15,Wet,PASS,16.29992737835875,3.700072621641251,6.8
40,20,Good,Clear,0.15,Slippery,PASS,18.24514991181658,1.7548500881834208,5.6
40,20,Good,Clear,0.25,Dry,PASS,16.04938271604938,3.9506172839506206,8.0
40,20,Good,Clear,0.25,Wet,PASS,17.41103848946986,2.5889615105301402,6.8
40,20,Good,Clear,0.25,Slippery,PASS,19.35626102292769,0.6437389770723101,5.6
40,20,Good,Rain,0,Dry,PASS,14.128943758573387,5.871056241426613,7.2
40,20,Good,Rain,0,Wet,PASS,15.641894617929475,4.358105382070525,6.12
40,20,Good,Rain,0,Slippery,PASS,17.803252988438174,2.1967470115618255,5.04
40,20,Good,Rain,0.05,Dry,PASS,14.684499314128942,5.315500685871058,7.2
40,20,Good,Rain,0.05,Wet,PASS,16.19745017348503,3.8025498265149693,6.12
40,20,Good,Rain,0.05,Slippery,PASS,18.358808543993728,1.641191456006272,5.04
40,20,Good,Rain,0.1,Dry,PASS,15.240054869684498,4.7599451303155025,7.2
40,20,Good,Rain,0.1,Wet,PASS,16.753005729040588,3.246994270959412,6.12
40,20,Good,Rain,0.1,Slippery,PASS,18.91436409954928,1.0856359004507183,5.04
40,20,Good,Rain,0.15,Dry,PASS,15.795610425240053,4.204389574759947,7.2
40,20,Good,Rain,0.15,Wet,PASS,17.30856128459614,2.6914387154038586,6.12
40,20,Good,Rain,0.15,Slippery,PASS,19.46991965510484,0.5300803448951612,5.04
40,20,Good,Rain,0.25,Dry,PASS,16.906721536351164,3.0932784636488364,7.2
40,20,Good,Rain,0.25,Wet,PASS,18.419672395707252,1.5803276042927479,6.12
40,20,Good,Rain,0.25,Slippery,FAIL,20.58103076621595,-0.5810307662159495,5.04
40,20,Good,Fog,0,Dry,PASS,14.633260711692083,5.366739288307917,6.8
40,20,Good,Fog,0,Wet,PASS,16.235208680422062,3.764791319577938,5.779999999999999
40,20,Good,Fog,0,Slippery,PASS,18.52370577860774,1.4762942213922585,4.76
40,20,Good,Fog,0.05,Dry,PASS,15.188816267247638,4.811183732752362,6.8
40,20,Good,Fog,0.05,Wet,PASS,16.790764235977615,3.2092357640223845,5.779999999999999
40,20,Good,Fog,0.05,Slippery,PASS,19.079261334163295,0.9207386658367049,4.76
40,20,Good,Fog,0.1,Dry,PASS,15.744371822803194,4.255628177196806,6.8
40,20,Good,Fog,0.1,Wet,PASS,17.34631979153317,2.653680208466831,5.779999999999999
40,20,Good,Fog,0.1,Slippery,PASS,19.63481688971885,0.36518311028115136,4.76
40,20,Good,Fog,0.15,Dry,PASS,16.29992737835875,3.700072621641251,6.8
40,20,Good,Fog,0.15,Wet,PASS,17.901875347088726,2.098124652911274,5.779999999999999
40,20,Good,Fog,0.15,Slippery,FAIL,20.190372445274406,-0.19037244527440578,4.76
40,20,Good,Fog,0.25,Dry,PASS,17.41103848946986,2.5889615105301402,6.8
40,20,Good,Fog,0.25,Wet,PASS,19.012986458199837,0.9870135418001631,5.779999999999999
40,20,Good,Fog,0.25,Slippery,FAIL,21.301483556385516,-1.3014835563855165,4.76
40,20,Moderate,Clear,0,Dry,PASS,14.382716049382715,5.617283950617285,8.0
40,20,Moderate,Clear,0,Wet,PASS,15.744371822803194,4.255628177196806,6.8
40,20,Moderate,Clear,0,Slippery,PASS,17.689594356261022,2.310405643738978,5.6
40,20,Moderate,Clear,0.05,Dry,PASS,14.938271604938272,5.061728395061728,8.0
40,20,Moderate,Clear,0.05,Wet,PASS,16.29992737835875,3.700072621641251,6.8
40,20,Moderate,Clear,0.05,Slippery,PASS,18.24514991181658,1.7548500881834208,5.6
40,20,Moderate,Clear,0.1,Dry,PASS,15.493827160493826,4.506172839506174,8.0
40,20,Moderate,Clear,0.1,Wet,PASS,16.855482933914303,3.1445170660856974,6.8
40,20,Moderate,Clear,0.1,Slippery,PASS,18.800705467372133,1.1992945326278672,5.6
40,20,Moderate,Clear,0.15,Dry,PASS,16.04938271604938,3.9506172839506206,8.0
40,20,Moderate,Clear,0.15,Wet,PASS,17.41103848946986,2.5889615105301402,6.8
40,20,Moderate,Clear,0.15,Slippery,PASS,19.35626102292769,0.6437389770723101,5.6
40,20,Moderate,Clear,0.25,Dry,PASS,17.160493827160494,2.8395061728395063,8.0
40,20,Moderate,Clear,0.25,Wet,PASS,18.522149600580974,1.477850399419026,6.8
40,20,Moderate,Clear,0.25,Slippery,FAIL,20.4673721340388,-0.4673721340388006,5.6
40,20,Moderate,Rain,0,Dry,PASS,15.240054869684498,4.7599451303155025,7.2
40,20,Moderate,Rain,0,Wet,PASS,16.753005729040588,3.246994270959412,6.12
40,20,Moderate,Rain,0,Slippery,PASS,18.91436409954928,1.0856359004507183,5.04
40,20,Moderate,Rain,0.05,Dry,PASS,15.795610425240053,4.204389574759947,7.2
40,20,Moderate,Rain,0.05,Wet,PASS,17.30856128459614,2.6914387154038586,6.12
40,20,Moderate,Rain,0.05,Slippery,PASS,19.46991965510484,0.5300803448951612,5.04
40,20,Moderate,Rain,0.1,Dry,PASS,16.351165980795606,3.6488340192043935,7.2
40,20,Moderate,Rain,0.1,Wet,PASS,17.864116840151695,2.135883159848305,6.12
40,20,Moderate,Rain,0.1,Slippery,FAIL,20.025475210660396,-0.02547521066039593,5.04
40,20,Moderate,Rain,0.15,Dry,PASS,16.906721536351164,3.0932784636488364,7.2
40,20,Moderate,Rain,0.15,Wet,PASS,18.419672395707252,1.5803276042927479,6.12
40,20,Moderate,Rain,0.15,Slippery,FAIL,20.58103076621595,-0.5810307662159495,5.04
40,20,Moderate,Rain,0.25,Dry,PASS,18.017832647462278,1.9821673525377221,7.2
40,20,Moderate,Rain,0.25,Wet,PASS,19.530783506818366,0.4692164931816336,6.12
40,20,Moderate,Rain,0.25,Slippery,FAIL,21.69214187732706,-1.6921418773270602,5.04
40,20,Moderate,Fog,0,Dry,PASS,15.744371822803194,4.255628177196806,6.8
40,20,Moderate,Fog,0,Wet,PASS,17.34631979153317,2.653680208466831,5.779999999999999
40,20,Moderate,Fog,0,Slippery,PASS,19.63481688971885,0.36518311028115136,4.76
40,20,Moderate,Fog,0.05,Dry,PASS,16.29992737835875,3.700072621641251,6.8
40,20,Moderate,Fog,0.05,Wet,PASS,17.901875347088726,2.098124652911274,5.779999999999999
40,20,Moderate,Fog,0.05,Slippery,FAIL,20.190372445274406,-0.19037244527440578,4.76
40,20,Moderate,Fog,0.1,Dry,PASS,16.855482933914303,3.1445170660856974,6.8
40,20,Moderate,Fog,0.1,Wet,PASS,18.457430902644283,1.5425690973557167,5.779999999999999
40,20,Moderate,Fog,0.1,Slippery,FAIL,20.745928000829963,-0.7459280008299629,4.76
40,20,Moderate,Fog,0.15,Dry,PASS,17.41103848946986,2.5889615105301402,6.8
40,20,Moderate,Fog,0.15,Wet,PASS,19.012986458199837,0.9870135418001631,5.779999999999999
40,20,Moderate,Fog,0.15,Slippery,FAIL,21.301483556385516,-1.3014835563855165,4.76
40,20,Moderate,Fog,0.25,Dry,PASS,18.522149600580974,1.477850399419026,6.8
40,20,Moderate,Fog,0.25,Wet,FAIL,20.124097569310948,-0.12409756931094762,5.779999999999999
40,20,Moderate,Fog,0.25,Slippery,FAIL,22.412594667496627,-2.412594667496627,4.76
40,20,Poor,Clear,0,Dry,PASS,15.493827160493826,4.506172839506174,8.0
40,20,Poor,Clear,0,Wet,PASS,16.855482933914303,3.1445170660856974,6.8
40,20,Poor,Clear,0,Slippery,PASS,18.800705467372133,1.1992945326278672,5.6
40,20,Poor,Clear,0.05,Dry,PASS,16.04938271604938,3.9506172839506206,8.0
40,20,Poor,Clear,0.05,Wet,PASS,17.41103848946986,2.5889615105301402,6.8
40,20,Poor,Clear,0.05,Slippery,PASS,19.35626102292769,0.6437389770723101,5.6
40,20,Poor,Clear,0.1,Dry,PASS,16.604938271604937,3.3950617283950635,8.0
40,20,Poor,Clear,0.1,Wet,PASS,17.966594045025417,2.033405954974583,6.8
40,20,Poor,Clear,0.1,Slippery,PASS,19.911816578483247,0.08818342151675296,5.6
40,20,Poor,Clear,0.15,Dry,PASS,17.160493827160494,2.8395061728395063,8.0
40,20,Poor,Clear,0.15,Wet,PASS,18.522149600580974,1.477850399419026,6.8
40,20,Poor,Clear,0.15,Slippery,FAIL,20.4673721340388,-0.4673721340388006,5.6
40,20,Poor,Clear,0.25,Dry,PASS,18.271604938271604,1.7283950617283956,8.0
40,20,Poor,Clear,0.25,Wet,PASS,19.63326071169208,0.3667392883079188,6.8
40,20,Poor,Clear,0.25,Slippery,FAIL,21.57848324514991,-1.5784832451499113,5.6
40,20,Poor,Rain,0,Dry,PASS,16.351165980795606,3.6488340192043935,7.2
40,20,Poor,Rain,0,Wet,PASS,17.864116840151695,2.135883159848305,6.12
40,20,Poor,Rain,0,Slippery,FAIL,20.025475210660396,-0.02547521066039593,5.04
40,20,Poor,Rain,0.05,Dry,PASS,16.906721536351164,3.0932784636488364,7.2
40,20,Poor,Rain,0.05,Wet,PASS,18.419672395707252,1.5803276042927479,6.12
40,20,Poor,Rain,0.05,Slippery,FAIL,20.58103076621595,-0.5810307662159495,5.04
40,20,Poor,Rain,0.1,Dry,PASS,17.46227709190672,2.5377229080932793,7.2
40,20,Poor,Rain,0.1,Wet,PASS,18.97522795126281,1.0247720487371907,6.12
40,20,Poor,Rain,0.1,Slippery,FAIL,21.136586321771507,-1.1365863217715066,5.04
40,20,Poor,Rain,0.15,Dry,PASS,18.017832647462278,1.9821673525377221,7.2
40,20,Poor,Rain,0.15,Wet,PASS,19.530783506818366,0.4692164931816336,6.12
40,20,Poor,Rain,0.15,Slippery,FAIL,21.69214187732706,-1.6921418773270602,5.04
40,20,Poor,Rain,0.25,Dry,PASS,19.128943758573385,0.871056241426615,7.2
40,20,Poor,Rain,0.25,Wet,FAIL,20.641894617929474,-0.6418946179294736,6.12
40,20,Poor,Rain,0.25,Slippery,FAIL,22.803252988438174,-2.8032529884381745,5.04
40,20,Poor,Fog,0,Dry,PASS,16.855482933914303,3.1445170660856974,6.8
40,20,Poor,Fog,0,Wet,PASS,18.457430902644283,1.5425690973557167,5.779999999999999
40,20,Poor,Fog,0,Slippery,FAIL,20.745928000829963,-0.7459280008299629,4.76
40,20,Poor,Fog,0.05,Dry,PASS,17.41103848946986,2.5889615105301402,6.8
40,20,Poor,Fog,0.05,Wet,PASS,19.012986458199837,0.9870135418001631,5.779999999999999
40,20,Poor,Fog,0.05,Slippery,FAIL,21.301483556385516,-1.3014835563855165,4.76
40,20,Poor,Fog,0.1,Dry,PASS,17.966594045025417,2.033405954974583,6.8
40,20,Poor,Fog,0.1,Wet,PASS,19.568542013755394,0.43145798624460596,5.779999999999999
40,20,Poor,Fog,0.1,Slippery,FAIL,21.857039111941074,-1.8570391119410736,4.76
40,20,Poor,Fog,0.15,Dry,PASS,18.522149600580974,1.477850399419026,6.8
40,20,Poor,Fog,0.15,Wet,FAIL,20.124097569310948,-0.12409756931094762,5.779999999999999
40,20,Poor,Fog,0.15,Slippery,FAIL,22.412594667496627,-2.412594667496627,4.76
40,20,Poor,Fog,0.25,Dry,PASS,19.63326071169208,0.3667392883079188,6.8
40,20,Poor,Fog,0.25,Wet,FAIL,21.235208680422062,-1.2352086804220619,5.779999999999999
40,20,Poor,Fog,0.25,Slippery,FAIL,23.52370577860774,-3.5237057786077415,4.76
40,30,Good,Clear,0,Dry,PASS,13.271604938271604,16.728395061728396,8.0
40,30,Good,Clear,0,Wet,PASS,14.633260711692083,15.366739288307917,6.8
40,30,Good,Clear,0,Slippery,PASS,16.57848324514991,13.421516754850089,5.6
40,30,Good,Clear,0.05,Dry,PASS,13.827160493827162,16.17283950617284,8.0
40,30,Good,Clear,0.05,Wet,PASS,15.188816267247638,14.811183732752362,6.8
40,30,Good,Clear,0.05,Slippery,PASS,17.13403880070547,12.865961199294532,5.6
40,30,Good,Clear,0.1,Dry,PASS,14.382716049382715,15.617283950617285,8.0
40,30,Good,Clear,0.1,Wet,PASS,15.744371822803194,14.255628177196806,6.8
40,30,Good,Clear,0.1,Slippery,PASS,17.689594356261022,12.310405643738978,5.6
40,30,Good,Clear,0.15,Dry,PASS,14.938271604938272,15.061728395061728,8.0
40,30,Good,Clear,0.15,Wet,PASS,16.29992737835875,13.700072621641251,6.8
40,30,Good,Clear,0.15,Slippery,PASS,18.24514991181658,11.75485008818342,5.6
40,30,Good,Clear,0.25,Dry,PASS,16.04938271604938,13.95061728395062,8.0
40,30,Good,Clear,0.25,Wet,PASS,17.41103848946986,12.58896151053014,6.8
40,30,Good,Clear,0.25,Slippery,PASS,19.35626102292769,10.64373897707231,5.6
40,30,Good,Rain,0,Dry,PASS,14.128943758573387,15.871056241426613,7.2
40,30,Good,Rain,0,Wet,PASS,15.641894617929475,14.358105382070525,6.12
40,30,Good,Rain,0,Slippery,PASS,17.803252988438174,12.196747011561826,5.04
40,30,Good,Rain,0.05,Dry,PASS,14.684499314128942,15.315500685871058,7.2
40,30,Good,Rain,0.05,Wet,PASS,16.19745017348503,13.80254982651497,6.12
40,30,Good,Rain,0.05,Slippery,PASS,18.358808543993728,11.641191456006272,5.04
40,30,Good,Rain,0.1,Dry,PASS,15.240054869684498,14.759945130315502,7.2
40,30,Good,Rain,0.1,Wet,PASS,16.753005729040588,13.246994270959412,6.12
40,30,Good,Rain,0.1,Slippery,PASS,18.91436409954928,11.085635900450718,5.04
40,30,Good,Rain,0.15,Dry,PASS,15.795610425240053,14.204389574759947,7.2
40,30,Good,Rain,0.15,Wet,PASS,17.30856128459614,12.691438715403859,6.12
40,30,Good,Rain,0.15,Slippery,PASS,19.46991965510484,10.530080344895161,5.04
40,30,Good,Rain,0.25,Dry,PASS,16.906721536351164,13.093278463648836,7.2
40,30,Good,Rain,0.25,Wet,PASS,18.419672395707252,11.580327604292748,6.12
40,30,Good,Rain,0.25,Slippery,PASS,20.58103076621595,9.41896923378405,5.04
40,30,Good,Fog,0,Dry,PASS,14.633260711692083,15.366739288307917,6.8
40,30,Good,Fog,0,Wet,PASS,16.235208680422062,13.764791319577938,5.779999999999999
40,30,Good,Fog,0,Slippery,PASS,18.52370577860774,11.476294221392259,4.76
40,30,Good,Fog,0.05,Dry,PASS,15.188816267247638,14.811183732752362,6.8
40,30,Good,Fog,0.05,Wet,PASS,16.790764235977615,13.209235764022385,5.779999999999999
40,30,Good,Fog,0.05,Slippery,PASS,19.079261334163295,10.920738665836705,4.76
40,30,Good,Fog,0.1,Dry,PASS,15.744371822803194,14.255628177196806,6.8
40,30,Good,Fog,0.1,Wet,PASS,17.34631979153317,12.653680208466831,5.779999999999999
40,30,Good,Fog,0.1,Slippery,PASS,19.63481688971885,10.365183110281151,4.76
40,30,Good,Fog,0.15,Dry,PASS,16.29992737835875,13.700072621641251,6.8
40,30,Good,Fog,0.15,Wet,PASS,17.901875347088726,12.098124652911274,5.779999999999999
40,30,Good,Fog,0.15,Slippery,PASS,20.190372445274406,9.809627554725594,4.76
40,30,Good,Fog,0.25,Dry,PASS,17.41103848946986,12.58896151053014,6.8
40,30,Good,Fog,0.25,Wet,PASS,19.012986458199837,10.987013541800163,5.779999999999999
40,30,Good,Fog,0.25,Slippery,PASS,21.301483556385516,8.698516443614484,4.76
40,30,Moderate,Clear,0,Dry,PASS,14.382716049382715,15.617283950617285,8.0
40,30,Moderate,Clear,0,Wet,PASS,15.744371822803194,14.255628177196806,6.8
40,30,Moderate,Clear,0,Slippery,PASS,17.689594356261022,12.310405643738978,5.6
40,30,Moderate,Clear,0.05,Dry,PASS,14.938271604938272,15.061728395061728,8.0
40,30,Moderate,Clear,0.05,Wet,PASS,16.29992737835875,13.700072621641251,6.8
40,30,Moderate,Clear,0.05,Slippery,PASS,18.24514991181658,11.75485008818342,5.6
40,30,Moderate,Clear,0.1,Dry,PASS,15.493827160493826,14.506172839506174,8.0
40,30,Moderate,Clear,0.1,Wet,PASS,16.855482933914303,13.144517066085697,6.8
40,30,Moderate,Clear,0.1,Slippery,PASS,18.800705467372133,11.199294532627867,5.6
40,30,Moderate,Clear,0.15,Dry,PASS,16.04938271604938,13.95061728395062,8.0
40,30,Moderate,Clear,0.15,Wet,PASS,17.41103848946986,12.58896151053014,6.8
40,30,Moderate,Clear,0.15,Slippery,PASS,19.35626102292769,10.64373897707231,5.6
40,30,Moderate,Clear,0.25,Dry,PASS,17.160493827160494,12.839506172839506,8.0
40,30,Moderate,Clear,0.25,Wet,PASS,18.522149600580974,11.477850399419026,6.8
40,30,Moderate,Clear,0.25,Slippery,PASS,20.4673721340388,9.5326278659612,5.6
40,30,Moderate,Rain,0,Dry,PASS,15.240054869684498,14.759945130315502,7.2
40,30,Moderate,Rain,0,Wet,PASS,16.753005729040588,13.246994270959412,6.12
40,30,Moderate,Rain,0,Slippery,PASS,18.91436409954928,11.085635900450718,5.04
40,30,Moderate,Rain,0.05,Dry,PASS,15.795610425240053,14.204389574759947,7.2
40,30,Moderate,Rain,0.05,Wet,PASS,17.30856128459614,12.691438715403859,6.12
40,30,Moderate,Rain,0.05,Slippery,PASS,19.46991965510484,10.530080344895161,5.04
40,30,Moderate,Rain,0.1,Dry,PASS,16.351165980795606,13.648834019204394,7.2
40,30,Moderate,Rain,0.1,Wet,PASS,17.864116840151695,12.135883159848305,6.12
40,30,Moderate,Rain,0.1,Slippery,PASS,20.025475210660396,9.974524789339604,5.04
40,30,Moderate,Rain,0.15,Dry,PASS,16.906721536351164,13.093278463648836,7.2
40,30,Moderate,Rain,0.15,Wet,PASS,18.419672395707252,11.580327604292748,6.12
40,30,Moderate,Rain,0.15,Slippery,PASS,20.58103076621595,9.41896923378405,5.04
40,30,Moderate,Rain,0.25,Dry,PASS,18.017832647462278,11.982167352537722,7.2
40,30,Moderate,Rain,0.25,Wet,PASS,19.530783506818366,10.469216493181634,6.12
40,30,Moderate,Rain,0.25,Slippery,PASS,21.69214187732706,8.30785812267294,5.04
40,30,Moderate,Fog,0,Dry,PASS,15.744371822803194,14.255628177196806,6.8
40,30,Moderate,Fog,0,Wet,PASS,17.34631979153317,12.653680208466831,5.779999999999999
40,30,Moderate,Fog,0,Slippery,PASS,19.63481688971885,10.365183110281151,4.76
40,30,Moderate,Fog,0.05,Dry,PASS,16.29992737835875,13.700072621641251,6.8
40,30,Moderate,Fog,0.05,Wet,PASS,17.901875347088726,12.098124652911274,5.779999999999999
40,30,Moderate,Fog,0.05,Slippery,PASS,20.190372445274406,9.809627554725594,4.76
40,30,Moderate,Fog,0.1,Dry,PASS,16.855482933914303,13.144517066085697,6.8
40,30,Moderate,Fog,0.1,Wet,PASS,18.457430902644283,11.542569097355717,5.779999999999999
40,30,Moderate,Fog,0.1,Slippery,PASS,20.745928000829963,9.254071999170037,4.76
40,30,Moderate,Fog,0.15,Dry,PASS,17.41103848946986,12.58896151053014,6.8
40,30,Moderate,Fog,0.15,Wet,PASS,19.012986458199837,10.987013541800163,5.779999999999999
40,30,Moderate,Fog,0.15,Slippery,PASS,21.301483556385516,8.698516443614484,4.76
40,30,Moderate,Fog,0.25,Dry,PASS,18.522149600580974,11.477850399419026,6.8
40,30,Moderate,Fog,0.25,Wet,PASS,20.124097569310948,9.875902430689052,5.779999999999999
40,30,Moderate,Fog,0.25,Slippery,PASS,22.412594667496627,7.587405332503373,4.76
40,30,Poor,Clear,0,Dry,PASS,15.493827160493826,14.506172839506174,8.0
40,30,Poor,Clear,0,Wet,PASS,16.855482933914303,13.144517066085697,6.8
40,30,Poor,Clear,0,Slippery,PASS,18.800705467372133,11.199294532627867,5.6
40,30,Poor,Clear,0.05,Dry,PASS,16.04938271604938,13.95061728395062,8.0
40,30,Poor,Clear,0.05,Wet,PASS,17.41103848946986,12.58896151053014,6.8
40,30,Poor,Clear,0.05,Slippery,PASS,19.35626102292769,10.64373897707231,5.6
40,30,Poor,Clear,0.1,Dry,PASS,16.604938271604937,13.395061728395063,8.0
40,30,Poor,Clear,0.1,Wet,PASS,17.966594045025417,12.033405954974583,6.8
40,30,Poor,Clear,0.1,Slippery,PASS,19.911816578483247,10.088183421516753,5.6
40,30,Poor,Clear,0.15,Dry,PASS,17.160493827160494,12.839506172839506,8.0
40,30,Poor,Clear,0.15,Wet,PASS,18.522149600580974,11.477850399419026,6.8
40,30,Poor,Clear,0.15,Slippery,PASS,20.4673721340388,9.5326278659612,5.6
40,30,Poor,Clear,0.25,Dry,PASS,18.271604938271604,11.728395061728396,8.0
40,30,Poor,Clear,0.25,Wet,PASS,19.63326071169208,10.366739288307919,6.8
40,30,Poor,Clear,0.25,Slippery,PASS,21.57848324514991,8.421516754850089,5.6
40,30,Poor,Rain,0,Dry,PASS,16.351165980795606,13.648834019204394,7.2
40,30,Poor,Rain,0,Wet,PASS,17.864116840151695,12.135883159848305,6.12
40,30,Poor,Rain,0,Slippery,PASS,20.025475210660396,9.974524789339604,5.04
40,30,Poor,Rain,0.05,Dry,PASS,16.906721536351164,13.093278463648836,7.2
40,30,Poor,Rain,0.05,Wet,PASS,18.419672395707252,11.580327604292748,6.12
40,30,Poor,Rain,0.05,Slippery,PASS,20.58103076621595,9.41896923378405,5.04
40,30,Poor,Rain,0.1,Dry,PASS,17.46227709190672,12.53772290809328,7.2
40,30,Poor,Rain,0.1,Wet,PASS,18.97522795126281,11.02477204873719,6.12
40,30,Poor,Rain,0.1,Slippery,PASS,21.136586321771507,8.863413678228493,5.04
40,30,Poor,Rain,0.15,Dry,PASS,18.017832647462278,11.982167352537722,7.2
40,30,Poor,Rain,0.15,Wet,PASS,19.530783506818366,10.469216493181634,6.12
40,30,Poor,Rain,0.15,Slippery,PASS,21.69214187732706,8.30785812267294,5.04
40,30,Poor,Rain,0.25,Dry,PASS,19.128943758573385,10.871056241426615,7.2
40,30,Poor,Rain,0.25,Wet,PASS,20.641894617929474,9.358105382070526,6.12
40,30,Poor,Rain,0.25,Slippery,PASS,22.803252988438174,7.1967470115618255,5.04
40,30,Poor,Fog,0,Dry,PASS,16.855482933914303,13.144517066085697,6.8
40,30,Poor,Fog,0,Wet,PASS,18.457430902644283,11.542569097355717,5.779999999999999
40,30,Poor,Fog,0,Slippery,PASS,20.745928000829963,9.254071999170037,4.76
40,30,Poor,Fog,0.05,Dry,PASS,17.41103848946986,12.58896151053014,6.8
40,30,Poor,Fog,0.05,Wet,PASS,19.012986458199837,10.987013541800163,5.779999999999999
40,30,Poor,Fog,0.05,Slippery,PASS,21.301483556385516,8.698516443614484,4.76
40,30,Poor,Fog,0.1,Dry,PASS,17.966594045025417,12.033405954974583,6.8
40,30,Poor,Fog,0.1,Wet,PASS,19.568542013755394,10.431457986244606,5.779999999999999
40,30,Poor,Fog,0.1,Slippery,PASS,21.857039111941074,8.142960888058926,4.76
40,30,Poor,Fog,0.15,Dry,PASS,18.522149600580974,11.477850399419026,6.8
40,30,Poor,Fog,0.15,Wet,PASS,20.124097569310948,9.875902430689052,5.779999999999999
40,30,Poor,Fog,0.15,Slippery,PASS,22.412594667496627,7.587405332503373,4.76
40,30,Poor,Fog,0.25,Dry,PASS,19.63326071169208,10.366739288307919,6.8
40,30,Poor,Fog,0.25,Wet,PASS,21.235208680422062,8.764791319577938,5.779999999999999
40,30,Poor,Fog,0.25,Slippery,PASS,23.52370577860774,6.4762942213922585,4.76
60,5,Good,Clear,0,Dry,FAIL,25.69444444444445,-20.69444444444445,8.0
60,5,Good,Clear,0,Wet,FAIL,28.758169934640527,-23.758169934640527,6.8
60,5,Good,Clear,0,Slippery,FAIL,33.13492063492064,-28.13492063492064,5.6
60,5,Good,Clear,0.05,Dry,FAIL,26.527777777777782,-21.527777777777782,8.0
60,5,Good,Clear,0.05,Wet,FAIL,29.591503267973863,-24.591503267973863,6.8
60,5,Good,Clear,0.05,Slippery,FAIL,33.968253968253975,-28.968253968253975,5.6
60,5,Good,Clear,0.1,Dry,FAIL,27.361111111111114,-22.361111111111114,8.0
60,5,Good,Clear,0.1,Wet,FAIL,30.424836601307195,-25.424836601307195,6.8
60,5,Good,Clear,0.1,Slippery,FAIL,34.801587301587304,-29.801587301587304,5.6
60,5,Good,Clear,0.15,Dry,FAIL,28.19444444444445,-23.19444444444445,8.0
60,5,Good,Clear,0.15,Wet,FAIL,31.258169934640527,-26.258169934640527,6.8
60,5,Good,Clear,0.15,Slippery,FAIL,35.63492063492064,-30.63492063492064,5.6
60,5,Good,Clear,0.25,Dry,FAIL,29.861111111111114,-24.861111111111114,8.0
60,5,Good,Clear,0.25,Wet,FAIL,32.92483660130719,-27.92483660130719,6.8
60,5,Good,Clear,0.25,Slippery,FAIL,37.301587301587304,-32.301587301587304,5.6
60,5,Good,Rain,0,Dry,FAIL,27.623456790123463,-22.623456790123463,7.2
60,5,Good,Rain,0,Wet,FAIL,31.027596223674657,-26.027596223674657,6.12
60,5,Good,Rain,0,Slippery,FAIL,35.89065255731923,-30.89065255731923,5.04
60,5,Good,Rain,0.05,Dry,FAIL,28.456790123456795,-23.456790123456795,7.2
60,5,Good,Rain,0.05,Wet,FAIL,31.860929557007992,-26.860929557007992,6.12
60,5,Good,Rain,0.05,Slippery,FAIL,36.723985890652564,-31.723985890652564,5.04
60,5,Good,Rain,0.1,Dry,FAIL,29.290123456790127,-24.290123456790127,7.2
60,5,Good,Rain,0.1,Wet,FAIL,32.69426289034132,-27.69426289034132,6.12
60,5,Good,Rain,0.1,Slippery,FAIL,37.5573192239859,-32.5573192239859,5.04
60,5,Good,Rain,0.15,Dry,FAIL,30.123456790123463,-25.123456790123463,7.2
60,5,Good,Rain,0.15,Wet,FAIL,33.52759622367466,-28.527596223674657,6.12
60,5,Good,Rain,0.15,Slippery,FAIL,38.39065255731923,-33.39065255731923,5.04
60,5,Good,Rain,0.25,Dry,FAIL,31.790123456790127,-26.790123456790127,7.2
60,5,Good,Rain,0.25,Wet,FAIL,35.19426289034132,-30.19426289034132,6.12
60,5,Good,Rain,0.25,Slippery,FAIL,40.0573192239859,-35.0573192239859,5.04
60,5,Good,Fog,0,Dry,FAIL,28.758169934640527,-23.758169934640527,6.8
60,5,Good,Fog,0,Wet,FAIL,32.362552864282975,-27.362552864282975,5.779999999999999
60,5,Good,Fog,0,Slippery,FAIL,37.51167133520075,-32.51167133520075,4.76
60,5,Good,Fog,0.05,Dry,FAIL,29.591503267973863,-24.591503267973863,6.8
60,5,Good,Fog,0.05,Wet,FAIL,33.19588619761631,-28.19588619761631,5.779999999999999
60,5,Good,Fog,0.05,Slippery,FAIL,38.34500466853409,-33.34500466853409,4.76
60,5,Good,Fog,0.1,Dry,FAIL,30.424836601307195,-25.424836601307195,6.8
60,5,Good,Fog,0.1,Wet,FAIL,34.029219530949646,-29.029219530949646,5.779999999999999
60,5,Good,Fog,0.1,Slippery,FAIL,39.17833800186742,-34.17833800186742,4.76
60,5,Good,Fog,0.15,Dry,FAIL,31.258169934640527,-26.258169934640527,6.8
60,5,Good,Fog,0.15,Wet,FAIL,34.862552864282975,-29.862552864282975,5.779999999999999
60,5,Good,Fog,0.15,Slippery,FAIL,40.01167133520075,-35.01167133520075,4.76
60,5,Good,Fog,0.25,Dry,FAIL,32.92483660130719,-27.92483660130719,6.8
60,5,Good,Fog,0.25,Wet,FAIL,36.529219530949646,-31.529219530949646,5.779999999999999
60,5,Good,Fog,0.25,Slippery,FAIL,41.67833800186742,-36.67833800186742,4.76
60,5,Moderate,Clear,0,Dry,FAIL,27.361111111111114,-22.361111111111114,8.0
60,5,Moderate,Clear,0,Wet,FAIL,30.424836601307195,-25.424836601307195,6.8
60,5,Moderate,Clear,0,Slippery,FAIL,34.801587301587304,-29.801587301587304,5.6
60,5,Moderate,Clear,0.05,Dry,FAIL,28.19444444444445,-23.19444444444445,8.0
60,5,Moderate,Clear,0.05,Wet,FAIL,31.258169934640527,-26.258169934640527,6.8
60,5,Moderate,Clear,0.05,Slippery,FAIL,35.63492063492064,-30.63492063492064,5.6
60,5,Moderate,Clear,0.1,Dry,FAIL,29.02777777777778,-24.02777777777778,8.0
60,5,Moderate,Clear,0.1,Wet,FAIL,32.09150326797386,-27.091503267973863,6.8
60,5,Moderate,Clear,0.1,Slippery,FAIL,36.468253968253975,-31.468253968253975,5.6
60,5,Moderate,Clear,0.15,Dry,FAIL,29.861111111111114,-24.861111111111114,8.0
60,5,Moderate,Clear,0.15,Wet,FAIL,32.92483660130719,-27.92483660130719,6.8
60,5,Moderate,Clear,0.15,Slippery,FAIL,37.301587301587304,-32.301587301587304,5.6
60,5,Moderate,Clear,0.25,Dry,FAIL,31.527777777777782,-26.527777777777782,8.0
60,5,Moderate,Clear,0.25,Wet,FAIL,34.59150326797386,-29.591503267973863,6.8
60,5,Moderate,Clear,0.25,Slippery,FAIL,38.968253968253975,-33.968253968253975,5.6
60,5,Moderate,Rain,0,Dry,FAIL,29.290123456790127,-24.290123456790127,7.2
60,5,Moderate,Rain,0,Wet,FAIL,32.69426289034132,-27.69426289034132,6.12
60,5,Moderate,Rain,0,Slippery,FAIL,37.5573192239859,-32.5573192239859,5.04
60,5,Moderate,Rain,0.05,Dry,FAIL,30.123456790123463,-25.123456790123463,7.2
60,5,Moderate,Rain,0.05,Wet,FAIL,33.52759622367466,-28.527596223674657,6.12
60,5,Moderate,Rain,0.05,Slippery,FAIL,38.39065255731923,-33.39065255731923,5.04
60,5,Moderate,Rain,0.1,Dry,FAIL,30.95679012345679,-25.95679012345679,7.2
60,5,Moderate,Rain,0.1,Wet,FAIL,34.36092955700799,-29.360929557007992,6.12
60,5,Moderate,Rain,0.1,Slippery,FAIL,39.223985890652564,-34.223985890652564,5.04
60,5,Moderate,Rain,0.15,Dry,FAIL,31.790123456790127,-26.790123456790127,7.2
60,5,Moderate,Rain,0.15,Wet,FAIL,35.19426289034132,-30.19426289034132,6.12
60,5,Moderate,Rain,0.15,Slippery,FAIL,40.0573192239859,-35.0573192239859,5.04
60,5,Moderate,Rain,0.25,Dry,FAIL,33.4567901234568,-28.4567901234568,7.2
60,5,Moderate,Rain,0.25,Wet,FAIL,36.86092955700799,-31.860929557007992,6.12
60,5,Moderate,Rain,0.25,Slippery,FAIL,41.723985890652564,-36.723985890652564,5.04
60,5,Moderate,Fog,0,Dry,FAIL,30.424836601307195,-25.424836601307195,6.8
60,5,Moderate,Fog,0,Wet,FAIL,34.029219530949646,-29.029219530949646,5.779999999999999
60,5,Moderate,Fog,0,Slippery,FAIL,39.17833800186742,-34.17833800186742,4.76
60,5,Moderate,Fog,0.05,Dry,FAIL,31.258169934640527,-26.258169934640527,6.8
60,5,Moderate,Fog,0.05,Wet,FAIL,34.862552864282975,-29.862552864282975,5.779999999999999
60,5,Moderate,Fog,0.05,Slippery,FAIL,40.01167133520075,-35.01167133520075,4.76
60,5,Moderate,Fog,0.1,Dry,FAIL,32.09150326797386,-27.091503267973863,6.8
60,5,Moderate,Fog,0.1,Wet,FAIL,35.69588619761631,-30.69588619761631,5.779999999999999
60,5,Moderate,Fog,0.1,Slippery,FAIL,40.84500466853409,-35.84500466853409,4.76
60,5,Moderate,Fog,0.15,Dry,FAIL,32.92483660130719,-27.92483660130719,6.8
60,5,Moderate,Fog,0.15,Wet,FAIL,36.529219530949646,-31.529219530949646,5.779999999999999
60,5,Moderate,Fog,0.15,Slippery,FAIL,41.67833800186742,-36.67833800186742,4.76
60,5,Moderate,Fog,0.25,Dry,FAIL,34.59150326797386,-29.591503267973863,6.8
60,5,Moderate,Fog,0.25,Wet,FAIL,38.19588619761631,-33.19588619761631,5.779999999999999
60,5,Moderate,Fog,0.25,Slippery,FAIL,43.34500466853409,-38.34500466853409,4.76
60,5,Poor,Clear,0,Dry,FAIL,29.02777777777778,-24.02777777777778,8.0
60,5,Poor,Clear,0,Wet,FAIL,32.09150326797386,-27.091503267973863,6.8
60,5,Poor,Clear,0,Slippery,FAIL,36.468253968253975,-31.468253968253975,5.6
60,5,Poor,Clear,0.05,Dry,FAIL,29.861111111111114,-24.861111111111114,8.0
60,5,Poor,Clear,0.05,Wet,FAIL,32.92483660130719,-27.92483660130719,6.8
60,5,Poor,Clear,0.05,Slippery,FAIL,37.301587301587304,-32.301587301587304,5.6
60,5,Poor,Clear,0.1,Dry,FAIL,30.69444444444445,-25.69444444444445,8.0
60,5,Poor,Clear,0.1,Wet,FAIL,33.758169934640534,-28.758169934640534,6.8
60,5,Poor,Clear,0.1,Slippery,FAIL,38.13492063492065,-33.13492063492065,5.6
60,5,Poor,Clear,0.15,Dry,FAIL,31.527777777777786,-26.527777777777786,8.0
60,5,Poor,Clear,0.15,Wet,FAIL,34.59150326797386,-29.591503267973863,6.8
60,5,Poor,Clear,0.15,Slippery,FAIL,38.968253968253975,-33.968253968253975,5.6
60,5,Poor,Clear,0.25,Dry,FAIL,33.19444444444445,-28.19444444444445,8.0
60,5,Poor,Clear,0.25,Wet,FAIL,36.25816993464053,-31.258169934640527,6.8
60,5,Poor,Clear,0.25,Slippery,FAIL,40.63492063492064,-35.63492063492064,5.6
60,5,Poor,Rain,0,Dry,FAIL,30.95679012345679,-25.95679012345679,7.2
60,5,Poor,Rain,0,Wet,FAIL,34.36092955700799,-29.360929557007992,6.12
60,5,Poor,Rain,0,Slippery,FAIL,39.223985890652564,-34.223985890652564,5.04
60,5,Poor,Rain,0.05,Dry,FAIL,31.790123456790127,-26.790123456790127,7.2
60,5,Poor,Rain,0.05,Wet,FAIL,35.19426289034132,-30.19426289034132,6.12
60,5,Poor,Rain,0.05,Slippery,FAIL,40.0573192239859,-35.0573192239859,5.04
60,5,Poor,Rain,0.1,Dry,FAIL,32.62345679012346,-27.623456790123463,7.2
60,5,Poor,Rain,0.1,Wet,FAIL,36.027596223674664,-31.027596223674664,6.12
60,5,Poor,Rain,0.1,Slippery,FAIL,40.89065255731923,-35.89065255731923,5.04
60,5,Poor,Rain,0.15,Dry,FAIL,33.4567901234568,-28.4567901234568,7.2
60,5,Poor,Rain,0.15,Wet,FAIL,36.86092955700799,-31.860929557007992,6.12
60,5,Poor,Rain,0.15,Slippery,FAIL,41.723985890652564,-36.723985890652564,5.04
60,5,Poor,Rain,0.25,Dry,FAIL,35.12345679012346,-30.123456790123463,7.2
60,5,Poor,Rain,0.25,Wet,FAIL,38.52759622367466,-33.52759622367466,6.12
60,5,Poor,Rain,0.25,Slippery,FAIL,43.39065255731923,-38.39065255731923,5.04
60,5,Poor,Fog,0,Dry,FAIL,32.09150326797386,-27.091503267973863,6.8
60,5,Poor,Fog,0,Wet,FAIL,35.69588619761631,-30.69588619761631,5.779999999999999
60,5,Poor,Fog,0,Slippery,FAIL,40.84500466853409,-35.84500466853409,4.76
60,5,Poor,Fog,0.05,Dry,FAIL,32.92483660130719,-27.92483660130719,6.8
60,5,Poor,Fog,0.05,Wet,FAIL,36.529219530949646,-31.529219530949646,5.779999999999999
60,5,Poor,Fog,0.05,Slippery,FAIL,41.67833800186742,-36.67833800186742,4.76
60,5,Poor,Fog,0.1,Dry,FAIL,33.758169934640534,-28.758169934640534,6.8
60,5,Poor,Fog,0.1,Wet,FAIL,37.362552864282975,-32.362552864282975,5.779999999999999
60,5,Poor,Fog,0.1,Slippery,FAIL,42.51167133520076,-37.51167133520076,4.76
60,5,Poor,Fog,0.15,Dry,FAIL,34.59150326797386,-29.591503267973863,6.8
60,5,Poor,Fog,0.15,Wet,FAIL,38.19588619761631,-33.19588619761631,5.779999999999999
60,5,Poor,Fog,0.15,Slippery,FAIL,43.34500466853409,-38.34500466853409,4.76
60,5,Poor,Fog,0.25,Dry,FAIL,36.25816993464053,-31.258169934640527,6.8
60,5,Poor,Fog,0.25,Wet,FAIL,39.862552864282975,-34.862552864282975,5.779999999999999
60,5,Poor,Fog,0.25,Slippery,FAIL,45.01167133520075,-40.01167133520075,4.76
60,10,Good,Clear,0,Dry,FAIL,25.69444444444445,-15.69444444444445,8.0
60,10,Good,Clear,0,Wet,FAIL,28.758169934640527,-18.758169934640527,6.8
60,10,Good,Clear,0,Slippery,FAIL,33.13492063492064,-23.13492063492064,5.6
60,10,Good,Clear,0.05,Dry,FAIL,26.527777777777782,-16.527777777777782,8.0
60,10,Good,Clear,0.05,Wet,FAIL,29.591503267973863,-19.591503267973863,6.8
60,10,Good,Clear,0.05,Slippery,FAIL,33.968253968253975,-23.968253968253975,5.6
60,10,Good,Clear,0.1,Dry,FAIL,27.361111111111114,-17.361111111111114,8.0
60,10,Good,Clear,0.1,Wet,FAIL,30.424836601307195,-20.424836601307195,6.8
60,10,Good,Clear,0.1,Slippery,FAIL,34.801587301587304,-24.801587301587304,5.6
60,10,Good,Clear,0.15,Dry,FAIL,28.19444444444445,-18.19444444444445,8.0
60,10,Good,Clear,0.15,Wet,FAIL,31.258169934640527,-21.258169934640527,6.8
60,10,Good,Clear,0.15,Slippery,FAIL,35.63492063492064,-25.63492063492064,5.6
60,10,Good,Clear,0.25,Dry,FAIL,29.861111111111114,-19.861111111111114,8.0
60,10,Good,Clear,0.25,Wet,FAIL,32.92483660130719,-22.92483660130719,6.8
60,10,Good,Clear,0.25,Slippery,FAIL,37.301587301587304,-27.301587301587304,5.6
60,10,Good,Rain,0,Dry,FAIL,27.623456790123463,-17.623456790123463,7.2
60,10,Good,Rain,0,Wet,FAIL,31.027596223674657,-21.027596223674657,6.12
60,10,Good,Rain,0,Slippery,FAIL,35.89065255731923,-25.89065255731923,5.04
60,10,Good,Rain,0.05,Dry,FAIL,28.456790123456795,-18.456790123456795,7.2
60,10,Good,Rain,0.05,Wet,FAIL,31.860929557007992,-21.860929557007992,6.12
60,10,Good,Rain,0.05,Slippery,FAIL,36.723985890652564,-26.723985890652564,5.04
60,10,Good,Rain,0.1,Dry,FAIL,29.290123456790127,-19.290123456790127,7.2
60,10,Good,Rain,0.1,Wet,FAIL,32.69426289034132,-22.69426289034132,6.12
60,10,Good,Rain,0.1,Slippery,FAIL,37.5573192239859,-27.5573192239859,5.04
60,10,Good,Rain,0.15,Dry,FAIL,30.123456790123463,-20.123456790123463,7.2
60,10,Good,Rain,0.15,Wet,FAIL,33.52759622367466,-23.527596223674657,6.12
60,10,Good,Rain,0.15,Slippery,FAIL,38.39065255731923,-28.39065255731923,5.04
60,10,Good,Rain,0.25,Dry,FAIL,31.790123456790127,-21.790123456790127,7.2
60,10,Good,Rain,0.25,Wet,FAIL,35.19426289034132,-25.19426289034132,6.12
60,10,Good,Rain,0.25,Slippery,FAIL,40.0573192239859,-30.0573192239859,5.04
60,10,Good,Fog,0,Dry,FAIL,28.758169934640527,-18.758169934640527,6.8
60,10,Good,Fog,0,Wet,FAIL,32.362552864282975,-22.362552864282975,5.779999999999999
60,10,Good,Fog,0,Slippery,FAIL,37.51167133520075,-27.511671335200752,4.76
60,10,Good,Fog,0.05,Dry,FAIL,29.591503267973863,-19.591503267973863,6.8
60,10,Good,Fog,0.05,Wet,FAIL,33.19588619761631,-23.19588619761631,5.779999999999999
60,10,Good,Fog,0.05,Slippery,FAIL,38.34500466853409,-28.345004668534088,4.76
60,10,Good,Fog,0.1,Dry,FAIL,30.424836601307195,-20.424836601307195,6.8
60,10,Good,Fog,0.1,Wet,FAIL,34.029219530949646,-24.029219530949646,5.779999999999999
60,10,Good,Fog,0.1,Slippery,FAIL,39.17833800186742,-29.178338001867417,4.76
60,10,Good,Fog,0.15,Dry,FAIL,31.258169934640527,-21.258169934640527,6.8
60,10,Good,Fog,0.15,Wet,FAIL,34.862552864282975,-24.862552864282975,5.779999999999999
60,10,Good,Fog,0.15,Slippery,FAIL,40.01167133520075,-30.011671335200752,4.76
60,10,Good,Fog,0.25,Dry,FAIL,32.92483660130719,-22.92483660130719,6.8
60,10,Good,Fog,0.25,Wet,FAIL,36.529219530949646,-26.529219530949646,5.779999999999999
60,10,Good,Fog,0.25,Slippery,FAIL,41.67833800186742,-31.678338001867417,4.76
60,10,Moderate,Clear,0,Dry,FAIL,27.361111111111114,-17.361111111111114,8.0
60,10,Moderate,Clear,0,Wet,FAIL,30.424836601307195,-20.424836601307195,6.8
60,10,Moderate,Clear,0,Slippery,FAIL,34.801587301587304,-24.801587301587304,5.6
60,10,Moderate,Clear,0.05,Dry,FAIL,28.19444444444445,-18.19444444444445,8.0
60,10,Moderate,Clear,0.05,Wet,FAIL,31.258169934640527,-21.258169934640527,6.8
60,10,Moderate,Clear,0.05,Slippery,FAIL,35.63492063492064,-25.63492063492064,5.6
60,10,Moderate,Clear,0.1,Dry,FAIL,29.02777777777778,-19.02777777777778,8.0
60,10,Moderate,Clear,0.1,Wet,FAIL,32.09150326797386,-22.091503267973863,6.8
60,10,Moderate,Clear,0.1,Slippery,FAIL,36.468253968253975,-26.468253968253975,5.6
60,10,Moderate,Clear,0.15,Dry,FAIL,29.861111111111114,-19.861111111111114,8.0
60,10,Moderate,Clear,0.15,Wet,FAIL,32.92483660130719,-22.92483660130719,6.8
60,10,Moderate,Clear,0.15,Slippery,FAIL,37.301587301587304,-27.301587301587304,5.6
60,10,Moderate,Clear,0.25,Dry,FAIL,31.527777777777782,-21.527777777777782,8.0
60,10,Moderate,Clear,0.25,Wet,FAIL,34.59150326797386,-24.591503267973863,6.8
60,10,Moderate,Clear,0.25,Slippery,FAIL,38.968253968253975,-28.968253968253975,5.6
60,10,Moderate,Rain,0,Dry,FAIL,29.290123456790127,-19.290123456790127,7.2
60,10,Moderate,Rain,0,Wet,FAIL,32.69426289034132,-22.69426289034132,6.12
60,10,Moderate,Rain,0,Slippery,FAIL,37.5573192239859,-27.5573192239859,5.04
60,10,Moderate,Rain,0.05,Dry,FAIL,30.123456790123463,-20.123456790123463,7.2
60,10,Moderate,Rain,0.05,Wet,FAIL,33.52759622367466,-23.527596223674657,6.12
60,10,Moderate,Rain,0.05,Slippery,FAIL,38.39065255731923,-28.39065255731923,5.04
60,10,Moderate,Rain,0.1,Dry,FAIL,30.95679012345679,-20.95679012345679,7.2
60,10,Moderate,Rain,0.1,Wet,FAIL,34.36092955700799,-24.360929557007992,6.12
60,10,Moderate,Rain,0.1,Slippery,FAIL,39.223985890652564,-29.223985890652564,5.04
60,10,Moderate,Rain,0.15,Dry,FAIL,31.790123456790127,-21.790123456790127,7.2
60,10,Moderate,Rain,0.15,Wet,FAIL,35.19426289034132,-25.19426289034132,6.12
60,10,Moderate,Rain,0.15,Slippery,FAIL,40.0573192239859,-30.0573192239859,5.04
60,10,Moderate,Rain,0.25,Dry,FAIL,33.4567901234568,-23.4567901234568,7.2
60,10,Moderate,Rain,0.25,Wet,FAIL,36.86092955700799,-26.860929557007992,6.12
60,10,Moderate,Rain,0.25,Slippery,FAIL,41.723985890652564,-31.723985890652564,5.04
60,10,Moderate,Fog,0,Dry,FAIL,30.424836601307195,-20.424836601307195,6.8
60,10,Moderate,Fog,0,Wet,FAIL,34.029219530949646,-24.029219530949646,5.779999999999999
60,10,Moderate,Fog,0,Slippery,FAIL,39.17833800186742,-29.178338001867417,4.76
60,10,Moderate,Fog,0.05,Dry,FAIL,31.258169934640527,-21.258169934640527,6.8
60,10,Moderate,Fog,0.05,Wet,FAIL,34.862552864282975,-24.862552864282975,5.779999999999999
60,10,Moderate,Fog,0.05,Slippery,FAIL,40.01167133520075,-30.011671335200752,4.76
60,10,Moderate,Fog,0.1,Dry,FAIL,32.09150326797386,-22.091503267973863,6.8
60,10,Moderate,Fog,0.1,Wet,FAIL,35.69588619761631,-25.69588619761631,5.779999999999999
60,10,Moderate,Fog,0.1,Slippery,FAIL,40.84500466853409,-30.845004668534088,4.76
60,10,Moderate,Fog,0.15,Dry,FAIL,32.92483660130719,-22.92483660130719,6.8
60,10,Moderate,Fog,0.15,Wet,FAIL,36.529219530949646,-26.529219530949646,5.779999999999999
60,10,Moderate,Fog,0.15,Slippery,FAIL,41.67833800186742,-31.678338001867417,4.76
60,10,Moderate,Fog,0.25,Dry,FAIL,34.59150326797386,-24.591503267973863,6.8
60,10,Moderate,Fog,0.25,Wet,FAIL,38.19588619761631,-28.19588619761631,5.779999999999999
60,10,Moderate,Fog,0.25,Slippery,FAIL,43.34500466853409,-33.34500466853409,4.76
60,10,Poor,Clear,0,Dry,FAIL,29.02777777777778,-19.02777777777778,8.0
60,10,Poor,Clear,0,Wet,FAIL,32.09150326797386,-22.091503267973863,6.8
60,10,Poor,Clear,0,Slippery,FAIL,36.468253968253975,-26.468253968253975,5.6
60,10,Poor,Clear,0.05,Dry,FAIL,29.861111111111114,-19.861111111111114,8.0
60,10,Poor,Clear,0.05,Wet,FAIL,32.92483660130719,-22.92483660130719,6.8
60,10,Poor,Clear,0.05,Slippery,FAIL,37.301587301587304,-27.301587301587304,5.6
60,10,Poor,Clear,0.1,Dry,FAIL,30.69444444444445,-20.69444444444445,8.0
60,10,Poor,Clear,0.1,Wet,FAIL,33.758169934640534,-23.758169934640534,6.8
60,10,Poor,Clear,0.1,Slippery,FAIL,38.13492063492065,-28.134920634920647,5.6
60,10,Poor,Clear,0.15,Dry,FAIL,31.527777777777786,-21.527777777777786,8.0
60,10,Poor,Clear,0.15,Wet,FAIL,34.59150326797386,-24.591503267973863,6.8
60,10,Poor,Clear,0.15,Slippery,FAIL,38.968253968253975,-28.968253968253975,5.6
60,10,Poor,Clear,0.25,Dry,FAIL,33.19444444444445,-23.19444444444445,8.0
60,10,Poor,Clear,0.25,Wet,FAIL,36.25816993464053,-26.258169934640527,6.8
60,10,Poor,Clear,0.25,Slippery,FAIL,40.63492063492064,-30.63492063492064,5.6
60,10,Poor,Rain,0,Dry,FAIL,30.95679012345679,-20.95679012345679,7.2
60,10,Poor,Rain,0,Wet,FAIL,34.36092955700799,-24.360929557007992,6.12
60,10,Poor,Rain,0,Slippery,FAIL,39.223985890652564,-29.223985890652564,5.04
60,10,Poor,Rain,0.05,Dry,FAIL,31.790123456790127,-21.790123456790127,7.2
60,10,Poor,Rain,0.05,Wet,FAIL,35.19426289034132,-25.19426289034132,6.12
60,10,Poor,Rain,0.05,Slippery,FAIL,40.0573192239859,-30.0573192239859,5.04
60,10,Poor,Rain,0.1,Dry,FAIL,32.62345679012346,-22.623456790123463,7.2
60,10,Poor,Rain,0.1,Wet,FAIL,36.027596223674664,-26.027596223674664,6.12
60,10,Poor,Rain,0.1,Slippery,FAIL,40.89065255731923,-30.89065255731923,5.04
60,10,Poor,Rain,0.15,Dry,FAIL,33.4567901234568,-23.4567901234568,7.2
60,10,Poor,Rain,0.15,Wet,FAIL,36.86092955700799,-26.860929557007992,6.12
60,10,Poor,Rain,0.15,Slippery,FAIL,41.723985890652564,-31.723985890652564,5.04
60,10,Poor,Rain,0.25,Dry,FAIL,35.12345679012346,-25.123456790123463,7.2
60,10,Poor,Rain,0.25,Wet,FAIL,38.52759622367466,-28.527596223674657,6.12
60,10,Poor,Rain,0.25,Slippery,FAIL,43.39065255731923,-33.39065255731923,5.04
60,10,Poor,Fog,0,Dry,FAIL,32.09150326797386,-22.091503267973863,6.8
60,10,Poor,Fog,0,Wet,FAIL,35.69588619761631,-25.69588619761631,5.779999999999999
60,10,Poor,Fog,0,Slippery,FAIL,40.84500466853409,-30.845004668534088,4.76
60,10,Poor,Fog,0.05,Dry,FAIL,32.92483660130719,-22.92483660130719,6.8
60,10,Poor,Fog,0.05,Wet,FAIL,36.529219530949646,-26.529219530949646,5.779999999999999
60,10,Poor,Fog,0.05,Slippery,FAIL,41.67833800186742,-31.678338001867417,4.76
60,10,Poor,Fog,0.1,Dry,FAIL,33.758169934640534,-23.758169934640534,6.8
60,10,Poor,Fog,0.1,Wet,FAIL,37.362552864282975,-27.362552864282975,5.779999999999999
60,10,Poor,Fog,0.1,Slippery,FAIL,42.51167133520076,-32.51167133520076,4.76
60,10,Poor,Fog,0.15,Dry,FAIL,34.59150326797386,-24.591503267973863,6.8
60,10,Poor,Fog,0.15,Wet,FAIL,38.19588619761631,-28.19588619761631,5.779999999999999
60,10,Poor,Fog,0.15,Slippery,FAIL,43.34500466853409,-33.34500466853409,4.76
60,10,Poor,Fog,0.25,Dry,FAIL,36.25816993464053,-26.258169934640527,6.8
60,10,Poor,Fog,0.25,Wet,FAIL,39.862552864282975,-29.862552864282975,5.779999999999999
60,10,Poor,Fog,0.25,Slippery,FAIL,45.01167133520075,-35.01167133520075,4.76
60,15,Good,Clear,0,Dry,FAIL,25.69444444444445,-10.69444444444445,8.0
60,15,Good,Clear,0,Wet,FAIL,28.758169934640527,-13.758169934640527,6.8
60,15,Good,Clear,0,Slippery,FAIL,33.13492063492064,-18.13492063492064,5.6
60,15,Good,Clear,0.05,Dry,FAIL,26.527777777777782,-11.527777777777782,8.0
60,15,Good,Clear,0.05,Wet,FAIL,29.591503267973863,-14.591503267973863,6.8
60,15,Good,Clear,0.05,Slippery,FAIL,33.968253968253975,-18.968253968253975,5.6
60,15,Good,Clear,0.1,Dry,FAIL,27.361111111111114,-12.361111111111114,8.0
60,15,Good,Clear,0.1,Wet,FAIL,30.424836601307195,-15.424836601307195,6.8
60,15,Good,Clear,0.1,Slippery,FAIL,34.801587301587304,-19.801587301587304,5.6
60,15,Good,Clear,0.15,Dry,FAIL,28.19444444444445,-13.19444444444445,8.0
60,15,Good,Clear,0.15,Wet,FAIL,31.258169934640527,-16.258169934640527,6.8
60,15,Good,Clear,0.15,Slippery,FAIL,35.63492063492064,-20.63492063492064,5.6
60,15,Good,Clear,0.25,Dry,FAIL,29.861111111111114,-14.861111111111114,8.0
60,15,Good,Clear,0.25,Wet,FAIL,32.92483660130719,-17.92483660130719,6.8
60,15,Good,Clear,0.25,Slippery,FAIL,37.301587301587304,-22.301587301587304,5.6
60,15,Good,Rain,0,Dry,FAIL,27.623456790123463,-12.623456790123463,7.2
60,15,Good,Rain,0,Wet,FAIL,31.027596223674657,-16.027596223674657,6.12
60,15,Good,Rain,0,Slippery,FAIL,35.89065255731923,-20.89065255731923,5.04
60,15,Good,Rain,0.05,Dry,FAIL,28.456790123456795,-13.456790123456795,7.2
60,15,Good,Rain,0.05,Wet,FAIL,31.860929557007992,-16.860929557007992,6.12
60,15,Good,Rain,0.05,Slippery,FAIL,36.723985890652564,-21.723985890652564,5.04
60,15,Good,Rain,0.1,Dry,FAIL,29.290123456790127,-14.290123456790127,7.2
60,15,Good,Rain,0.1,Wet,FAIL,32.69426289034132,-17.69426289034132,6.12
60,15,Good,Rain,0.1,Slippery,FAIL,37.5573192239859,-22.5573192239859,5.04
60,15,Good,Rain,0.15,Dry,FAIL,30.123456790123463,-15.123456790123463,7.2
60,15,Good,Rain,0.15,Wet,FAIL,33.52759622367466,-18.527596223674657,6.12
60,15,Good,Rain,0.15,Slippery,FAIL,38.39065255731923,-23.39065255731923,5.04
60,15,Good,Rain,0.25,Dry,FAIL,31.790123456790127,-16.790123456790127,7.2
60,15,Good,Rain,0.25,Wet,FAIL,35.19426289034132,-20.19426289034132,6.12
60,15,Good,Rain,0.25,Slippery,FAIL,40.0573192239859,-25.0573192239859,5.04
60,15,Good,Fog,0,Dry,FAIL,28.758169934640527,-13.758169934640527,6.8
60,15,Good,Fog,0,Wet,FAIL,32.362552864282975,-17.362552864282975,5.779999999999999
60,15,Good,Fog,0,Slippery,FAIL,37.51167133520075,-22.511671335200752,4.76
60,15,Good,Fog,0.05,Dry,FAIL,29.591503267973863,-14.591503267973863,6.8
60,15,Good,Fog,0.05,Wet,FAIL,33.19588619761631,-18.19588619761631,5.779999999999999
60,15,Good,Fog,0.05,Slippery,FAIL,38.34500466853409,-23.345004668534088,4.76
60,15,Good,Fog,0.1,Dry,FAIL,30.424836601307195,-15.424836601307195,6.8
60,15,Good,Fog,0.1,Wet,FAIL,34.029219530949646,-19.029219530949646,5.779999999999999
60,15,Good,Fog,0.1,Slippery,FAIL,39.17833800186742,-24.178338001867417,4.76
60,15,Good,Fog,0.15,Dry,FAIL,31.258169934640527,-16.258169934640527,6.8
60,15,Good,Fog,0.15,Wet,FAIL,34.862552864282975,-19.862552864282975,5.779999999999999
60,15,Good,Fog,0.15,Slippery,FAIL,40.01167133520075,-25.011671335200752,4.76
60,15,Good,Fog,0.25,Dry,FAIL,32.92483660130719,-17.92483660130719,6.8
60,15,Good,Fog,0.25,Wet,FAIL,36.529219530949646,-21.529219530949646,5.779999999999999
60,15,Good,Fog,0.25,Slippery,FAIL,41.67833800186742,-26.678338001867417,4.76
60,15,Moderate,Clear,0,Dry,FAIL,27.361111111111114,-12.361111111111114,8.0
60,15,Moderate,Clear,0,Wet,FAIL,30.424836601307195,-15.424836601307195,6.8
60,15,Moderate,Clear,0,Slippery,FAIL,34.801587301587304,-19.801587301587304,5.6
60,15,Moderate,Clear,0.05,Dry,FAIL,28.19444444444445,-13.19444444444445,8.0
60,15,Moderate,Clear,0.05,Wet,FAIL,31.258169934640527,-16.258169934640527,6.8
60,15,Moderate,Clear,0.05,Slippery,FAIL,35.63492063492064,-20.63492063492064,5.6
60,15,Moderate,Clear,0.1,Dry,FAIL,29.02777777777778,-14.027777777777779,8.0
60,15,Moderate,Clear,0.1,Wet,FAIL,32.09150326797386,-17.091503267973863,6.8
60,15,Moderate,Clear,0.1,Slippery,FAIL,36.468253968253975,-21.468253968253975,5.6
60,15,Moderate,Clear,0.15,Dry,FAIL,29.861111111111114,-14.861111111111114,8.0
60,15,Moderate,Clear,0.15,Wet,FAIL,32.92483660130719,-17.92483660130719,6.8
60,15,Moderate,Clear,0.15,Slippery,FAIL,37.301587301587304,-22.301587301587304,5.6
60,15,Moderate,Clear,0.25,Dry,FAIL,31.527777777777782,-16.527777777777782,8.0
60,15,Moderate,Clear,0.25,Wet,FAIL,34.59150326797386,-19.591503267973863,6.8
60,15,Moderate,Clear,0.25,Slippery,FAIL,38.968253968253975,-23.968253968253975,5.6
60,15,Moderate,Rain,0,Dry,FAIL,29.290123456790127,-14.290123456790127,7.2
60,15,Moderate,Rain,0,Wet,FAIL,32.69426289034132,-17.69426289034132,6.12
60,15,Moderate,Rain,0,Slippery,FAIL,37.5573192239859,-22.5573192239859,5.04
60,15,Moderate,Rain,0.05,Dry,FAIL,30.123456790123463,-15.123456790123463,7.2
60,15,Moderate,Rain,0.05,Wet,FAIL,33.52759622367466,-18.527596223674657,6.12
60,15,Moderate,Rain,0.05,Slippery,FAIL,38.39065255731923,-23.39065255731923,5.04
60,15,Moderate,Rain,0.1,Dry,FAIL,30.95679012345679,-15.956790123456791,7.2
60,15,Moderate,Rain,0.1,Wet,FAIL,34.36092955700799,-19.360929557007992,6.12
60,15,Moderate,Rain,0.1,Slippery,FAIL,39.223985890652564,-24.223985890652564,5.04
60,15,Moderate,Rain,0.15,Dry,FAIL,31.790123456790127,-16.790123456790127,7.2
60,15,Moderate,Rain,0.15,Wet,FAIL,35.19426289034132,-20.19426289034132,6.12
60,15,Moderate,Rain,0.15,Slippery,FAIL,40.0573192239859,-25.0573192239859,5.04
60,15,Moderate,Rain,0.25,Dry,FAIL,33.4567901234568,-18.4567901234568,7.2
60,15,Moderate,Rain,0.25,Wet,FAIL,36.86092955700799,-21.860929557007992,6.12
60,15,Moderate,Rain,0.25,Slippery,FAIL,41.723985890652564,-26.723985890652564,5.04
60,15,Moderate,Fog,0,Dry,FAIL,30.424836601307195,-15.424836601307195,6.8
60,15,Moderate,Fog,0,Wet,FAIL,34.029219530949646,-19.029219530949646,5.779999999999999
60,15,Moderate,Fog,0,Slippery,FAIL,39.17833800186742,-24.178338001867417,4.76
60,15,Moderate,Fog,0.05,Dry,FAIL,31.258169934640527,-16.258169934640527,6.8
60,15,Moderate,Fog,0.05,Wet,FAIL,34.862552864282975,-19.862552864282975,5.779999999999999
60,15,Moderate,Fog,0.05,Slippery,FAIL,40.01167133520075,-25.011671335200752,4.76
60,15,Moderate,Fog,0.1,Dry,FAIL,32.09150326797386,-17.091503267973863,6.8
60,15,Moderate,Fog,0.1,Wet,FAIL,35.69588619761631,-20.69588619761631,5.779999999999999
60,15,Moderate,Fog,0.1,Slippery,FAIL,40.84500466853409,-25.845004668534088,4.76
60,15,Moderate,Fog,0.15,Dry,FAIL,32.92483660130719,-17.92483660130719,6.8
60,15,Moderate,Fog,0.15,Wet,FAIL,36.529219530949646,-21.529219530949646,5.779999999999999
60,15,Moderate,Fog,0.15,Slippery,FAIL,41.67833800186742,-26.678338001867417,4.76
60,15,Moderate,Fog,0.25,Dry,FAIL,34.59150326797386,-19.591503267973863,6.8
60,15,Moderate,Fog,0.25,Wet,FAIL,38.19588619761631,-23.19588619761631,5.779999999999999
60,15,Moderate,Fog,0.25,Slippery,FAIL,43.34500466853409,-28.345004668534088,4.76
60,15,Poor,Clear,0,Dry,FAIL,29.02777777777778,-14.027777777777779,8.0
60,15,Poor,Clear,0,Wet,FAIL,32.09150326797386,-17.091503267973863,6.8
60,15,Poor,Clear,0,Slippery,FAIL,36.468253968253975,-21.468253968253975,5.6
60,15,Poor,Clear,0.05,Dry,FAIL,29.861111111111114,-14.861111111111114,8.0
60,15,Poor,Clear,0.05,Wet,FAIL,32.92483660130719,-17.92483660130719,6.8
60,15,Poor,Clear,0.05,Slippery,FAIL,37.301587301587304,-22.301587301587304,5.6
60,15,Poor,Clear,0.1,Dry,FAIL,30.69444444444445,-15.69444444444445,8.0
60,15,Poor,Clear,0.1,Wet,FAIL,33.758169934640534,-18.758169934640534,6.8
60,15,Poor,Clear,0.1,Slippery,FAIL,38.13492063492065,-23.134920634920647,5.6
60,15,Poor,Clear,0.15,Dry,FAIL,31.527777777777786,-16.527777777777786,8.0
60,15,Poor,Clear,0.15,Wet,FAIL,34.59150326797386,-19.591503267973863,6.8
60,15,Poor,Clear,0.15,Slippery,FAIL,38.968253968253975,-23.968253968253975,5.6
60,15,Poor,Clear,0.25,Dry,FAIL,33.19444444444445,-18.19444444444445,8.0
60,15,Poor,Clear,0.25,Wet,FAIL,36.25816993464053,-21.258169934640527,6.8
60,15,Poor,Clear,0.25,Slippery,FAIL,40.63492063492064,-25.63492063492064,5.6
60,15,Poor,Rain,0,Dry,FAIL,30.95679012345679,-15.956790123456791,7.2
60,15,Poor,Rain,0,Wet,FAIL,34.36092955700799,-19.360929557007992,6.12
60,15,Poor,Rain,0,Slippery,FAIL,39.223985890652564,-24.223985890652564,5.04
60,15,Poor,Rain,0.05,Dry,FAIL,31.790123456790127,-16.790123456790127,7.2
60,15,Poor,Rain,0.05,Wet,FAIL,35.19426289034132,-20.19426289034132,6.12
60,15,Poor,Rain,0.05,Slippery,FAIL,40.0573192239859,-25.0573192239859,5.04
60,15,Poor,Rain,0.1,Dry,FAIL,32.62345679012346,-17.623456790123463,7.2
60,15,Poor,Rain,0.1,Wet,FAIL,36.027596223674664,-21.027596223674664,6.12
60,15,Poor,Rain,0.1,Slippery,FAIL,40.89065255731923,-25.89065255731923,5.04
60,15,Poor,Rain,0.15,Dry,FAIL,33.4567901234568,-18.4567901234568,7.2
60,15,Poor,Rain,0.15,Wet,FAIL,36.86092955700799,-21.860929557007992,6.12
60,15,Poor,Rain,0.15,Slippery,FAIL,41.723985890652564,-26.723985890652564,5.04
60,15,Poor,Rain,0.25,Dry,FAIL,35.12345679012346,-20.123456790123463,7.2
60,15,Poor,Rain,0.25,Wet,FAIL,38.52759622367466,-23.527596223674657,6.12
60,15,Poor,Rain,0.25,Slippery,FAIL,43.39065255731923,-28.39065255731923,5.04
60,15,Poor,Fog,0,Dry,FAIL,32.09150326797386,-17.091503267973863,6.8
60,15,Poor,Fog,0,Wet,FAIL,35.69588619761631,-20.69588619761631,5.779999999999999
60,15,Poor,Fog,0,Slippery,FAIL,40.84500466853409,-25.845004668534088,4.76
60,15,Poor,Fog,0.05,Dry,FAIL,32.92483660130719,-17.92483660130719,6.8
60,15,Poor,Fog,0.05,Wet,FAIL,36.529219530949646,-21.529219530949646,5.779999999999999
60,15,Poor,Fog,0.05,Slippery,FAIL,41.67833800186742,-26.678338001867417,4.76
60,15,Poor,Fog,0.1,Dry,FAIL,33.758169934640534,-18.758169934640534,6.8
60,15,Poor,Fog,0.1,Wet,FAIL,37.362552864282975,-22.362552864282975,5.779999999999999
60,15,Poor,Fog,0.1,Slippery,FAIL,42.51167133520076,-27.51167133520076,4.76
60,15,Poor,Fog,0.15,Dry,FAIL,34.59150326797386,-19.591503267973863,6.8
60,15,Poor,Fog,0.15,Wet,FAIL,38.19588619761631,-23.19588619761631,5.779999999999999
60,15,Poor,Fog,0.15,Slippery,FAIL,43.34500466853409,-28.345004668534088,4.76
60,15,Poor,Fog,0.25,Dry,FAIL,36.25816993464053,-21.258169934640527,6.8
60,15,Poor,Fog,0.25,Wet,FAIL,39.862552864282975,-24.862552864282975,5.779999999999999
60,15,Poor,Fog,0.25,Slippery,FAIL,45.01167133520075,-30.011671335200752,4.76
60,20,Good,Clear,0,Dry,FAIL,25.69444444444445,-5.69444444444445,8.0
60,20,Good,Clear,0,Wet,FAIL,28.758169934640527,-8.758169934640527,6.8
60,20,Good,Clear,0,Slippery,FAIL,33.13492063492064,-13.13492063492064,5.6
60,20,Good,Clear,0.05,Dry,FAIL,26.527777777777782,-6.527777777777782,8.0
60,20,Good,Clear,0.05,Wet,FAIL,29.591503267973863,-9.591503267973863,6.8
60,20,Good,Clear,0.05,Slippery,FAIL,33.968253968253975,-13.968253968253975,5.6
60,20,Good,Clear,0.1,Dry,FAIL,27.361111111111114,-7.361111111111114,8.0
60,20,Good,Clear,0.1,Wet,FAIL,30.424836601307195,-10.424836601307195,6.8
60,20,Good,Clear,0.1,Slippery,FAIL,34.801587301587304,-14.801587301587304,5.6
60,20,Good,Clear,0.15,Dry,FAIL,28.19444444444445,-8.19444444444445,8.0
60,20,Good,Clear,0.15,Wet,FAIL,31.258169934640527,-11.258169934640527,6.8
60,20,Good,Clear,0.15,Slippery,FAIL,35.63492063492064,-15.63492063492064,5.6
60,20,Good,Clear,0.25,Dry,FAIL,29.861111111111114,-9.861111111111114,8.0
60,20,Good,Clear,0.25,Wet,FAIL,32.92483660130719,-12.924836601307192,6.8
60,20,Good,Clear,0.25,Slippery,FAIL,37.301587301587304,-17.301587301587304,5.6
60,20,Good,Rain,0,Dry,FAIL,27.623456790123463,-7.623456790123463,7.2
60,20,Good,Rain,0,Wet,FAIL,31.027596223674657,-11.027596223674657,6.12
60,20,Good,Rain,0,Slippery,FAIL,35.89065255731923,-15.890652557319228,5.04
60,20,Good,Rain,0.05,Dry,FAIL,28.456790123456795,-8.456790123456795,7.2
60,20,Good,Rain,0.05,Wet,FAIL,31.860929557007992,-11.860929557007992,6.12
60,20,Good,Rain,0.05,Slippery,FAIL,36.723985890652564,-16.723985890652564,5.04
60,20,Good,Rain,0.1,Dry,FAIL,29.290123456790127,-9.290123456790127,7.2
60,20,Good,Rain,0.1,Wet,FAIL,32.69426289034132,-12.69426289034132,6.12
60,20,Good,Rain,0.1,Slippery,FAIL,37.5573192239859,-17.5573192239859,5.04
60,20,Good,Rain,0.15,Dry,FAIL,30.123456790123463,-10.123456790123463,7.2
60,20,Good,Rain,0.15,Wet,FAIL,33.52759622367466,-13.527596223674657,6.12
60,20,Good,Rain,0.15,Slippery,FAIL,38.39065255731923,-18.39065255731923,5.04
60,20,Good,Rain,0.25,Dry,FAIL,31.790123456790127,-11.790123456790127,7.2
60,20,Good,Rain,0.25,Wet,FAIL,35.19426289034132,-15.19426289034132,6.12
60,20,Good,Rain,0.25,Slippery,FAIL,40.0573192239859,-20.0573192239859,5.04
60,20,Good,Fog,0,Dry,FAIL,28.758169934640527,-8.758169934640527,6.8
60,20,Good,Fog,0,Wet,FAIL,32.362552864282975,-12.362552864282975,5.779999999999999
60,20,Good,Fog,0,Slippery,FAIL,37.51167133520075,-17.511671335200752,4.76
60,20,Good,Fog,0.05,Dry,FAIL,29.591503267973863,-9.591503267973863,6.8
60,20,Good,Fog,0.05,Wet,FAIL,33.19588619761631,-13.19588619761631,5.779999999999999
60,20,Good,Fog,0.05,Slippery,FAIL,38.34500466853409,-18.345004668534088,4.76
60,20,Good,Fog,0.1,Dry,FAIL,30.424836601307195,-10.424836601307195,6.8
60,20,Good,Fog,0.1,Wet,FAIL,34.029219530949646,-14.029219530949646,5.779999999999999
60,20,Good,Fog,0.1,Slippery,FAIL,39.17833800186742,-19.178338001867417,4.76
60,20,Good,Fog,0.15,Dry,FAIL,31.258169934640527,-11.258169934640527,6.8
60,20,Good,Fog,0.15,Wet,FAIL,34.862552864282975,-14.862552864282975,5.779999999999999
60,20,Good,Fog,0.15,Slippery,FAIL,40.01167133520075,-20.011671335200752,4.76
60,20,Good,Fog,0.25,Dry,FAIL,32.92483660130719,-12.924836601307192,6.8
60,20,Good,Fog,0.25,Wet,FAIL,36.529219530949646,-16.529219530949646,5.779999999999999
60,20,Good,Fog,0.25,Slippery,FAIL,41.67833800186742,-21.678338001867417,4.76
60,20,Moderate,Clear,0,Dry,FAIL,27.361111111111114,-7.361111111111114,8.0
60,20,Moderate,Clear,0,Wet,FAIL,30.424836601307195,-10.424836601307195,6.8
60,20,Moderate,Clear,0,Slippery,FAIL,34.801587301587304,-14.801587301587304,5.6
60,20,Moderate,Clear,0.05,Dry,FAIL,28.19444444444445,-8.19444444444445,8.0
60,20,Moderate,Clear,0.05,Wet,FAIL,31.258169934640527,-11.258169934640527,6.8
60,20,Moderate,Clear,0.05,Slippery,FAIL,35.63492063492064,-15.63492063492064,5.6
60,20,Moderate,Clear,0.1,Dry,FAIL,29.02777777777778,-9.027777777777779,8.0
60,20,Moderate,Clear,0.1,Wet,FAIL,32.09150326797386,-12.091503267973863,6.8
60,20,Moderate,Clear,0.1,Slippery,FAIL,36.468253968253975,-16.468253968253975,5.6
60,20,Moderate,Clear,0.15,Dry,FAIL,29.861111111111114,-9.861111111111114,8.0
60,20,Moderate,Clear,0.15,Wet,FAIL,32.92483660130719,-12.924836601307192,6.8
60,20,Moderate,Clear,0.15,Slippery,FAIL,37.301587301587304,-17.301587301587304,5.6
60,20,Moderate,Clear,0.25,Dry,FAIL,31.527777777777782,-11.527777777777782,8.0
60,20,Moderate,Clear,0.25,Wet,FAIL,34.59150326797386,-14.591503267973863,6.8
60,20,Moderate,Clear,0.25,Slippery,FAIL,38.968253968253975,-18.968253968253975,5.6
60,20,Moderate,Rain,0,Dry,FAIL,29.290123456790127,-9.290123456790127,7.2
60,20,Moderate,Rain,0,Wet,FAIL,32.69426289034132,-12.69426289034132,6.12
60,20,Moderate,Rain,0,Slippery,FAIL,37.5573192239859,-17.5573192239859,5.04
60,20,Moderate,Rain,0.05,Dry,FAIL,30.123456790123463,-10.123456790123463,7.2
60,20,Moderate,Rain,0.05,Wet,FAIL,33.52759622367466,-13.527596223674657,6.12
60,20,Moderate,Rain,0.05,Slippery,FAIL,38.39065255731923,-18.39065255731923,5.04
60,20,Moderate,Rain,0.1,Dry,FAIL,30.95679012345679,-10.956790123456791,7.2
60,20,Moderate,Rain,0.1,Wet,FAIL,34.36092955700799,-14.360929557007992,6.12
60,20,Moderate,Rain,0.1,Slippery,FAIL,39.223985890652564,-19.223985890652564,5.04
60,20,Moderate,Rain,0.15,Dry,FAIL,31.790123456790127,-11.790123456790127,7.2
60,20,Moderate,Rain,0.15,Wet,FAIL,35.19426289034132,-15.19426289034132,6.12
60,20,Moderate,Rain,0.15,Slippery,FAIL,40.0573192239859,-20.0573192239859,5.04
60,20,Moderate,Rain,0.25,Dry,FAIL,33.4567901234568,-13.456790123456798,7.2
60,20,Moderate,Rain,0.25,Wet,FAIL,36.86092955700799,-16.860929557007992,6.12
60,20,Moderate,Rain,0.25,Slippery,FAIL,41.723985890652564,-21.723985890652564,5.04
60,20,Moderate,Fog,0,Dry,FAIL,30.424836601307195,-10.424836601307195,6.8
60,20,Moderate,Fog,0,Wet,FAIL,34.029219530949646,-14.029219530949646,5.779999999999999
60,20,Moderate,Fog,0,Slippery,FAIL,39.17833800186742,-19.178338001867417,4.76
60,20,Moderate,Fog,0.05,Dry,FAIL,31.258169934640527,-11.258169934640527,6.8
60,20,Moderate,Fog,0.05,Wet,FAIL,34.862552864282975,-14.862552864282975,5.779999999999999
60,20,Moderate,Fog,0.05,Slippery,FAIL,40.01167133520075,-20.011671335200752,4.76
60,20,Moderate,Fog,0.1,Dry,FAIL,32.09150326797386,-12.091503267973863,6.8
60,20,Moderate,Fog,0.1,Wet,FAIL,35.69588619761631,-15.69588619761631,5.779999999999999
60,20,Moderate,Fog,0.1,Slippery,FAIL,40.84500466853409,-20.845004668534088,4.76
60,20,Moderate,Fog,0.15,Dry,FAIL,32.92483660130719,-12.924836601307192,6.8
60,20,Moderate,Fog,0.15,Wet,FAIL,36.529219530949646,-16.529219530949646,5.779999999999999
60,20,Moderate,Fog,0.15,Slippery,FAIL,41.67833800186742,-21.678338001867417,4.76
60,20,Moderate,Fog,0.25,Dry,FAIL,34.59150326797386,-14.591503267973863,6.8
60,20,Moderate,Fog,0.25,Wet,FAIL,38.19588619761631,-18.19588619761631,5.779999999999999
60,20,Moderate,Fog,0.25,Slippery,FAIL,43.34500466853409,-23.345004668534088,4.76
60,20,Poor,Clear,0,Dry,FAIL,29.02777777777778,-9.027777777777779,8.0
60,20,Poor,Clear,0,Wet,FAIL,32.09150326797386,-12.091503267973863,6.8
60,20,Poor,Clear,0,Slippery,FAIL,36.468253968253975,-16.468253968253975,5.6
60,20,Poor,Clear,0.05,Dry,FAIL,29.861111111111114,-9.861111111111114,8.0
60,20,Poor,Clear,0.05,Wet,FAIL,32.92483660130719,-12.924836601307192,6.8
60,20,Poor,Clear,0.05,Slippery,FAIL,37.301587301587304,-17.301587301587304,5.6
60,20,Poor,Clear,0.1,Dry,FAIL,30.69444444444445,-10.69444444444445,8.0
60,20,Poor,Clear,0.1,Wet,FAIL,33.758169934640534,-13.758169934640534,6.8
60,20,Poor,Clear,0.1,Slippery,FAIL,38.13492063492065,-18.134920634920647,5.6
60,20,Poor,Clear,0.15,Dry,FAIL,31.527777777777786,-11.527777777777786,8.0
60,20,Poor,Clear,0.15,Wet,FAIL,34.59150326797386,-14.591503267973863,6.8
60,20,Poor,Clear,0.15,Slippery,FAIL,38.968253968253975,-18.968253968253975,5.6
60,20,Poor,Clear,0.25,Dry,FAIL,33.19444444444445,-13.19444444444445,8.0
60,20,Poor,Clear,0.25,Wet,FAIL,36.25816993464053,-16.258169934640527,6.8
60,20,Poor,Clear,0.25,Slippery,FAIL,40.63492063492064,-20.63492063492064,5.6
60,20,Poor,Rain,0,Dry,FAIL,30.95679012345679,-10.956790123456791,7.2
60,20,Poor,Rain,0,Wet,FAIL,34.36092955700799,-14.360929557007992,6.12
60,20,Poor,Rain,0,Slippery,FAIL,39.223985890652564,-19.223985890652564,5.04
60,20,Poor,Rain,0.05,Dry,FAIL,31.790123456790127,-11.790123456790127,7.2
60,20,Poor,Rain,0.05,Wet,FAIL,35.19426289034132,-15.19426289034132,6.12
60,20,Poor,Rain,0.05,Slippery,FAIL,40.0573192239859,-20.0573192239859,5.04
60,20,Poor,Rain,0.1,Dry,FAIL,32.62345679012346,-12.623456790123463,7.2
60,20,Poor,Rain,0.1,Wet,FAIL,36.027596223674664,-16.027596223674664,6.12
60,20,Poor,Rain,0.1,Slippery,FAIL,40.89065255731923,-20.89065255731923,5.04
60,20,Poor,Rain,0.15,Dry,FAIL,33.4567901234568,-13.456790123456798,7.2
60,20,Poor,Rain,0.15,Wet,FAIL,36.86092955700799,-16.860929557007992,6.12
60,20,Poor,Rain,0.15,Slippery,FAIL,41.723985890652564,-21.723985890652564,5.04
60,20,Poor,Rain,0.25,Dry,FAIL,35.12345679012346,-15.123456790123463,7.2
60,20,Poor,Rain,0.25,Wet,FAIL,38.52759622367466,-18.527596223674657,6.12
60,20,Poor,Rain,0.25,Slippery,FAIL,43.39065255731923,-23.39065255731923,5.04
60,20,Poor,Fog,0,Dry,FAIL,32.09150326797386,-12.091503267973863,6.8
60,20,Poor,Fog,0,Wet,FAIL,35.69588619761631,-15.69588619761631,5.779999999999999
60,20,Poor,Fog,0,Slippery,FAIL,40.84500466853409,-20.845004668534088,4.76
60,20,Poor,Fog,0.05,Dry,FAIL,32.92483660130719,-12.924836601307192,6.8
60,20,Poor,Fog,0.05,Wet,FAIL,36.529219530949646,-16.529219530949646,5.779999999999999
60,20,Poor,Fog,0.05,Slippery,FAIL,41.67833800186742,-21.678338001867417,4.76
60,20,Poor,Fog,0.1,Dry,FAIL,33.758169934640534,-13.758169934640534,6.8
60,20,Poor,Fog,0.1,Wet,FAIL,37.362552864282975,-17.362552864282975,5.779999999999999
60,20,Poor,Fog,0.1,Slippery,FAIL,42.51167133520076,-22.51167133520076,4.76
60,20,Poor,Fog,0.15,Dry,FAIL,34.59150326797386,-14.591503267973863,6.8
60,20,Poor,Fog,0.15,Wet,FAIL,38.19588619761631,-18.19588619761631,5.779999999999999
60,20,Poor,Fog,0.15,Slippery,FAIL,43.34500466853409,-23.345004668534088,4.76
60,20,Poor,Fog,0.25,Dry,FAIL,36.25816993464053,-16.258169934640527,6.8
60,20,Poor,Fog,0.25,Wet,FAIL,39.862552864282975,-19.862552864282975,5.779999999999999
60,20,Poor,Fog,0.25,Slippery,FAIL,45.01167133520075,-25.011671335200752,4.76
60,30,Good,Clear,0,Dry,PASS,25.69444444444445,4.30555555555555,8.0
60,30,Good,Clear,0,Wet,PASS,28.758169934640527,1.2418300653594727,6.8
60,30,Good,Clear,0,Slippery,FAIL,33.13492063492064,-3.1349206349206398,5.6
60,30,Good,Clear,0.05,Dry,PASS,26.527777777777782,3.472222222222218,8.0
60,30,Good,Clear,0.05,Wet,PASS,29.591503267973863,0.408496732026137,6.8
60,30,Good,Clear,0.05,Slippery,FAIL,33.968253968253975,-3.9682539682539755,5.6
60,30,Good,Clear,0.1,Dry,PASS,27.361111111111114,2.6388888888888857,8.0
60,30,Good,Clear,0.1,Wet,FAIL,30.424836601307195,-0.42483660130719514,6.8
60,30,Good,Clear,0.1,Slippery,FAIL,34.801587301587304,-4.801587301587304,5.6
60,30,Good,Clear,0.15,Dry,PASS,28.19444444444445,1.80555555555555,8.0
60,30,Good,Clear,0.15,Wet,FAIL,31.258169934640527,-1.2581699346405273,6.8
60,30,Good,Clear,0.15,Slippery,FAIL,35.63492063492064,-5.63492063492064,5.6
60,30,Good,Clear,0.25,Dry,PASS,29.861111111111114,0.13888888888888573,8.0
60,30,Good,Clear,0.25,Wet,FAIL,32.92483660130719,-2.9248366013071916,6.8
60,30,Good,Clear,0.25,Slippery,FAIL,37.301587301587304,-7.301587301587304,5.6
60,30,Good,Rain,0,Dry,PASS,27.623456790123463,2.3765432098765373,7.2
60,30,Good,Rain,0,Wet,FAIL,31.027596223674657,-1.0275962236746565,6.12
60,30,Good,Rain,0,Slippery,FAIL,35.89065255731923,-5.890652557319228,5.04
60,30,Good,Rain,0.05,Dry,PASS,28.456790123456795,1.5432098765432052,7.2
60,30,Good,Rain,0.05,Wet,FAIL,31.860929557007992,-1.8609295570079922,6.12
60,30,Good,Rain,0.05,Slippery,FAIL,36.723985890652564,-6.723985890652564,5.04
60,30,Good,Rain,0.1,Dry,PASS,29.290123456790127,0.709876543209873,7.2
60,30,Good,Rain,0.1,Wet,FAIL,32.69426289034132,-2.694262890341321,6.12
60,30,Good,Rain,0.1,Slippery,FAIL,37.5573192239859,-7.5573192239859,5.04
60,30,Good,Rain,0.15,Dry,FAIL,30.123456790123463,-0.12345679012346267,7.2
60,30,Good,Rain,0.15,Wet,FAIL,33.52759622367466,-3.5275962236746565,6.12
60,30,Good,Rain,0.15,Slippery,FAIL,38.39065255731923,-8.390652557319228,5.04
60,30,Good,Rain,0.25,Dry,FAIL,31.790123456790127,-1.790123456790127,7.2
60,30,Good,Rain,0.25,Wet,FAIL,35.19426289034132,-5.194262890341321,6.12
60,30,Good,Rain,0.25,Slippery,FAIL,40.0573192239859,-10.0573192239859,5.04
60,30,Good,Fog,0,Dry,PASS,28.758169934640527,1.2418300653594727,6.8
60,30,Good,Fog,0,Wet,FAIL,32.362552864282975,-2.362552864282975,5.779999999999999
60,30,Good,Fog,0,Slippery,FAIL,37.51167133520075,-7.511671335200752,4.76
60,30,Good,Fog,0.05,Dry,PASS,29.591503267973863,0.408496732026137,6.8
60,30,Good,Fog,0.05,Wet,FAIL,33.19588619761631,-3.1958861976163107,5.779999999999999
60,30,Good,Fog,0.05,Slippery,FAIL,38.34500466853409,-8.345004668534088,4.76
60,30,Good,Fog,0.1,Dry,FAIL,30.424836601307195,-0.42483660130719514,6.8
60,30,Good,Fog,0.1,Wet,FAIL,34.029219530949646,-4.029219530949646,5.779999999999999
60,30,Good,Fog,0.1,Slippery,FAIL,39.17833800186742,-9.178338001867417,4.76
60,30,Good,Fog,0.15,Dry,FAIL,31.258169934640527,-1.2581699346405273,6.8
60,30,Good,Fog,0.15,Wet,FAIL,34.862552864282975,-4.862552864282975,5.779999999999999
60,30,Good,Fog,0.15,Slippery,FAIL,40.01167133520075,-10.011671335200752,4.76
60,30,Good,Fog,0.25,Dry,FAIL,32.92483660130719,-2.9248366013071916,6.8
60,30,Good,Fog,0.25,Wet,FAIL,36.529219530949646,-6.529219530949646,5.779999999999999
60,30,Good,Fog,0.25,Slippery,FAIL,41.67833800186742,-11.678338001867417,4.76
60,30,Moderate,Clear,0,Dry,PASS,27.361111111111114,2.6388888888888857,8.0
60,30,Moderate,Clear,0,Wet,FAIL,30.424836601307195,-0.42483660130719514,6.8
60,30,Moderate,Clear,0,Slippery,FAIL,34.801587301587304,-4.801587301587304,5.6
60,30,Moderate,Clear,0.05,Dry,PASS,28.19444444444445,1.80555555555555,8.0
60,30,Moderate,Clear,0.05,Wet,FAIL,31.258169934640527,-1.2581699346405273,6.8
60,30,Moderate,Clear,0.05,Slippery,FAIL,35.63492063492064,-5.63492063492064,5.6
60,30,Moderate,Clear,0.1,Dry,PASS,29.02777777777778,0.9722222222222214,8.0
60,30,Moderate,Clear,0.1,Wet,FAIL,32.09150326797386,-2.091503267973863,6.8
60,30,Moderate,Clear,0.1,Slippery,FAIL,36.468253968253975,-6.4682539682539755,5.6
60,30,Moderate,Clear,0.15,Dry,PASS,29.861111111111114,0.13888888888888573,8.0
60,30,Moderate,Clear,0.15,Wet,FAIL,32.92483660130719,-2.9248366013071916,6.8
60,30,Moderate,Clear,0.15,Slippery,FAIL,37.301587301587304,-7.301587301587304,5.6
60,30,Moderate,Clear,0.25,Dry,FAIL,31.527777777777782,-1.5277777777777821,8.0
60,30,Moderate,Clear,0.25,Wet,FAIL,34.59150326797386,-4.591503267973863,6.8
60,30,Moderate,Clear,0.25,Slippery,FAIL,38.968253968253975,-8.968253968253975,5.6
60,30,Moderate,Rain,0,Dry,PASS,29.290123456790127,0.709876543209873,7.2
60,30,Moderate,Rain,0,Wet,FAIL,32.69426289034132,-2.694262890341321,6.12
60,30,Moderate,Rain,0,Slippery,FAIL,37.5573192239859,-7.5573192239859,5.04
60,30,Moderate,Rain,0.05,Dry,FAIL,30.123456790123463,-0.12345679012346267,7.2
60,30,Moderate,Rain,0.05,Wet,FAIL,33.52759622367466,-3.5275962236746565,6.12
60,30,Moderate,Rain,0.05,Slippery,FAIL,38.39065255731923,-8.390652557319228,5.04
60,30,Moderate,Rain,0.1,Dry,FAIL,30.95679012345679,-0.9567901234567913,7.2
60,30,Moderate,Rain,0.1,Wet,FAIL,34.36092955700799,-4.360929557007992,6.12
60,30,Moderate,Rain,0.1,Slippery,FAIL,39.223985890652564,-9.223985890652564,5.04
60,30,Moderate,Rain,0.15,Dry,FAIL,31.790123456790127,-1.790123456790127,7.2
60,30,Moderate,Rain,0.15,Wet,FAIL,35.19426289034132,-5.194262890341321,6.12
60,30,Moderate,Rain,0.15,Slippery,FAIL,40.0573192239859,-10.0573192239859,5.04
60,30,Moderate,Rain,0.25,Dry,FAIL,33.4567901234568,-3.4567901234567984,7.2
60,30,Moderate,Rain,0.25,Wet,FAIL,36.86092955700799,-6.860929557007992,6.12
60,30,Moderate,Rain,0.25,Slippery,FAIL,41.723985890652564,-11.723985890652564,5.04
60,30,Moderate,Fog,0,Dry,FAIL,30.424836601307195,-0.42483660130719514,6.8
60,30,Moderate,Fog,0,Wet,FAIL,34.029219530949646,-4.029219530949646,5.779999999999999
60,30,Moderate,Fog,0,Slippery,FAIL,39.17833800186742,-9.178338001867417,4.76
60,30,Moderate,Fog,0.05,Dry,FAIL,31.258169934640527,-1.2581699346405273,6.8
60,30,Moderate,Fog,0.05,Wet,FAIL,34.862552864282975,-4.862552864282975,5.779999999999999
60,30,Moderate,Fog,0.05,Slippery,FAIL,40.01167133520075,-10.011671335200752,4.76
60,30,Moderate,Fog,0.1,Dry,FAIL,32.09150326797386,-2.091503267973863,6.8
60,30,Moderate,Fog,0.1,Wet,FAIL,35.69588619761631,-5.695886197616311,5.779999999999999
60,30,Moderate,Fog,0.1,Slippery,FAIL,40.84500466853409,-10.845004668534088,4.76
60,30,Moderate,Fog,0.15,Dry,FAIL,32.92483660130719,-2.9248366013071916,6.8
60,30,Moderate,Fog,0.15,Wet,FAIL,36.529219530949646,-6.529219530949646,5.779999999999999
60,30,Moderate,Fog,0.15,Slippery,FAIL,41.67833800186742,-11.678338001867417,4.76
60,30,Moderate,Fog,0.25,Dry,FAIL,34.59150326797386,-4.591503267973863,6.8
60,30,Moderate,Fog,0.25,Wet,FAIL,38.19588619761631,-8.19588619761631,5.779999999999999
60,30,Moderate,Fog,0.25,Slippery,FAIL,43.34500466853409,-13.345004668534088,4.76
60,30,Poor,Clear,0,Dry,PASS,29.02777777777778,0.9722222222222214,8.0
60,30,Poor,Clear,0,Wet,FAIL,32.09150326797386,-2.091503267973863,6.8
60,30,Poor,Clear,0,Slippery,FAIL,36.468253968253975,-6.4682539682539755,5.6
60,30,Poor,Clear,0.05,Dry,PASS,29.861111111111114,0.13888888888888573,8.0
60,30,Poor,Clear,0.05,Wet,FAIL,32.92483660130719,-2.9248366013071916,6.8
60,30,Poor,Clear,0.05,Slippery,FAIL,37.301587301587304,-7.301587301587304,5.6
60,30,Poor,Clear,0.1,Dry,FAIL,30.69444444444445,-0.69444444444445,8.0
60,30,Poor,Clear,0.1,Wet,FAIL,33.758169934640534,-3.7581699346405344,6.8
60,30,Poor,Clear,0.1,Slippery,FAIL,38.13492063492065,-8.134920634920647,5.6
60,30,Poor,Clear,0.15,Dry,FAIL,31.527777777777786,-1.5277777777777857,8.0
60,30,Poor,Clear,0.15,Wet,FAIL,34.59150326797386,-4.591503267973863,6.8
60,30,Poor,Clear,0.15,Slippery,FAIL,38.968253968253975,-8.968253968253975,5.6
60,30,Poor,Clear,0.25,Dry,FAIL,33.19444444444445,-3.19444444444445,8.0
60,30,Poor,Clear,0.25,Wet,FAIL,36.25816993464053,-6.258169934640527,6.8
60,30,Poor,Clear,0.25,Slippery,FAIL,40.63492063492064,-10.63492063492064,5.6
60,30,Poor,Rain,0,Dry,FAIL,30.95679012345679,-0.9567901234567913,7.2
60,30,Poor,Rain,0,Wet,FAIL,34.36092955700799,-4.360929557007992,6.12
60,30,Poor,Rain,0,Slippery,FAIL,39.223985890652564,-9.223985890652564,5.04
60,30,Poor,Rain,0.05,Dry,FAIL,31.790123456790127,-1.790123456790127,7.2
60,30,Poor,Rain,0.05,Wet,FAIL,35.19426289034132,-5.194262890341321,6.12
60,30,Poor,Rain,0.05,Slippery,FAIL,40.0573192239859,-10.0573192239859,5.04
60,30,Poor,Rain,0.1,Dry,FAIL,32.62345679012346,-2.6234567901234627,7.2
60,30,Poor,Rain,0.1,Wet,FAIL,36.027596223674664,-6.027596223674664,6.12
60,30,Poor,Rain,0.1,Slippery,FAIL,40.89065255731923,-10.890652557319228,5.04
60,30,Poor,Rain,0.15,Dry,FAIL,33.4567901234568,-3.4567901234567984,7.2
60,30,Poor,Rain,0.15,Wet,FAIL,36.86092955700799,-6.860929557007992,6.12
60,30,Poor,Rain,0.15,Slippery,FAIL,41.723985890652564,-11.723985890652564,5.04
60,30,Poor,Rain,0.25,Dry,FAIL,35.12345679012346,-5.123456790123463,7.2
60,30,Poor,Rain,0.25,Wet,FAIL,38.52759622367466,-8.527596223674657,6.12
60,30,Poor,Rain,0.25,Slippery,FAIL,43.39065255731923,-13.390652557319228,5.04
60,30,Poor,Fog,0,Dry,FAIL,32.09150326797386,-2.091503267973863,6.8
60,30,Poor,Fog,0,Wet,FAIL,35.69588619761631,-5.695886197616311,5.779999999999999
60,30,Poor,Fog,0,Slippery,FAIL,40.84500466853409,-10.845004668534088,4.76
60,30,Poor,Fog,0.05,Dry,FAIL,32.92483660130719,-2.9248366013071916,6.8
60,30,Poor,Fog,0.05,Wet,FAIL,36.529219530949646,-6.529219530949646,5.779999999999999
60,30,Poor,Fog,0.05,Slippery,FAIL,41.67833800186742,-11.678338001867417,4.76
60,30,Poor,Fog,0.1,Dry,FAIL,33.758169934640534,-3.7581699346405344,6.8
60,30,Poor,Fog,0.1,Wet,FAIL,37.362552864282975,-7.362552864282975,5.779999999999999
60,30,Poor,Fog,0.1,Slippery,FAIL,42.51167133520076,-12.51167133520076,4.76
60,30,Poor,Fog,0.15,Dry,FAIL,34.59150326797386,-4.591503267973863,6.8
60,30,Poor,Fog,0.15,Wet,FAIL,38.19588619761631,-8.19588619761631,5.779999999999999
60,30,Poor,Fog,0.15,Slippery,FAIL,43.34500466853409,-13.345004668534088,4.76
60,30,Poor,Fog,0.25,Dry,FAIL,36.25816993464053,-6.258169934640527,6.8
60,30,Poor,Fog,0.25,Wet,FAIL,39.862552864282975,-9.862552864282975,5.779999999999999
60,30,Poor,Fog,0.25,Slippery,FAIL,45.01167133520075,-15.011671335200752,4.76
80,5,Good,Clear,0,Dry,FAIL,41.9753086419753,-36.9753086419753,8.0
80,5,Good,Clear,0,Wet,FAIL,47.421931735657225,-42.421931735657225,6.8
80,5,Good,Clear,0,Slippery,FAIL,55.20282186948853,-50.20282186948853,5.6
80,5,Good,Clear,0.05,Dry,FAIL,43.08641975308642,-38.08641975308642,8.0
80,5,Good,Clear,0.05,Wet,FAIL,48.53304284676833,-43.53304284676833,6.8
80,5,Good,Clear,0.05,Slippery,FAIL,56.313932980599645,-51.313932980599645,5.6
80,5,Good,Clear,0.1,Dry,FAIL,44.19753086419753,-39.19753086419753,8.0
80,5,Good,Clear,0.1,Wet,FAIL,49.64415395787944,-44.64415395787944,6.8
80,5,Good,Clear,0.1,Slippery,FAIL,57.42504409171076,-52.42504409171076,5.6
80,5,Good,Clear,0.15,Dry,FAIL,45.30864197530864,-40.30864197530864,8.0
80,5,Good,Clear,0.15,Wet,FAIL,50.75526506899055,-45.75526506899055,6.8
80,5,Good,Clear,0.15,Slippery,FAIL,58.53615520282187,-53.53615520282187,5.6
80,5,Good,Clear,0.25,Dry,FAIL,47.53086419753086,-42.53086419753086,8.0
80,5,Good,Clear,0.25,Wet,FAIL,52.977487291212775,-47.977487291212775,6.8
80,5,Good,Clear,0.25,Slippery,FAIL,60.75837742504409,-55.75837742504409,5.6
80,5,Good,Rain,0,Dry,FAIL,45.40466392318244,-40.40466392318244,7.2
80,5,Good,Rain,0,Wet,FAIL,51.456467360606794,-46.456467360606794,6.12
80,5,Good,Rain,0,Slippery,FAIL,60.101900842641584,-55.101900842641584,5.04
80,5,Good,Rain,0.05,Dry,FAIL,46.51577503429355,-41.51577503429355,7.2
80,5,Good,Rain,0.05,Wet,FAIL,52.5675784717179,-47.5675784717179,6.12
80,5,Good,Rain,0.05,Slippery,FAIL,61.21301195375269,-56.21301195375269,5.04
80,5,Good,Rain,0.1,Dry,FAIL,47.626886145404654,-42.626886145404654,7.2
80,5,Good,Rain,0.1,Wet,FAIL,53.67868958282901,-48.67868958282901,6.12
80,5,Good,Rain,0.1,Slippery,FAIL,62.3241230648638,-57.3241230648638,5.04
80,5,Good,Rain,0.15,Dry,FAIL,48.73799725651577,-43.73799725651577,7.2
80,5,Good,Rain,0.15,Wet,FAIL,54.78980069394012,-49.78980069394012,6.12
80,5,Good,Rain,0.15,Slippery,FAIL,63.43523417597491,-58.43523417597491,5.04
80,5,Good,Rain,0.25,Dry,FAIL,50.96021947873799,-45.96021947873799,7.2
80,5,Good,Rain,0.25,Wet,FAIL,57.012022916162344,-52.012022916162344,6.12
80,5,Good,Rain,0.25,Slippery,FAIL,65.65745639819713,-60.65745639819713,5.04
80,5,Good,Fog,0,Dry,FAIL,47.421931735657225,-42.421931735657225,6.8
80,5,Good,Fog,0,Wet,FAIL,53.82972361057713,-48.82972361057713,5.779999999999999
80,5,Good,Fog,0,Slippery,FAIL,62.98371200331985,-57.98371200331985,4.76
80,5,Good,Fog,0.05,Dry,FAIL,48.53304284676833,-43.53304284676833,6.8
80,5,Good,Fog,0.05,Wet,FAIL,54.94083472168824,-49.94083472168824,5.779999999999999
80,5,Good,Fog,0.05,Slippery,FAIL,64.09482311443097,-59.094823114430966,4.76
80,5,Good,Fog,0.1,Dry,FAIL,49.64415395787944,-44.64415395787944,6.8
80,5,Good,Fog,0.1,Wet,FAIL,56.05194583279935,-51.05194583279935,5.779999999999999
80,5,Good,Fog,0.1,Slippery,FAIL,65.20593422554207,-60.205934225542066,4.76
80,5,Good,Fog,0.15,Dry,FAIL,50.75526506899055,-45.75526506899055,6.8
80,5,Good,Fog,0.15,Wet,FAIL,57.16305694391046,-52.16305694391046,5.779999999999999
80,5,Good,Fog,0.15,Slippery,FAIL,66.31704533665318,-61.31704533665318,4.76
80,5,Good,Fog,0.25,Dry,FAIL,52.977487291212775,-47.977487291212775,6.8
80,5,Good,Fog,0.25,Wet,FAIL,59.38527916613268,-54.38527916613268,5.779999999999999
80,5,Good,Fog,0.25,Slippery,FAIL,68.5392675588754,-63.539267558875395,4.76
80,5,Moderate,Clear,0,Dry,FAIL,44.19753086419753,-39.19753086419753,8.0
80,5,Moderate,Clear,0,Wet,FAIL,49.64415395787944,-44.64415395787944,6.8
80,5,Moderate,Clear,0,Slippery,FAIL,57.42504409171076,-52.42504409171076,5.6
80,5,Moderate,Clear,0.05,Dry,FAIL,45.30864197530864,-40.30864197530864,8.0
80,5,Moderate,Clear,0.05,Wet,FAIL,50.75526506899055,-45.75526506899055,6.8
80,5,Moderate,Clear,0.05,Slippery,FAIL,58.53615520282187,-53.53615520282187,5.6
80,5,Moderate,Clear,0.1,Dry,FAIL,46.419753086419746,-41.419753086419746,8.0
80,5,Moderate,Clear,0.1,Wet,FAIL,51.86637618010167,-46.86637618010167,6.8
80,5,Moderate,Clear,0.1,Slippery,FAIL,59.647266313932974,-54.647266313932974,5.6
80,5,Moderate,Clear,0.15,Dry,FAIL,47.53086419753086,-42.53086419753086,8.0
80,5,Moderate,Clear,0.15,Wet,FAIL,52.977487291212775,-47.977487291212775,6.8
80,5,Moderate,Clear,0.15,Slippery,FAIL,60.75837742504409,-55.75837742504409,5.6
80,5,Moderate,Clear,0.25,Dry,FAIL,49.75308641975309,-44.75308641975309,8.0
80,5,Moderate,Clear,0.25,Wet,FAIL,55.199709513434996,-50.199709513434996,6.8
80,5,Moderate,Clear,0.25,Slippery,FAIL,62.98059964726632,-57.98059964726632,5.6
80,5,Moderate,Rain,0,Dry,FAIL,47.626886145404654,-42.626886145404654,7.2
80,5,Moderate,Rain,0,Wet,FAIL,53.67868958282901,-48.67868958282901,6.12
80,5,Moderate,Rain,0,Slippery,FAIL,62.3241230648638,-57.3241230648638,5.04
80,5,Moderate,Rain,0.05,Dry,FAIL,48.73799725651577,-43.73799725651577,7.2
80,5,Moderate,Rain,0.05,Wet,FAIL,54.78980069394012,-49.78980069394012,6.12
80,5,Moderate,Rain,0.05,Slippery,FAIL,63.43523417597491,-58.43523417597491,5.04
80,5,Moderate,Rain,0.1,Dry,FAIL,49.84910836762688,-44.84910836762688,7.2
80,5,Moderate,Rain,0.1,Wet,FAIL,55.90091180505124,-50.90091180505124,6.12
80,5,Moderate,Rain,0.1,Slippery,FAIL,64.54634528708603,-59.54634528708603,5.04
80,5,Moderate,Rain,0.15,Dry,FAIL,50.96021947873799,-45.96021947873799,7.2
80,5,Moderate,Rain,0.15,Wet,FAIL,57.012022916162344,-52.012022916162344,6.12
80,5,Moderate,Rain,0.15,Slippery,FAIL,65.65745639819713,-60.65745639819713,5.04
80,5,Moderate,Rain,0.25,Dry,FAIL,53.18244170096021,-48.18244170096021,7.2
80,5,Moderate,Rain,0.25,Wet,FAIL,59.234245138384566,-54.234245138384566,6.12
80,5,Moderate,Rain,0.25,Slippery,FAIL,67.87967862041936,-62.879678620419355,5.04
80,5,Moderate,Fog,0,Dry,FAIL,49.64415395787944,-44.64415395787944,6.8
80,5,Moderate,Fog,0,Wet,FAIL,56.05194583279935,-51.05194583279935,5.779999999999999
80,5,Moderate,Fog,0,Slippery,FAIL,65.20593422554207,-60.205934225542066,4.76
80,5,Moderate,Fog,0.05,Dry,FAIL,50.75526506899055,-45.75526506899055,6.8
80,5,Moderate,Fog,0.05,Wet,FAIL,57.16305694391046,-52.16305694391046,5.779999999999999
80,5,Moderate,Fog,0.05,Slippery,FAIL,66.31704533665318,-61.31704533665318,4.76
80,5,Moderate,Fog,0.1,Dry,FAIL,51.86637618010167,-46.86637618010167,6.8
80,5,Moderate,Fog,0.1,Wet,FAIL,58.274168055021576,-53.274168055021576,5.779999999999999
80,5,Moderate,Fog,0.1,Slippery,FAIL,67.4281564477643,-62.428156447764295,4.76
80,5,Moderate,Fog,0.15,Dry,FAIL,52.977487291212775,-47.977487291212775,6.8
80,5,Moderate,Fog,0.15,Wet,FAIL,59.38527916613268,-54.38527916613268,5.779999999999999
80,5,Moderate,Fog,0.15,Slippery,FAIL,68.5392675588754,-63.539267558875395,4.76
80,5,Moderate,Fog,0.25,Dry,FAIL,55.199709513434996,-50.199709513434996,6.8
80,5,Moderate,Fog,0.25,Wet,FAIL,61.607501388354905,-56.607501388354905,5.779999999999999
80,5,Moderate,Fog,0.25,Slippery,FAIL,70.76148978109762,-65.76148978109762,4.76
80,5,Poor,Clear,0,Dry,FAIL,46.419753086419746,-41.419753086419746,8.0
80,5,Poor,Clear,0,Wet,FAIL,51.86637618010167,-46.86637618010167,6.8
80,5,Poor,Clear,0,Slippery,FAIL,59.647266313932974,-54.647266313932974,5.6
80,5,Poor,Clear,0.05,Dry,FAIL,47.53086419753086,-42.53086419753086,8.0
80,5,Poor,Clear,0.05,Wet,FAIL,52.977487291212775,-47.977487291212775,6.8
80,5,Poor,Clear,0.05,Slippery,FAIL,60.75837742504409,-55.75837742504409,5.6
80,5,Poor,Clear,0.1,Dry,FAIL,48.641975308641975,-43.641975308641975,8.0
80,5,Poor,Clear,0.1,Wet,FAIL,54.08859840232389,-49.08859840232389,6.8
80,5,Poor,Clear,0.1,Slippery,FAIL,61.8694885361552,-56.8694885361552,5.6
80,5,Poor,Clear,0.15,Dry,FAIL,49.75308641975309,-44.75308641975309,8.0
80,5,Poor,Clear,0.15,Wet,FAIL,55.199709513434996,-50.199709513434996,6.8
80,5,Poor,Clear,0.15,Slippery,FAIL,62.98059964726632,-57.98059964726632,5.6
80,5,Poor,Clear,0.25,Dry,FAIL,51.9753086419753,-46.9753086419753,8.0
80,5,Poor,Clear,0.25,Wet,FAIL,57.421931735657225,-52.421931735657225,6.8
80,5,Poor,Clear,0.25,Slippery,FAIL,65.20282186948853,-60.20282186948853,5.6
80,5,Poor,Rain,0,Dry,FAIL,49.84910836762688,-44.84910836762688,7.2
80,5,Poor,Rain,0,Wet,FAIL,55.90091180505124,-50.90091180505124,6.12
80,5,Poor,Rain,0,Slippery,FAIL,64.54634528708603,-59.54634528708603,5.04
80,5,Poor,Rain,0.05,Dry,FAIL,50.96021947873799,-45.96021947873799,7.2
80,5,Poor,Rain,0.05,Wet,FAIL,57.012022916162344,-52.012022916162344,6.12
80,5,Poor,Rain,0.05,Slippery,FAIL,65.65745639819713,-60.65745639819713,5.04
80,5,Poor,Rain,0.1,Dry,FAIL,52.071330589849104,-47.071330589849104,7.2
80,5,Poor,Rain,0.1,Wet,FAIL,58.12313402727346,-53.12313402727346,6.12
80,5,Poor,Rain,0.1,Slippery,FAIL,66.76856750930824,-61.76856750930824,5.04
80,5,Poor,Rain,0.15,Dry,FAIL,53.18244170096021,-48.18244170096021,7.2
80,5,Poor,Rain,0.15,Wet,FAIL,59.234245138384566,-54.234245138384566,6.12
80,5,Poor,Rain,0.15,Slippery,FAIL,67.87967862041936,-62.879678620419355,5.04
80,5,Poor,Rain,0.25,Dry,FAIL,55.40466392318244,-50.40466392318244,7.2
80,5,Poor,Rain,0.25,Wet,FAIL,61.456467360606794,-56.456467360606794,6.12
80,5,Poor,Rain,0.25,Slippery,FAIL,70.10190084264158,-65.10190084264158,5.04
80,5,Poor,Fog,0,Dry,FAIL,51.86637618010167,-46.86637618010167,6.8
80,5,Poor,Fog,0,Wet,FAIL,58.274168055021576,-53.274168055021576,5.779999999999999
80,5,Poor,Fog,0,Slippery,FAIL,67.4281564477643,-62.428156447764295,4.76
80,5,Poor,Fog,0.05,Dry,FAIL,52.977487291212775,-47.977487291212775,6.8
80,5,Poor,Fog,0.05,Wet,FAIL,59.38527916613268,-54.38527916613268,5.779999999999999
80,5,Poor,Fog,0.05,Slippery,FAIL,68.5392675588754,-63.539267558875395,4.76
80,5,Poor,Fog,0.1,Dry,FAIL,54.08859840232389,-49.08859840232389,6.8
80,5,Poor,Fog,0.1,Wet,FAIL,60.4963902772438,-55.4963902772438,5.779999999999999
80,5,Poor,Fog,0.1,Slippery,FAIL,69.65037866998651,-64.65037866998651,4.76
80,5,Poor,Fog,0.15,Dry,FAIL,55.199709513434996,-50.199709513434996,6.8
80,5,Poor,Fog,0.15,Wet,FAIL,61.607501388354905,-56.607501388354905,5.779999999999999
80,5,Poor,Fog,0.15,Slippery,FAIL,70.76148978109762,-65.76148978109762,4.76
80,5,Poor,Fog,0.25,Dry,FAIL,57.421931735657225,-52.421931735657225,6.8
80,5,Poor,Fog,0.25,Wet,FAIL,63.82972361057713,-58.82972361057713,5.779999999999999
80,5,Poor,Fog,0.25,Slippery,FAIL,72.98371200331985,-67.98371200331985,4.76
80,10,Good,Clear,0,Dry,FAIL,41.9753086419753,-31.975308641975303,8.0
80,10,Good,Clear,0,Wet,FAIL,47.421931735657225,-37.421931735657225,6.8
80,10,Good,Clear,0,Slippery,FAIL,55.20282186948853,-45.20282186948853,5.6
80,10,Good,Clear,0.05,Dry,FAIL,43.08641975308642,-33.08641975308642,8.0
80,10,Good,Clear,0.05,Wet,FAIL,48.53304284676833,-38.53304284676833,6.8
80,10,Good,Clear,0.05,Slippery,FAIL,56.313932980599645,-46.313932980599645,5.6
80,10,Good,Clear,0.1,Dry,FAIL,44.19753086419753,-34.19753086419753,8.0
80,10,Good,Clear,0.1,Wet,FAIL,49.64415395787944,-39.64415395787944,6.8
80,10,Good,Clear,0.1,Slippery,FAIL,57.42504409171076,-47.42504409171076,5.6
80,10,Good,Clear,0.15,Dry,FAIL,45.30864197530864,-35.30864197530864,8.0
80,10,Good,Clear,0.15,Wet,FAIL,50.75526506899055,-40.75526506899055,6.8
80,10,Good,Clear,0.15,Slippery,FAIL,58.53615520282187,-48.53615520282187,5.6
80,10,Good,Clear,0.25,Dry,FAIL,47.53086419753086,-37.53086419753086,8.0
80,10,Good,Clear,0.25,Wet,FAIL,52.977487291212775,-42.977487291212775,6.8
80,10,Good,Clear,0.25,Slippery,FAIL,60.75837742504409,-50.75837742504409,5.6
80,10,Good,Rain,0,Dry,FAIL,45.40466392318244,-35.40466392318244,7.2
80,10,Good,Rain,0,Wet,FAIL,51.456467360606794,-41.456467360606794,6.12
80,10,Good,Rain,0,Slippery,FAIL,60.101900842641584,-50.101900842641584,5.04
80,10,Good,Rain,0.05,Dry,FAIL,46.51577503429355,-36.51577503429355,7.2
80,10,Good,Rain,0.05,Wet,FAIL,52.5675784717179,-42.5675784717179,6.12
80,10,Good,Rain,0.05,Slippery,FAIL,61.21301195375269,-51.21301195375269,5.04
80,10,Good,Rain,0.1,Dry,FAIL,47.626886145404654,-37.626886145404654,7.2
80,10,Good,Rain,0.1,Wet,FAIL,53.67868958282901,-43.67868958282901,6.12
80,10,Good,Rain,0.1,Slippery,FAIL,62.3241230648638,-52.3241230648638,5.04
80,10,Good,Rain,0.15,Dry,FAIL,48.73799725651577,-38.73799725651577,7.2
80,10,Good,Rain,0.15,Wet,FAIL,54.78980069394012,-44.78980069394012,6.12
80,10,Good,Rain,0.15,Slippery,FAIL,63.43523417597491,-53.43523417597491,5.04
80,10,Good,Rain,0.25,Dry,FAIL,50.96021947873799,-40.96021947873799,7.2
80,10,Good,Rain,0.25,Wet,FAIL,57.012022916162344,-47.012022916162344,6.12
80,10,Good,Rain,0.25,Slippery,FAIL,65.65745639819713,-55.65745639819713,5.04
80,10,Good,Fog,0,Dry,FAIL,47.421931735657225,-37.421931735657225,6.8
80,10,Good,Fog,0,Wet,FAIL,53.82972361057713,-43.82972361057713,5.779999999999999
80,10,Good,Fog,0,Slippery,FAIL,62.98371200331985,-52.98371200331985,4.76
80,10,Good,Fog,0.05,Dry,FAIL,48.53304284676833,-38.53304284676833,6.8
80,10,Good,Fog,0.05,Wet,FAIL,54.94083472168824,-44.94083472168824,5.779999999999999
80,10,Good,Fog,0.05,Slippery,FAIL,64.09482311443097,-54.094823114430966,4.76
80,10,Good,Fog,0.1,Dry,FAIL,49.64415395787944,-39.64415395787944,6.8
80,10,Good,Fog,0.1,Wet,FAIL,56.05194583279935,-46.05194583279935,5.779999999999999
80,10,Good,Fog,0.1,Slippery,FAIL,65.20593422554207,-55.205934225542066,4.76
80,10,Good,Fog,0.15,Dry,FAIL,50.75526506899055,-40.75526506899055,6.8
80,10,Good,Fog,0.15,Wet,FAIL,57.16305694391046,-47.16305694391046,5.779999999999999
80,10,Good,Fog,0.15,Slippery,FAIL,66.31704533665318,-56.31704533665318,4.76
80,10,Good,Fog,0.25,Dry,FAIL,52.977487291212775,-42.977487291212775,6.8
80,10,Good,Fog,0.25,Wet,FAIL,59.38527916613268,-49.38527916613268,5.779999999999999
80,10,Good,Fog,0.25,Slippery,FAIL,68.5392675588754,-58.539267558875395,4.76
80,10,Moderate,Clear,0,Dry,FAIL,44.19753086419753,-34.19753086419753,8.0
80,10,Moderate,Clear,0,Wet,FAIL,49.64415395787944,-39.64415395787944,6.8
80,10,Moderate,Clear,0,Slippery,FAIL,57.42504409171076,-47.42504409171076,5.6
80,10,Moderate,Clear,0.05,Dry,FAIL,45.30864197530864,-35.30864197530864,8.0
80,10,Moderate,Clear,0.05,Wet,FAIL,50.75526506899055,-40.75526506899055,6.8
80,10,Moderate,Clear,0.05,Slippery,FAIL,58.53615520282187,-48.53615520282187,5.6
80,10,Moderate,Clear,0.1,Dry,FAIL,46.419753086419746,-36.419753086419746,8.0
80,10,Moderate,Clear,0.1,Wet,FAIL,51.86637618010167,-41.86637618010167,6.8
80,10,Moderate,Clear,0.1,Slippery,FAIL,59.647266313932974,-49.647266313932974,5.6
80,10,Moderate,Clear,0.15,Dry,FAIL,47.53086419753086,-37.53086419753086,8.0
80,10,Moderate,Clear,0.15,Wet,FAIL,52.977487291212775,-42.977487291212775,6.8
80,10,Moderate,Clear,0.15,Slippery,FAIL,60.75837742504409,-50.75837742504409,5.6
80,10,Moderate,Clear,0.25,Dry,FAIL,49.75308641975309,-39.75308641975309,8.0
80,10,Moderate,Clear,0.25,Wet,FAIL,55.199709513434996,-45.199709513434996,6.8
80,10,Moderate,Clear,0.25,Slippery,FAIL,62.98059964726632,-52.98059964726632,5.6
80,10,Moderate,Rain,0,Dry,FAIL,47.626886145404654,-37.626886145404654,7.2
80,10,Moderate,Rain,0,Wet,FAIL,53.67868958282901,-43.67868958282901,6.12
80,10,Moderate,Rain,0,Slippery,FAIL,62.3241230648638,-52.3241230648638,5.04
80,10,Moderate,Rain,0.05,Dry,FAIL,48.73799725651577,-38.73799725651577,7.2
80,10,Moderate,Rain,0.05,Wet,FAIL,54.78980069394012,-44.78980069394012,6.12
80,10,Moderate,Rain,0.05,Slippery,FAIL,63.43523417597491,-53.43523417597491,5.04
80,10,Moderate,Rain,0.1,Dry,FAIL,49.84910836762688,-39.84910836762688,7.2
80,10,Moderate,Rain,0.1,Wet,FAIL,55.90091180505124,-45.90091180505124,6.12
80,10,Moderate,Rain,0.1,Slippery,FAIL,64.54634528708603,-54.54634528708603,5.04
80,10,Moderate,Rain,0.15,Dry,FAIL,50.96021947873799,-40.96021947873799,7.2
80,10,Moderate,Rain,0.15,Wet,FAIL,57.012022916162344,-47.012022916162344,6.12
80,10,Moderate,Rain,0.15,Slippery,FAIL,65.65745639819713,-55.65745639819713,5.04
80,10,Moderate,Rain,0.25,Dry,FAIL,53.18244170096021,-43.18244170096021,7.2
80,10,Moderate,Rain,0.25,Wet,FAIL,59.234245138384566,-49.234245138384566,6.12
80,10,Moderate,Rain,0.25,Slippery,FAIL,67.87967862041936,-57.879678620419355,5.04
80,10,Moderate,Fog,0,Dry,FAIL,49.64415395787944,-39.64415395787944,6.8
80,10,Moderate,Fog,0,Wet,FAIL,56.05194583279935,-46.05194583279935,5.779999999999999
80,10,Moderate,Fog,0,Slippery,FAIL,65.20593422554207,-55.205934225542066,4.76
80,10,Moderate,Fog,0.05,Dry,FAIL,50.75526506899055,-40.75526506899055,6.8
80,10,Moderate,Fog,0.05,Wet,FAIL,57.16305694391046,-47.16305694391046,5.779999999999999
80,10,Moderate,Fog,0.05,Slippery,FAIL,66.31704533665318,-56.31704533665318,4.76
80,10,Moderate,Fog,0.1,Dry,FAIL,51.86637618010167,-41.86637618010167,6.8
80,10,Moderate,Fog,0.1,Wet,FAIL,58.274168055021576,-48.274168055021576,5.779999999999999
80,10,Moderate,Fog,0.1,Slippery,FAIL,67.4281564477643,-57.428156447764295,4.76
80,10,Moderate,Fog,0.15,Dry,FAIL,52.977487291212775,-42.977487291212775,6.8
80,10,Moderate,Fog,0.15,Wet,FAIL,59.38527916613268,-49.38527916613268,5.779999999999999
80,10,Moderate,Fog,0.15,Slippery,FAIL,68.5392675588754,-58.539267558875395,4.76
80,10,Moderate,Fog,0.25,Dry,FAIL,55.199709513434996,-45.199709513434996,6.8
80,10,Moderate,Fog,0.25,Wet,FAIL,61.607501388354905,-51.607501388354905,5.779999999999999
80,10,Moderate,Fog,0.25,Slippery,FAIL,70.76148978109762,-60.76148978109762,4.76
80,10,Poor,Clear,0,Dry,FAIL,46.419753086419746,-36.419753086419746,8.0
80,10,Poor,Clear,0,Wet,FAIL,51.86637618010167,-41.86637618010167,6.8
80,10,Poor,Clear,0,Slippery,FAIL,59.647266313932974,-49.647266313932974,5.6
80,10,Poor,Clear,0.05,Dry,FAIL,47.53086419753086,-37.53086419753086,8.0
80,10,Poor,Clear,0.05,Wet,FAIL,52.977487291212775,-42.977487291212775,6.8
80,10,Poor,Clear,0.05,Slippery,FAIL,60.75837742504409,-50.75837742504409,5.6
80,10,Poor,Clear,0.1,Dry,FAIL,48.641975308641975,-38.641975308641975,8.0
80,10,Poor,Clear,0.1,Wet,FAIL,54.08859840232389,-44.08859840232389,6.8
80,10,Poor,Clear,0.1,Slippery,FAIL,61.8694885361552,-51.8694885361552,5.6
80,10,Poor,Clear,0.15,Dry,FAIL,49.75308641975309,-39.75308641975309,8.0
80,10,Poor,Clear,0.15,Wet,FAIL,55.199709513434996,-45.199709513434996,6.8
80,10,Poor,Clear,0.15,Slippery,FAIL,62.98059964726632,-52.98059964726632,5.6
80,10,Poor,Clear,0.25,Dry,FAIL,51.9753086419753,-41.9753086419753,8.0
80,10,Poor,Clear,0.25,Wet,FAIL,57.421931735657225,-47.421931735657225,6.8
80,10,Poor,Clear,0.25,Slippery,FAIL,65.20282186948853,-55.20282186948853,5.6
80,10,Poor,Rain,0,Dry,FAIL,49.84910836762688,-39.84910836762688,7.2
80,10,Poor,Rain,0,Wet,FAIL,55.90091180505124,-45.90091180505124,6.12
80,10,Poor,Rain,0,Slippery,FAIL,64.54634528708603,-54.54634528708603,5.04
80,10,Poor,Rain,0.05,Dry,FAIL,50.96021947873799,-40.96021947873799,7.2
80,10,Poor,Rain,0.05,Wet,FAIL,57.012022916162344,-47.012022916162344,6.12
80,10,Poor,Rain,0.05,Slippery,FAIL,65.65745639819713,-55.65745639819713,5.04
80,10,Poor,Rain,0.1,Dry,FAIL,52.071330589849104,-42.071330589849104,7.2
80,10,Poor,Rain,0.1,Wet,FAIL,58.12313402727346,-48.12313402727346,6.12
80,10,Poor,Rain,0.1,Slippery,FAIL,66.76856750930824,-56.76856750930824,5.04
80,10,Poor,Rain,0.15,Dry,FAIL,53.18244170096021,-43.18244170096021,7.2
80,10,Poor,Rain,0.15,Wet,FAIL,59.234245138384566,-49.234245138384566,6.12
80,10,Poor,Rain,0.15,Slippery,FAIL,67.87967862041936,-57.879678620419355,5.04
80,10,Poor,Rain,0.25,Dry,FAIL,55.40466392318244,-45.40466392318244,7.2
80,10,Poor,Rain,0.25,Wet,FAIL,61.456467360606794,-51.456467360606794,6.12
80,10,Poor,Rain,0.25,Slippery,FAIL,70.10190084264158,-60.101900842641584,5.04
80,10,Poor,Fog,0,Dry,FAIL,51.86637618010167,-41.86637618010167,6.8
80,10,Poor,Fog,0,Wet,FAIL,58.274168055021576,-48.274168055021576,5.779999999999999
80,10,Poor,Fog,0,Slippery,FAIL,67.4281564477643,-57.428156447764295,4.76
80,10,Poor,Fog,0.05,Dry,FAIL,52.977487291212775,-42.977487291212775,6.8
80,10,Poor,Fog,0.05,Wet,FAIL,59.38527916613268,-49.38527916613268,5.779999999999999
80,10,Poor,Fog,0.05,Slippery,FAIL,68.5392675588754,-58.539267558875395,4.76
80,10,Poor,Fog,0.1,Dry,FAIL,54.08859840232389,-44.08859840232389,6.8
80,10,Poor,Fog,0.1,Wet,FAIL,60.4963902772438,-50.4963902772438,5.779999999999999
80,10,Poor,Fog,0.1,Slippery,FAIL,69.65037866998651,-59.65037866998651,4.76
80,10,Poor,Fog,0.15,Dry,FAIL,55.199709513434996,-45.199709513434996,6.8
80,10,Poor,Fog,0.15,Wet,FAIL,61.607501388354905,-51.607501388354905,5.779999999999999
80,10,Poor,Fog,0.15,Slippery,FAIL,70.76148978109762,-60.76148978109762,4.76
80,10,Poor,Fog,0.25,Dry,FAIL,57.421931735657225,-47.421931735657225,6.8
80,10,Poor,Fog,0.25,Wet,FAIL,63.82972361057713,-53.82972361057713,5.779999999999999
80,10,Poor,Fog,0.25,Slippery,FAIL,72.98371200331985,-62.98371200331985,4.76
80,15,Good,Clear,0,Dry,FAIL,41.9753086419753,-26.975308641975303,8.0
80,15,Good,Clear,0,Wet,FAIL,47.421931735657225,-32.421931735657225,6.8
80,15,Good,Clear,0,Slippery,FAIL,55.20282186948853,-40.20282186948853,5.6
80,15,Good,Clear,0.05,Dry,FAIL,43.08641975308642,-28.086419753086417,8.0
80,15,Good,Clear,0.05,Wet,FAIL,48.53304284676833,-33.53304284676833,6.8
80,15,Good,Clear,0.05,Slippery,FAIL,56.313932980599645,-41.313932980599645,5.6
80,15,Good,Clear,0.1,Dry,FAIL,44.19753086419753,-29.19753086419753,8.0
80,15,Good,Clear,0.1,Wet,FAIL,49.64415395787944,-34.64415395787944,6.8
80,15,Good,Clear,0.1,Slippery,FAIL,57.42504409171076,-42.42504409171076,5.6
80,15,Good,Clear,0.15,Dry,FAIL,45.30864197530864,-30.30864197530864,8.0
80,15,Good,Clear,0.15,Wet,FAIL,50.75526506899055,-35.75526506899055,6.8
80,15,Good,Clear,0.15,Slippery,FAIL,58.53615520282187,-43.53615520282187,5.6
80,15,Good,Clear,0.25,Dry,FAIL,47.53086419753086,-32.53086419753086,8.0
80,15,Good,Clear,0.25,Wet,FAIL,52.977487291212775,-37.977487291212775,6.8
80,15,Good,Clear,0.25,Slippery,FAIL,60.75837742504409,-45.75837742504409,5.6
80,15,Good,Rain,0,Dry,FAIL,45.40466392318244,-30.40466392318244,7.2
80,15,Good,Rain,0,Wet,FAIL,51.456467360606794,-36.456467360606794,6.12
80,15,Good,Rain,0,Slippery,FAIL,60.101900842641584,-45.101900842641584,5.04
80,15,Good,Rain,0.05,Dry,FAIL,46.51577503429355,-31.515775034293547,7.2
80,15,Good,Rain,0.05,Wet,FAIL,52.5675784717179,-37.5675784717179,6.12
80,15,Good,Rain,0.05,Slippery,FAIL,61.21301195375269,-46.21301195375269,5.04
80,15,Good,Rain,0.1,Dry,FAIL,47.626886145404654,-32.626886145404654,7.2
80,15,Good,Rain,0.1,Wet,FAIL,53.67868958282901,-38.67868958282901,6.12
80,15,Good,Rain,0.1,Slippery,FAIL,62.3241230648638,-47.3241230648638,5.04
80,15,Good,Rain,0.15,Dry,FAIL,48.73799725651577,-33.73799725651577,7.2
80,15,Good,Rain,0.15,Wet,FAIL,54.78980069394012,-39.78980069394012,6.12
80,15,Good,Rain,0.15,Slippery,FAIL,63.43523417597491,-48.43523417597491,5.04
80,15,Good,Rain,0.25,Dry,FAIL,50.96021947873799,-35.96021947873799,7.2
80,15,Good,Rain,0.25,Wet,FAIL,57.012022916162344,-42.012022916162344,6.12
80,15,Good,Rain,0.25,Slippery,FAIL,65.65745639819713,-50.65745639819713,5.04
80,15,Good,Fog,0,Dry,FAIL,47.421931735657225,-32.421931735657225,6.8
80,15,Good,Fog,0,Wet,FAIL,53.82972361057713,-38.82972361057713,5.779999999999999
80,15,Good,Fog,0,Slippery,FAIL,62.98371200331985,-47.98371200331985,4.76
80,15,Good,Fog,0.05,Dry,FAIL,48.53304284676833,-33.53304284676833,6.8
80,15,Good,Fog,0.05,Wet,FAIL,54.94083472168824,-39.94083472168824,5.779999999999999
80,15,Good,Fog,0.05,Slippery,FAIL,64.09482311443097,-49.094823114430966,4.76
80,15,Good,Fog,0.1,Dry,FAIL,49.64415395787944,-34.64415395787944,6.8
80,15,Good,Fog,0.1,Wet,FAIL,56.05194583279935,-41.05194583279935,5.779999999999999
80,15,Good,Fog,0.1,Slippery,FAIL,65.20593422554207,-50.205934225542066,4.76
80,15,Good,Fog,0.15,Dry,FAIL,50.75526506899055,-35.75526506899055,6.8
80,15,Good,Fog,0.15,Wet,FAIL,57.16305694391046,-42.16305694391046,5.779999999999999
80,15,Good,Fog,0.15,Slippery,FAIL,66.31704533665318,-51.31704533665318,4.76
80,15,Good,Fog,0.25,Dry,FAIL,52.977487291212775,-37.977487291212775,6.8
80,15,Good,Fog,0.25,Wet,FAIL,59.38527916613268,-44.38527916613268,5.779999999999999
80,15,Good,Fog,0.25,Slippery,FAIL,68.5392675588754,-53.539267558875395,4.76
80,15,Moderate,Clear,0,Dry,FAIL,44.19753086419753,-29.19753086419753,8.0
80,15,Moderate,Clear,0,Wet,FAIL,49.64415395787944,-34.64415395787944,6.8
80,15,Moderate,Clear,0,Slippery,FAIL,57.42504409171076,-42.42504409171076,5.6
80,15,Moderate,Clear,0.05,Dry,FAIL,45.30864197530864,-30.30864197530864,8.0
80,15,Moderate,Clear,0.05,Wet,FAIL,50.75526506899055,-35.75526506899055,6.8
80,15,Moderate,Clear,0.05,Slippery,FAIL,58.53615520282187,-43.53615520282187,5.6
80,15,Moderate,Clear,0.1,Dry,FAIL,46.419753086419746,-31.419753086419746,8.0
80,15,Moderate,Clear,0.1,Wet,FAIL,51.86637618010167,-36.86637618010167,6.8
80,15,Moderate,Clear,0.1,Slippery,FAIL,59.647266313932974,-44.647266313932974,5.6
80,15,Moderate,Clear,0.15,Dry,FAIL,47.53086419753086,-32.53086419753086,8.0
80,15,Moderate,Clear,0.15,Wet,FAIL,52.977487291212775,-37.977487291212775,6.8
80,15,Moderate,Clear,0.15,Slippery,FAIL,60.75837742504409,-45.75837742504409,5.6
80,15,Moderate,Clear,0.25,Dry,FAIL,49.75308641975309,-34.75308641975309,8.0
80,15,Moderate,Clear,0.25,Wet,FAIL,55.199709513434996,-40.199709513434996,6.8
80,15,Moderate,Clear,0.25,Slippery,FAIL,62.98059964726632,-47.98059964726632,5.6
80,15,Moderate,Rain,0,Dry,FAIL,47.626886145404654,-32.626886145404654,7.2
80,15,Moderate,Rain,0,Wet,FAIL,53.67868958282901,-38.67868958282901,6.12
80,15,Moderate,Rain,0,Slippery,FAIL,62.3241230648638,-47.3241230648638,5.04
80,15,Moderate,Rain,0.05,Dry,FAIL,48.73799725651577,-33.73799725651577,7.2
80,15,Moderate,Rain,0.05,Wet,FAIL,54.78980069394012,-39.78980069394012,6.12
80,15,Moderate,Rain,0.05,Slippery,FAIL,63.43523417597491,-48.43523417597491,5.04
80,15,Moderate,Rain,0.1,Dry,FAIL,49.84910836762688,-34.84910836762688,7.2
80,15,Moderate,Rain,0.1,Wet,FAIL,55.90091180505124,-40.90091180505124,6.12
80,15,Moderate,Rain,0.1,Slippery,FAIL,64.54634528708603,-49.54634528708603,5.04
80,15,Moderate,Rain,0.15,Dry,FAIL,50.96021947873799,-35.96021947873799,7.2
80,15,Moderate,Rain,0.15,Wet,FAIL,57.012022916162344,-42.012022916162344,6.12
80,15,Moderate,Rain,0.15,Slippery,FAIL,65.65745639819713,-50.65745639819713,5.04
80,15,Moderate,Rain,0.25,Dry,FAIL,53.18244170096021,-38.18244170096021,7.2
80,15,Moderate,Rain,0.25,Wet,FAIL,59.234245138384566,-44.234245138384566,6.12
80,15,Moderate,Rain,0.25,Slippery,FAIL,67.87967862041936,-52.879678620419355,5.04
80,15,Moderate,Fog,0,Dry,FAIL,49.64415395787944,-34.64415395787944,6.8
80,15,Moderate,Fog,0,Wet,FAIL,56.05194583279935,-41.05194583279935,5.779999999999999
80,15,Moderate,Fog,0,Slippery,FAIL,65.20593422554207,-50.205934225542066,4.76
80,15,Moderate,Fog,0.05,Dry,FAIL,50.75526506899055,-35.75526506899055,6.8
80,15,Moderate,Fog,0.05,Wet,FAIL,57.16305694391046,-42.16305694391046,5.779999999999999
80,15,Moderate,Fog,0.05,Slippery,FAIL,66.31704533665318,-51.31704533665318,4.76
80,15,Moderate,Fog,0.1,Dry,FAIL,51.86637618010167,-36.86637618010167,6.8
80,15,Moderate,Fog,0.1,Wet,FAIL,58.274168055021576,-43.274168055021576,5.779999999999999
80,15,Moderate,Fog,0.1,Slippery,FAIL,67.4281564477643,-52.428156447764295,4.76
80,15,Moderate,Fog,0.15,Dry,FAIL,52.977487291212775,-37.977487291212775,6.8
80,15,Moderate,Fog,0.15,Wet,FAIL,59.38527916613268,-44.38527916613268,5.779999999999999
80,15,Moderate,Fog,0.15,Slippery,FAIL,68.5392675588754,-53.539267558875395,4.76
80,15,Moderate,Fog,0.25,Dry,FAIL,55.199709513434996,-40.199709513434996,6.8
80,15,Moderate,Fog,0.25,Wet,FAIL,61.607501388354905,-46.607501388354905,5.779999999999999
80,15,Moderate,Fog,0.25,Slippery,FAIL,70.76148978109762,-55.76148978109762,4.76
80,15,Poor,Clear,0,Dry,FAIL,46.419753086419746,-31.419753086419746,8.0
80,15,Poor,Clear,0,Wet,FAIL,51.86637618010167,-36.86637618010167,6.8
80,15,Poor,Clear,0,Slippery,FAIL,59.647266313932974,-44.647266313932974,5.6
80,15,Poor,Clear,0.05,Dry,FAIL,47.53086419753086,-32.53086419753086,8.0
80,15,Poor,Clear,0.05,Wet,FAIL,52.977487291212775,-37.977487291212775,6.8
80,15,Poor,Clear,0.05,Slippery,FAIL,60.75837742504409,-45.75837742504409,5.6
80,15,Poor,Clear,0.1,Dry,FAIL,48.641975308641975,-33.641975308641975,8.0
80,15,Poor,Clear,0.1,Wet,FAIL,54.08859840232389,-39.08859840232389,6.8
80,15,Poor,Clear,0.1,Slippery,FAIL,61.8694885361552,-46.8694885361552,5.6
80,15,Poor,Clear,0.15,Dry,FAIL,49.75308641975309,-34.75308641975309,8.0
80,15,Poor,Clear,0.15,Wet,FAIL,55.199709513434996,-40.199709513434996,6.8
80,15,Poor,Clear,0.15,Slippery,FAIL,62.98059964726632,-47.98059964726632,5.6
80,15,Poor,Clear,0.25,Dry,FAIL,51.9753086419753,-36.9753086419753,8.0
80,15,Poor,Clear,0.25,Wet,FAIL,57.421931735657225,-42.421931735657225,6.8
80,15,Poor,Clear,0.25,Slippery,FAIL,65.20282186948853,-50.20282186948853,5.6
80,15,Poor,Rain,0,Dry,FAIL,49.84910836762688,-34.84910836762688,7.2
80,15,Poor,Rain,0,Wet,FAIL,55.90091180505124,-40.90091180505124,6.12
80,15,Poor,Rain,0,Slippery,FAIL,64.54634528708603,-49.54634528708603,5.04
80,15,Poor,Rain,0.05,Dry,FAIL,50.96021947873799,-35.96021947873799,7.2
80,15,Poor,Rain,0.05,Wet,FAIL,57.012022916162344,-42.012022916162344,6.12
80,15,Poor,Rain,0.05,Slippery,FAIL,65.65745639819713,-50.65745639819713,5.04
80,15,Poor,Rain,0.1,Dry,FAIL,52.071330589849104,-37.071330589849104,7.2
80,15,Poor,Rain,0.1,Wet,FAIL,58.12313402727346,-43.12313402727346,6.12
80,15,Poor,Rain,0.1,Slippery,FAIL,66.76856750930824,-51.76856750930824,5.04
80,15,Poor,Rain,0.15,Dry,FAIL,53.18244170096021,-38.18244170096021,7.2
80,15,Poor,Rain,0.15,Wet,FAIL,59.234245138384566,-44.234245138384566,6.12
80,15,Poor,Rain,0.15,Slippery,FAIL,67.87967862041936,-52.879678620419355,5.04
80,15,Poor,Rain,0.25,Dry,FAIL,55.40466392318244,-40.40466392318244,7.2
80,15,Poor,Rain,0.25,Wet,FAIL,61.456467360606794,-46.456467360606794,6.12
80,15,Poor,Rain,0.25,Slippery,FAIL,70.10190084264158,-55.101900842641584,5.04
80,15,Poor,Fog,0,Dry,FAIL,51.86637618010167,-36.86637618010167,6.8
80,15,Poor,Fog,0,Wet,FAIL,58.274168055021576,-43.274168055021576,5.779999999999999
80,15,Poor,Fog,0,Slippery,FAIL,67.4281564477643,-52.428156447764295,4.76
80,15,Poor,Fog,0.05,Dry,FAIL,52.977487291212775,-37.977487291212775,6.8
80,15,Poor,Fog,0.05,Wet,FAIL,59.38527916613268,-44.38527916613268,5.779999999999999
80,15,Poor,Fog,0.05,Slippery,FAIL,68.5392675588754,-53.539267558875395,4.76
80,15,Poor,Fog,0.1,Dry,FAIL,54.08859840232389,-39.08859840232389,6.8
80,15,Poor,Fog,0.1,Wet,FAIL,60.4963902772438,-45.4963902772438,5.779999999999999
80,15,Poor,Fog,0.1,Slippery,FAIL,69.65037866998651,-54.65037866998651,4.76
80,15,Poor,Fog,0.15,Dry,FAIL,55.199709513434996,-40.199709513434996,6.8
80,15,Poor,Fog,0.15,Wet,FAIL,61.607501388354905,-46.607501388354905,5.779999999999999
80,15,Poor,Fog,0.15,Slippery,FAIL,70.76148978109762,-55.76148978109762,4.76
80,15,Poor,Fog,0.25,Dry,FAIL,57.421931735657225,-42.421931735657225,6.8
80,15,Poor,Fog,0.25,Wet,FAIL,63.82972361057713,-48.82972361057713,5.779999999999999
80,15,Poor,Fog,0.25,Slippery,FAIL,72.98371200331985,-57.98371200331985,4.76
80,20,Good,Clear,0,Dry,FAIL,41.9753086419753,-21.975308641975303,8.0
80,20,Good,Clear,0,Wet,FAIL,47.421931735657225,-27.421931735657225,6.8
80,20,Good,Clear,0,Slippery,FAIL,55.20282186948853,-35.20282186948853,5.6
80,20,Good,Clear,0.05,Dry,FAIL,43.08641975308642,-23.086419753086417,8.0
80,20,Good,Clear,0.05,Wet,FAIL,48.53304284676833,-28.533042846768332,6.8
80,20,Good,Clear,0.05,Slippery,FAIL,56.313932980599645,-36.313932980599645,5.6
80,20,Good,Clear,0.1,Dry,FAIL,44.19753086419753,-24.19753086419753,8.0
80,20,Good,Clear,0.1,Wet,FAIL,49.64415395787944,-29.64415395787944,6.8
80,20,Good,Clear,0.1,Slippery,FAIL,57.42504409171076,-37.42504409171076,5.6
80,20,Good,Clear,0.15,Dry,FAIL,45.30864197530864,-25.30864197530864,8.0
80,20,Good,Clear,0.15,Wet,FAIL,50.75526506899055,-30.755265068990553,6.8
80,20,Good,Clear,0.15,Slippery,FAIL,58.53615520282187,-38.53615520282187,5.6
80,20,Good,Clear,0.25,Dry,FAIL,47.53086419753086,-27.53086419753086,8.0
80,20,Good,Clear,0.25,Wet,FAIL,52.977487291212775,-32.977487291212775,6.8
80,20,Good,Clear,0.25,Slippery,FAIL,60.75837742504409,-40.75837742504409,5.6
80,20,Good,Rain,0,Dry,FAIL,45.40466392318244,-25.40466392318244,7.2
80,20,Good,Rain,0,Wet,FAIL,51.456467360606794,-31.456467360606794,6.12
80,20,Good,Rain,0,Slippery,FAIL,60.101900842641584,-40.101900842641584,5.04
80,20,Good,Rain,0.05,Dry,FAIL,46.51577503429355,-26.515775034293547,7.2
80,20,Good,Rain,0.05,Wet,FAIL,52.5675784717179,-32.5675784717179,6.12
80,20,Good,Rain,0.05,Slippery,FAIL,61.21301195375269,-41.21301195375269,5.04
80,20,Good,Rain,0.1,Dry,FAIL,47.626886145404654,-27.626886145404654,7.2
80,20,Good,Rain,0.1,Wet,FAIL,53.67868958282901,-33.67868958282901,6.12
80,20,Good,Rain,0.1,Slippery,FAIL,62.3241230648638,-42.3241230648638,5.04
80,20,Good,Rain,0.15,Dry,FAIL,48.73799725651577,-28.73799725651577,7.2
80,20,Good,Rain,0.15,Wet,FAIL,54.78980069394012,-34.78980069394012,6.12
80,20,Good,Rain,0.15,Slippery,FAIL,63.43523417597491,-43.43523417597491,5.04
80,20,Good,Rain,0.25,Dry,FAIL,50.96021947873799,-30.96021947873799,7.2
80,20,Good,Rain,0.25,Wet,FAIL,57.012022916162344,-37.012022916162344,6.12
80,20,Good,Rain,0.25,Slippery,FAIL,65.65745639819713,-45.65745639819713,5.04
80,20,Good,Fog,0,Dry,FAIL,47.421931735657225,-27.421931735657225,6.8
80,20,Good,Fog,0,Wet,FAIL,53.82972361057713,-33.82972361057713,5.779999999999999
80,20,Good,Fog,0,Slippery,FAIL,62.98371200331985,-42.98371200331985,4.76
80,20,Good,Fog,0.05,Dry,FAIL,48.53304284676833,-28.533042846768332,6.8
80,20,Good,Fog,0.05,Wet,FAIL,54.94083472168824,-34.94083472168824,5.779999999999999
80,20,Good,Fog,0.05,Slippery,FAIL,64.09482311443097,-44.094823114430966,4.76
80,20,Good,Fog,0.1,Dry,FAIL,49.64415395787944,-29.64415395787944,6.8
80,20,Good,Fog,0.1,Wet,FAIL,56.05194583279935,-36.05194583279935,5.779999999999999
80,20,Good,Fog,0.1,Slippery,FAIL,65.20593422554207,-45.205934225542066,4.76
80,20,Good,Fog,0.15,Dry,FAIL,50.75526506899055,-30.755265068990553,6.8
80,20,Good,Fog,0.15,Wet,FAIL,57.16305694391046,-37.16305694391046,5.779999999999999
80,20,Good,Fog,0.15,Slippery,FAIL,66.31704533665318,-46.31704533665318,4.76
80,20,Good,Fog,0.25,Dry,FAIL,52.977487291212775,-32.977487291212775,6.8
80,20,Good,Fog,0.25,Wet,FAIL,59.38527916613268,-39.38527916613268,5.779999999999999
80,20,Good,Fog,0.25,Slippery,FAIL,68.5392675588754,-48.539267558875395,4.76
80,20,Moderate,Clear,0,Dry,FAIL,44.19753086419753,-24.19753086419753,8.0
80,20,Moderate,Clear,0,Wet,FAIL,49.64415395787944,-29.64415395787944,6.8
80,20,Moderate,Clear,0,Slippery,FAIL,57.42504409171076,-37.42504409171076,5.6
80,20,Moderate,Clear,0.05,Dry,FAIL,45.30864197530864,-25.30864197530864,8.0
80,20,Moderate,Clear,0.05,Wet,FAIL,50.75526506899055,-30.755265068990553,6.8
80,20,Moderate,Clear,0.05,Slippery,FAIL,58.53615520282187,-38.53615520282187,5.6
80,20,Moderate,Clear,0.1,Dry,FAIL,46.419753086419746,-26.419753086419746,8.0
80,20,Moderate,Clear,0.1,Wet,FAIL,51.86637618010167,-31.866376180101668,6.8
80,20,Moderate,Clear,0.1,Slippery,FAIL,59.647266313932974,-39.647266313932974,5.6
80,20,Moderate,Clear,0.15,Dry,FAIL,47.53086419753086,-27.53086419753086,8.0
80,20,Moderate,Clear,0.15,Wet,FAIL,52.977487291212775,-32.977487291212775,6.8
80,20,Moderate,Clear,0.15,Slippery,FAIL,60.75837742504409,-40.75837742504409,5.6
80,20,Moderate,Clear,0.25,Dry,FAIL,49.75308641975309,-29.75308641975309,8.0
80,20,Moderate,Clear,0.25,Wet,FAIL,55.199709513434996,-35.199709513434996,6.8
80,20,Moderate,Clear,0.25,Slippery,FAIL,62.98059964726632,-42.98059964726632,5.6
80,20,Moderate,Rain,0,Dry,FAIL,47.626886145404654,-27.626886145404654,7.2
80,20,Moderate,Rain,0,Wet,FAIL,53.67868958282901,-33.67868958282901,6.12
80,20,Moderate,Rain,0,Slippery,FAIL,62.3241230648638,-42.3241230648638,5.04
80,20,Moderate,Rain,0.05,Dry,FAIL,48.73799725651577,-28.73799725651577,7.2
80,20,Moderate,Rain,0.05,Wet,FAIL,54.78980069394012,-34.78980069394012,6.12
80,20,Moderate,Rain,0.05,Slippery,FAIL,63.43523417597491,-43.43523417597491,5.04
80,20,Moderate,Rain,0.1,Dry,FAIL,49.84910836762688,-29.849108367626883,7.2
80,20,Moderate,Rain,0.1,Wet,FAIL,55.90091180505124,-35.90091180505124,6.12
80,20,Moderate,Rain,0.1,Slippery,FAIL,64.54634528708603,-44.54634528708603,5.04
80,20,Moderate,Rain,0.15,Dry,FAIL,50.96021947873799,-30.96021947873799,7.2
80,20,Moderate,Rain,0.15,Wet,FAIL,57.012022916162344,-37.012022916162344,6.12
80,20,Moderate,Rain,0.15,Slippery,FAIL,65.65745639819713,-45.65745639819713,5.04
80,20,Moderate,Rain,0.25,Dry,FAIL,53.18244170096021,-33.18244170096021,7.2
80,20,Moderate,Rain,0.25,Wet,FAIL,59.234245138384566,-39.234245138384566,6.12
80,20,Moderate,Rain,0.25,Slippery,FAIL,67.87967862041936,-47.879678620419355,5.04
80,20,Moderate,Fog,0,Dry,FAIL,49.64415395787944,-29.64415395787944,6.8
80,20,Moderate,Fog,0,Wet,FAIL,56.05194583279935,-36.05194583279935,5.779999999999999
80,20,Moderate,Fog,0,Slippery,FAIL,65.20593422554207,-45.205934225542066,4.76
80,20,Moderate,Fog,0.05,Dry,FAIL,50.75526506899055,-30.755265068990553,6.8
80,20,Moderate,Fog,0.05,Wet,FAIL,57.16305694391046,-37.16305694391046,5.779999999999999
80,20,Moderate,Fog,0.05,Slippery,FAIL,66.31704533665318,-46.31704533665318,4.76
80,20,Moderate,Fog,0.1,Dry,FAIL,51.86637618010167,-31.866376180101668,6.8
80,20,Moderate,Fog,0.1,Wet,FAIL,58.274168055021576,-38.274168055021576,5.779999999999999
80,20,Moderate,Fog,0.1,Slippery,FAIL,67.4281564477643,-47.428156447764295,4.76
80,20,Moderate,Fog,0.15,Dry,FAIL,52.977487291212775,-32.977487291212775,6.8
80,20,Moderate,Fog,0.15,Wet,FAIL,59.38527916613268,-39.38527916613268,5.779999999999999
80,20,Moderate,Fog,0.15,Slippery,FAIL,68.5392675588754,-48.539267558875395,4.76
80,20,Moderate,Fog,0.25,Dry,FAIL,55.199709513434996,-35.199709513434996,6.8
80,20,Moderate,Fog,0.25,Wet,FAIL,61.607501388354905,-41.607501388354905,5.779999999999999
80,20,Moderate,Fog,0.25,Slippery,FAIL,70.76148978109762,-50.76148978109762,4.76
80,20,Poor,Clear,0,Dry,FAIL,46.419753086419746,-26.419753086419746,8.0
80,20,Poor,Clear,0,Wet,FAIL,51.86637618010167,-31.866376180101668,6.8
80,20,Poor,Clear,0,Slippery,FAIL,59.647266313932974,-39.647266313932974,5.6
80,20,Poor,Clear,0.05,Dry,FAIL,47.53086419753086,-27.53086419753086,8.0
80,20,Poor,Clear,0.05,Wet,FAIL,52.977487291212775,-32.977487291212775,6.8
80,20,Poor,Clear,0.05,Slippery,FAIL,60.75837742504409,-40.75837742504409,5.6
80,20,Poor,Clear,0.1,Dry,FAIL,48.641975308641975,-28.641975308641975,8.0
80,20,Poor,Clear,0.1,Wet,FAIL,54.08859840232389,-34.08859840232389,6.8
80,20,Poor,Clear,0.1,Slippery,FAIL,61.8694885361552,-41.8694885361552,5.6
80,20,Poor,Clear,0.15,Dry,FAIL,49.75308641975309,-29.75308641975309,8.0
80,20,Poor,Clear,0.15,Wet,FAIL,55.199709513434996,-35.199709513434996,6.8
80,20,Poor,Clear,0.15,Slippery,FAIL,62.98059964726632,-42.98059964726632,5.6
80,20,Poor,Clear,0.25,Dry,FAIL,51.9753086419753,-31.975308641975303,8.0
80,20,Poor,Clear,0.25,Wet,FAIL,57.421931735657225,-37.421931735657225,6.8
80,20,Poor,Clear,0.25,Slippery,FAIL,65.20282186948853,-45.20282186948853,5.6
80,20,Poor,Rain,0,Dry,FAIL,49.84910836762688,-29.849108367626883,7.2
80,20,Poor,Rain,0,Wet,FAIL,55.90091180505124,-35.90091180505124,6.12
80,20,Poor,Rain,0,Slippery,FAIL,64.54634528708603,-44.54634528708603,5.04
80,20,Poor,Rain,0.05,Dry,FAIL,50.96021947873799,-30.96021947873799,7.2
80,20,Poor,Rain,0.05,Wet,FAIL,57.012022916162344,-37.012022916162344,6.12
80,20,Poor,Rain,0.05,Slippery,FAIL,65.65745639819713,-45.65745639819713,5.04
80,20,Poor,Rain,0.1,Dry,FAIL,52.071330589849104,-32.071330589849104,7.2
80,20,Poor,Rain,0.1,Wet,FAIL,58.12313402727346,-38.12313402727346,6.12
80,20,Poor,Rain,0.1,Slippery,FAIL,66.76856750930824,-46.76856750930824,5.04
80,20,Poor,Rain,0.15,Dry,FAIL,53.18244170096021,-33.18244170096021,7.2
80,20,Poor,Rain,0.15,Wet,FAIL,59.234245138384566,-39.234245138384566,6.12
80,20,Poor,Rain,0.15,Slippery,FAIL,67.87967862041936,-47.879678620419355,5.04
80,20,Poor,Rain,0.25,Dry,FAIL,55.40466392318244,-35.40466392318244,7.2
80,20,Poor,Rain,0.25,Wet,FAIL,61.456467360606794,-41.456467360606794,6.12
80,20,Poor,Rain,0.25,Slippery,FAIL,70.10190084264158,-50.101900842641584,5.04
80,20,Poor,Fog,0,Dry,FAIL,51.86637618010167,-31.866376180101668,6.8
80,20,Poor,Fog,0,Wet,FAIL,58.274168055021576,-38.274168055021576,5.779999999999999
80,20,Poor,Fog,0,Slippery,FAIL,67.4281564477643,-47.428156447764295,4.76
80,20,Poor,Fog,0.05,Dry,FAIL,52.977487291212775,-32.977487291212775,6.8
80,20,Poor,Fog,0.05,Wet,FAIL,59.38527916613268,-39.38527916613268,5.779999999999999
80,20,Poor,Fog,0.05,Slippery,FAIL,68.5392675588754,-48.539267558875395,4.76
80,20,Poor,Fog,0.1,Dry,FAIL,54.08859840232389,-34.08859840232389,6.8
80,20,Poor,Fog,0.1,Wet,FAIL,60.4963902772438,-40.4963902772438,5.779999999999999
80,20,Poor,Fog,0.1,Slippery,FAIL,69.65037866998651,-49.65037866998651,4.76
80,20,Poor,Fog,0.15,Dry,FAIL,55.199709513434996,-35.199709513434996,6.8
80,20,Poor,Fog,0.15,Wet,FAIL,61.607501388354905,-41.607501388354905,5.779999999999999
80,20,Poor,Fog,0.15,Slippery,FAIL,70.76148978109762,-50.76148978109762,4.76
80,20,Poor,Fog,0.25,Dry,FAIL,57.421931735657225,-37.421931735657225,6.8
80,20,Poor,Fog,0.25,Wet,FAIL,63.82972361057713,-43.82972361057713,5.779999999999999
80,20,Poor,Fog,0.25,Slippery,FAIL,72.98371200331985,-52.98371200331985,4.76
80,30,Good,Clear,0,Dry,FAIL,41.9753086419753,-11.975308641975303,8.0
80,30,Good,Clear,0,Wet,FAIL,47.421931735657225,-17.421931735657225,6.8
80,30,Good,Clear,0,Slippery,FAIL,55.20282186948853,-25.20282186948853,5.6
80,30,Good,Clear,0.05,Dry,FAIL,43.08641975308642,-13.086419753086417,8.0
80,30,Good,Clear,0.05,Wet,FAIL,48.53304284676833,-18.533042846768332,6.8
80,30,Good,Clear,0.05,Slippery,FAIL,56.313932980599645,-26.313932980599645,5.6
80,30,Good,Clear,0.1,Dry,FAIL,44.19753086419753,-14.197530864197532,8.0
80,30,Good,Clear,0.1,Wet,FAIL,49.64415395787944,-19.64415395787944,6.8
80,30,Good,Clear,0.1,Slippery,FAIL,57.42504409171076,-27.42504409171076,5.6
80,30,Good,Clear,0.15,Dry,FAIL,45.30864197530864,-15.308641975308639,8.0
80,30,Good,Clear,0.15,Wet,FAIL,50.75526506899055,-20.755265068990553,6.8
80,30,Good,Clear,0.15,Slippery,FAIL,58.53615520282187,-28.536155202821867,5.6
80,30,Good,Clear,0.25,Dry,FAIL,47.53086419753086,-17.53086419753086,8.0
80,30,Good,Clear,0.25,Wet,FAIL,52.977487291212775,-22.977487291212775,6.8
80,30,Good,Clear,0.25,Slippery,FAIL,60.75837742504409,-30.75837742504409,5.6
80,30,Good,Rain,0,Dry,FAIL,45.40466392318244,-15.40466392318244,7.2
80,30,Good,Rain,0,Wet,FAIL,51.456467360606794,-21.456467360606794,6.12
80,30,Good,Rain,0,Slippery,FAIL,60.101900842641584,-30.101900842641584,5.04
80,30,Good,Rain,0.05,Dry,FAIL,46.51577503429355,-16.515775034293547,7.2
80,30,Good,Rain,0.05,Wet,FAIL,52.5675784717179,-22.5675784717179,6.12
80,30,Good,Rain,0.05,Slippery,FAIL,61.21301195375269,-31.21301195375269,5.04
80,30,Good,Rain,0.1,Dry,FAIL,47.626886145404654,-17.626886145404654,7.2
80,30,Good,Rain,0.1,Wet,FAIL,53.67868958282901,-23.67868958282901,6.12
80,30,Good,Rain,0.1,Slippery,FAIL,62.3241230648638,-32.3241230648638,5.04
80,30,Good,Rain,0.15,Dry,FAIL,48.73799725651577,-18.73799725651577,7.2
80,30,Good,Rain,0.15,Wet,FAIL,54.78980069394012,-24.789800693940123,6.12
80,30,Good,Rain,0.15,Slippery,FAIL,63.43523417597491,-33.43523417597491,5.04
80,30,Good,Rain,0.25,Dry,FAIL,50.96021947873799,-20.96021947873799,7.2
80,30,Good,Rain,0.25,Wet,FAIL,57.012022916162344,-27.012022916162344,6.12
80,30,Good,Rain,0.25,Slippery,FAIL,65.65745639819713,-35.65745639819713,5.04
80,30,Good,Fog,0,Dry,FAIL,47.421931735657225,-17.421931735657225,6.8
80,30,Good,Fog,0,Wet,FAIL,53.82972361057713,-23.829723610577133,5.779999999999999
80,30,Good,Fog,0,Slippery,FAIL,62.98371200331985,-32.98371200331985,4.76
80,30,Good,Fog,0.05,Dry,FAIL,48.53304284676833,-18.533042846768332,6.8
80,30,Good,Fog,0.05,Wet,FAIL,54.94083472168824,-24.94083472168824,5.779999999999999
80,30,Good,Fog,0.05,Slippery,FAIL,64.09482311443097,-34.094823114430966,4.76
80,30,Good,Fog,0.1,Dry,FAIL,49.64415395787944,-19.64415395787944,6.8
80,30,Good,Fog,0.1,Wet,FAIL,56.05194583279935,-26.051945832799348,5.779999999999999
80,30,Good,Fog,0.1,Slippery,FAIL,65.20593422554207,-35.205934225542066,4.76
80,30,Good,Fog,0.15,Dry,FAIL,50.75526506899055,-20.755265068990553,6.8
80,30,Good,Fog,0.15,Wet,FAIL,57.16305694391046,-27.163056943910462,5.779999999999999
80,30,Good,Fog,0.15,Slippery,FAIL,66.31704533665318,-36.31704533665318,4.76
80,30,Good,Fog,0.25,Dry,FAIL,52.977487291212775,-22.977487291212775,6.8
80,30,Good,Fog,0.25,Wet,FAIL,59.38527916613268,-29.385279166132683,5.779999999999999
80,30,Good,Fog,0.25,Slippery,FAIL,68.5392675588754,-38.539267558875395,4.76
80,30,Moderate,Clear,0,Dry,FAIL,44.19753086419753,-14.197530864197532,8.0
80,30,Moderate,Clear,0,Wet,FAIL,49.64415395787944,-19.64415395787944,6.8
80,30,Moderate,Clear,0,Slippery,FAIL,57.42504409171076,-27.42504409171076,5.6
80,30,Moderate,Clear,0.05,Dry,FAIL,45.30864197530864,-15.308641975308639,8.0
80,30,Moderate,Clear,0.05,Wet,FAIL,50.75526506899055,-20.755265068990553,6.8
80,30,Moderate,Clear,0.05,Slippery,FAIL,58.53615520282187,-28.536155202821867,5.6
80,30,Moderate,Clear,0.1,Dry,FAIL,46.419753086419746,-16.419753086419746,8.0
80,30,Moderate,Clear,0.1,Wet,FAIL,51.86637618010167,-21.866376180101668,6.8
80,30,Moderate,Clear,0.1,Slippery,FAIL,59.647266313932974,-29.647266313932974,5.6
80,30,Moderate,Clear,0.15,Dry,FAIL,47.53086419753086,-17.53086419753086,8.0
80,30,Moderate,Clear,0.15,Wet,FAIL,52.977487291212775,-22.977487291212775,6.8
80,30,Moderate,Clear,0.15,Slippery,FAIL,60.75837742504409,-30.75837742504409,5.6
80,30,Moderate,Clear,0.25,Dry,FAIL,49.75308641975309,-19.75308641975309,8.0
80,30,Moderate,Clear,0.25,Wet,FAIL,55.199709513434996,-25.199709513434996,6.8
80,30,Moderate,Clear,0.25,Slippery,FAIL,62.98059964726632,-32.98059964726632,5.6
80,30,Moderate,Rain,0,Dry,FAIL,47.626886145404654,-17.626886145404654,7.2
80,30,Moderate,Rain,0,Wet,FAIL,53.67868958282901,-23.67868958282901,6.12
80,30,Moderate,Rain,0,Slippery,FAIL,62.3241230648638,-32.3241230648638,5.04
80,30,Moderate,Rain,0.05,Dry,FAIL,48.73799725651577,-18.73799725651577,7.2
80,30,Moderate,Rain,0.05,Wet,FAIL,54.78980069394012,-24.789800693940123,6.12
80,30,Moderate,Rain,0.05,Slippery,FAIL,63.43523417597491,-33.43523417597491,5.04
80,30,Moderate,Rain,0.1,Dry,FAIL,49.84910836762688,-19.849108367626883,7.2
80,30,Moderate,Rain,0.1,Wet,FAIL,55.90091180505124,-25.900911805051237,6.12
80,30,Moderate,Rain,0.1,Slippery,FAIL,64.54634528708603,-34.54634528708603,5.04
80,30,Moderate,Rain,0.15,Dry,FAIL,50.96021947873799,-20.96021947873799,7.2
80,30,Moderate,Rain,0.15,Wet,FAIL,57.012022916162344,-27.012022916162344,6.12
80,30,Moderate,Rain,0.15,Slippery,FAIL,65.65745639819713,-35.65745639819713,5.04
80,30,Moderate,Rain,0.25,Dry,FAIL,53.18244170096021,-23.18244170096021,7.2
80,30,Moderate,Rain,0.25,Wet,FAIL,59.234245138384566,-29.234245138384566,6.12
80,30,Moderate,Rain,0.25,Slippery,FAIL,67.87967862041936,-37.879678620419355,5.04
80,30,Moderate,Fog,0,Dry,FAIL,49.64415395787944,-19.64415395787944,6.8
80,30,Moderate,Fog,0,Wet,FAIL,56.05194583279935,-26.051945832799348,5.779999999999999
80,30,Moderate,Fog,0,Slippery,FAIL,65.20593422554207,-35.205934225542066,4.76
80,30,Moderate,Fog,0.05,Dry,FAIL,50.75526506899055,-20.755265068990553,6.8
80,30,Moderate,Fog,0.05,Wet,FAIL,57.16305694391046,-27.163056943910462,5.779999999999999
80,30,Moderate,Fog,0.05,Slippery,FAIL,66.31704533665318,-36.31704533665318,4.76
80,30,Moderate,Fog,0.1,Dry,FAIL,51.86637618010167,-21.866376180101668,6.8
80,30,Moderate,Fog,0.1,Wet,FAIL,58.274168055021576,-28.274168055021576,5.779999999999999
80,30,Moderate,Fog,0.1,Slippery,FAIL,67.4281564477643,-37.428156447764295,4.76
80,30,Moderate,Fog,0.15,Dry,FAIL,52.977487291212775,-22.977487291212775,6.8
80,30,Moderate,Fog,0.15,Wet,FAIL,59.38527916613268,-29.385279166132683,5.779999999999999
80,30,Moderate,Fog,0.15,Slippery,FAIL,68.5392675588754,-38.539267558875395,4.76
80,30,Moderate,Fog,0.25,Dry,FAIL,55.199709513434996,-25.199709513434996,6.8
80,30,Moderate,Fog,0.25,Wet,FAIL,61.607501388354905,-31.607501388354905,5.779999999999999
80,30,Moderate,Fog,0.25,Slippery,FAIL,70.76148978109762,-40.76148978109762,4.76
80,30,Poor,Clear,0,Dry,FAIL,46.419753086419746,-16.419753086419746,8.0
80,30,Poor,Clear,0,Wet,FAIL,51.86637618010167,-21.866376180101668,6.8
80,30,Poor,Clear,0,Slippery,FAIL,59.647266313932974,-29.647266313932974,5.6
80,30,Poor,Clear,0.05,Dry,FAIL,47.53086419753086,-17.53086419753086,8.0
80,30,Poor,Clear,0.05,Wet,FAIL,52.977487291212775,-22.977487291212775,6.8
80,30,Poor,Clear,0.05,Slippery,FAIL,60.75837742504409,-30.75837742504409,5.6
80,30,Poor,Clear,0.1,Dry,FAIL,48.641975308641975,-18.641975308641975,8.0
80,30,Poor,Clear,0.1,Wet,FAIL,54.08859840232389,-24.08859840232389,6.8
80,30,Poor,Clear,0.1,Slippery,FAIL,61.8694885361552,-31.869488536155202,5.6
80,30,Poor,Clear,0.15,Dry,FAIL,49.75308641975309,-19.75308641975309,8.0
80,30,Poor,Clear,0.15,Wet,FAIL,55.199709513434996,-25.199709513434996,6.8
80,30,Poor,Clear,0.15,Slippery,FAIL,62.98059964726632,-32.98059964726632,5.6
80,30,Poor,Clear,0.25,Dry,FAIL,51.9753086419753,-21.975308641975303,8.0
80,30,Poor,Clear,0.25,Wet,FAIL,57.421931735657225,-27.421931735657225,6.8
80,30,Poor,Clear,0.25,Slippery,FAIL,65.20282186948853,-35.20282186948853,5.6
80,30,Poor,Rain,0,Dry,FAIL,49.84910836762688,-19.849108367626883,7.2
80,30,Poor,Rain,0,Wet,FAIL,55.90091180505124,-25.900911805051237,6.12
80,30,Poor,Rain,0,Slippery,FAIL,64.54634528708603,-34.54634528708603,5.04
80,30,Poor,Rain,0.05,Dry,FAIL,50.96021947873799,-20.96021947873799,7.2
80,30,Poor,Rain,0.05,Wet,FAIL,57.012022916162344,-27.012022916162344,6.12
80,30,Poor,Rain,0.05,Slippery,FAIL,65.65745639819713,-35.65745639819713,5.04
80,30,Poor,Rain,0.1,Dry,FAIL,52.071330589849104,-22.071330589849104,7.2
80,30,Poor,Rain,0.1,Wet,FAIL,58.12313402727346,-28.12313402727346,6.12
80,30,Poor,Rain,0.1,Slippery,FAIL,66.76856750930824,-36.76856750930824,5.04
80,30,Poor,Rain,0.15,Dry,FAIL,53.18244170096021,-23.18244170096021,7.2
80,30,Poor,Rain,0.15,Wet,FAIL,59.234245138384566,-29.234245138384566,6.12
80,30,Poor,Rain,0.15,Slippery,FAIL,67.87967862041936,-37.879678620419355,5.04
80,30,Poor,Rain,0.25,Dry,FAIL,55.40466392318244,-25.40466392318244,7.2
80,30,Poor,Rain,0.25,Wet,FAIL,61.456467360606794,-31.456467360606794,6.12
80,30,Poor,Rain,0.25,Slippery,FAIL,70.10190084264158,-40.101900842641584,5.04
80,30,Poor,Fog,0,Dry,FAIL,51.86637618010167,-21.866376180101668,6.8
80,30,Poor,Fog,0,Wet,FAIL,58.274168055021576,-28.274168055021576,5.779999999999999
80,30,Poor,Fog,0,Slippery,FAIL,67.4281564477643,-37.428156447764295,4.76
80,30,Poor,Fog,0.05,Dry,FAIL,52.977487291212775,-22.977487291212775,6.8
80,30,Poor,Fog,0.05,Wet,FAIL,59.38527916613268,-29.385279166132683,5.779999999999999
80,30,Poor,Fog,0.05,Slippery,FAIL,68.5392675588754,-38.539267558875395,4.76
80,30,Poor,Fog,0.1,Dry,FAIL,54.08859840232389,-24.08859840232389,6.8
80,30,Poor,Fog,0.1,Wet,FAIL,60.4963902772438,-30.496390277243798,5.779999999999999
80,30,Poor,Fog,0.1,Slippery,FAIL,69.65037866998651,-39.65037866998651,4.76
80,30,Poor,Fog,0.15,Dry,FAIL,55.199709513434996,-25.199709513434996,6.8
80,30,Poor,Fog,0.15,Wet,FAIL,61.607501388354905,-31.607501388354905,5.779999999999999
80,30,Poor,Fog,0.15,Slippery,FAIL,70.76148978109762,-40.76148978109762,4.76
80,30,Poor,Fog,0.25,Dry,FAIL,57.421931735657225,-27.421931735657225,6.8
80,30,Poor,Fog,0.25,Wet,FAIL,63.82972361057713,-33.82972361057713,5.779999999999999
80,30,Poor,Fog,0.25,Slippery,FAIL,72.98371200331985,-42.98371200331985,4.76
100,5,Good,Clear,0,Dry,FAIL,62.1141975308642,-57.1141975308642,8.0
100,5,Good,Clear,0,Wet,FAIL,70.6245461147422,-65.6245461147422,6.8
100,5,Good,Clear,0,Slippery,FAIL,82.78218694885362,-77.78218694885362,5.6
100,5,Good,Clear,0.05,Dry,FAIL,63.50308641975309,-58.50308641975309,8.0
100,5,Good,Clear,0.05,Wet,FAIL,72.01343500363109,-67.01343500363109,6.8
100,5,Good,Clear,0.05,Slippery,FAIL,84.1710758377425,-79.1710758377425,5.6
100,5,Good,Clear,0.1,Dry,FAIL,64.89197530864197,-59.891975308641975,8.0
100,5,Good,Clear,0.1,Wet,FAIL,73.40232389251997,-68.40232389251997,6.8
100,5,Good,Clear,0.1,Slippery,FAIL,85.5599647266314,-80.5599647266314,5.6
100,5,Good,Clear,0.15,Dry,FAIL,66.28086419753086,-61.28086419753086,8.0
100,5,Good,Clear,0.15,Wet,FAIL,74.79121278140886,-69.79121278140886,6.8
100,5,Good,Clear,0.15,Slippery,FAIL,86.94885361552029,-81.94885361552029,5.6
100,5,Good,Clear,0.25,Dry,FAIL,69.05864197530865,-64.05864197530865,8.0
100,5,Good,Clear,0.25,Wet,FAIL,77.56899055918664,-72.56899055918664,6.8
100,5,Good,Clear,0.25,Slippery,FAIL,89.72663139329808,-84.72663139329808,5.6
100,5,Good,Rain,0,Dry,FAIL,67.47256515775034,-62.47256515775034,7.2
100,5,Good,Rain,0,Wet,FAIL,76.9285080287259,-71.9285080287259,6.12
100,5,Good,Rain,0,Slippery,FAIL,90.43699784440525,-85.43699784440525,5.04
100,5,Good,Rain,0.05,Dry,FAIL,68.86145404663924,-63.86145404663924,7.2
100,5,Good,Rain,0.05,Wet,FAIL,78.31739691761479,-73.31739691761479,6.12
100,5,Good,Rain,0.05,Slippery,FAIL,91.82588673329414,-86.82588673329414,5.04
100,5,Good,Rain,0.1,Dry,FAIL,70.25034293552812,-65.25034293552812,7.2
100,5,Good,Rain,0.1,Wet,FAIL,79.70628580650367,-74.70628580650367,6.12
100,5,Good,Rain,0.1,Slippery,FAIL,93.21477562218304,-88.21477562218304,5.04
100,5,Good,Rain,0.15,Dry,FAIL,71.63923182441701,-66.63923182441701,7.2
100,5,Good,Rain,0.15,Wet,FAIL,81.09517469539256,-76.09517469539256,6.12
100,5,Good,Rain,0.15,Slippery,FAIL,94.60366451107193,-89.60366451107193,5.04
100,5,Good,Rain,0.25,Dry,FAIL,74.41700960219478,-69.41700960219478,7.2
100,5,Good,Rain,0.25,Wet,FAIL,83.87295247317034,-78.87295247317034,6.12
100,5,Good,Rain,0.25,Slippery,FAIL,97.38144228884971,-92.38144228884971,5.04
100,5,Good,Fog,0,Dry,FAIL,70.6245461147422,-65.6245461147422,6.8
100,5,Good,Fog,0,Wet,FAIL,80.63672091930455,-75.63672091930455,5.779999999999999
100,5,Good,Fog,0,Slippery,FAIL,94.93982778296504,-89.93982778296504,4.76
100,5,Good,Fog,0.05,Dry,FAIL,72.01343500363109,-67.01343500363109,6.8
100,5,Good,Fog,0.05,Wet,FAIL,82.02560980819345,-77.02560980819345,5.779999999999999
100,5,Good,Fog,0.05,Slippery,FAIL,96.32871667185393,-91.32871667185393,4.76
100,5,Good,Fog,0.1,Dry,FAIL,73.40232389251997,-68.40232389251997,6.8
100,5,Good,Fog,0.1,Wet,FAIL,83.41449869708234,-78.41449869708234,5.779999999999999
100,5,Good,Fog,0.1,Slippery,FAIL,97.71760556074283,-92.71760556074283,4.76
100,5,Good,Fog,0.15,Dry,FAIL,74.79121278140886,-69.79121278140886,6.8
100,5,Good,Fog,0.15,Wet,FAIL,84.80338758597122,-79.80338758597122,5.779999999999999
100,5,Good,Fog,0.15,Slippery,FAIL,99.10649444963171,-94.10649444963171,4.76
100,5,Good,Fog,0.25,Dry,FAIL,77.56899055918664,-72.56899055918664,6.8
100,5,Good,Fog,0.25,Wet,FAIL,87.581165363749,-82.581165363749,5.779999999999999
100,5,Good,Fog,0.25,Slippery,FAIL,101.8842722274095,-96.8842722274095,4.76
100,5,Moderate,Clear,0,Dry,FAIL,64.89197530864197,-59.891975308641975,8.0
100,5,Moderate,Clear,0,Wet,FAIL,73.40232389251997,-68.40232389251997,6.8
100,5,Moderate,Clear,0,Slippery,FAIL,85.5599647266314,-80.5599647266314,5.6
100,5,Moderate,Clear,0.05,Dry,FAIL,66.28086419753086,-61.28086419753086,8.0
100,5,Moderate,Clear,0.05,Wet,FAIL,74.79121278140886,-69.79121278140886,6.8
100,5,Moderate,Clear,0.05,Slippery,FAIL,86.94885361552029,-81.94885361552029,5.6
100,5,Moderate,Clear,0.1,Dry,FAIL,67.66975308641975,-62.669753086419746,8.0
100,5,Moderate,Clear,0.1,Wet,FAIL,76.18010167029774,-71.18010167029774,6.8
100,5,Moderate,Clear,0.1,Slippery,FAIL,88.33774250440918,-83.33774250440918,5.6
100,5,Moderate,Clear,0.15,Dry,FAIL,69.05864197530865,-64.05864197530865,8.0
100,5,Moderate,Clear,0.15,Wet,FAIL,77.56899055918664,-72.56899055918664,6.8
100,5,Moderate,Clear,0.15,Slippery,FAIL,89.72663139329808,-84.72663139329808,5.6
100,5,Moderate,Clear,0.25,Dry,FAIL,71.83641975308642,-66.83641975308642,8.0
100,5,Moderate,Clear,0.25,Wet,FAIL,80.34676833696442,-75.34676833696442,6.8
100,5,Moderate,Clear,0.25,Slippery,FAIL,92.50440917107585,-87.50440917107585,5.6
100,5,Moderate,Rain,0,Dry,FAIL,70.25034293552812,-65.25034293552812,7.2
100,5,Moderate,Rain,0,Wet,FAIL,79.70628580650367,-74.70628580650367,6.12
100,5,Moderate,Rain,0,Slippery,FAIL,93.21477562218304,-88.21477562218304,5.04
100,5,Moderate,Rain,0.05,Dry,FAIL,71.63923182441701,-66.63923182441701,7.2
100,5,Moderate,Rain,0.05,Wet,FAIL,81.09517469539256,-76.09517469539256,6.12
100,5,Moderate,Rain,0.05,Slippery,FAIL,94.60366451107193,-89.60366451107193,5.04
100,5,Moderate,Rain,0.1,Dry,FAIL,73.0281207133059,-68.0281207133059,7.2
100,5,Moderate,Rain,0.1,Wet,FAIL,82.48406358428144,-77.48406358428144,6.12
100,5,Moderate,Rain,0.1,Slippery,FAIL,95.99255339996081,-90.99255339996081,5.04
100,5,Moderate,Rain,0.15,Dry,FAIL,74.41700960219478,-69.41700960219478,7.2
100,5,Moderate,Rain,0.15,Wet,FAIL,83.87295247317034,-78.87295247317034,6.12
100,5,Moderate,Rain,0.15,Slippery,FAIL,97.38144228884971,-92.38144228884971,5.04
100,5,Moderate,Rain,0.25,Dry,FAIL,77.19478737997257,-72.19478737997257,7.2
100,5,Moderate,Rain,0.25,Wet,FAIL,86.65073025094811,-81.65073025094811,6.12
100,5,Moderate,Rain,0.25,Slippery,FAIL,100.15922006662748,-95.15922006662748,5.04
100,5,Moderate,Fog,0,Dry,FAIL,73.40232389251997,-68.40232389251997,6.8
100,5,Moderate,Fog,0,Wet,FAIL,83.41449869708234,-78.41449869708234,5.779999999999999
100,5,Moderate,Fog,0,Slippery,FAIL,97.71760556074283,-92.71760556074283,4.76
100,5,Moderate,Fog,0.05,Dry,FAIL,74.79121278140886,-69.79121278140886,6.8
100,5,Moderate,Fog,0.05,Wet,FAIL,84.80338758597122,-79.80338758597122,5.779999999999999
100,5,Moderate,Fog,0.05,Slippery,FAIL,99.10649444963171,-94.10649444963171,4.76
100,5,Moderate,Fog,0.1,Dry,FAIL,76.18010167029774,-71.18010167029774,6.8
100,5,Moderate,Fog,0.1,Wet,FAIL,86.19227647486011,-81.19227647486011,5.779999999999999
100,5,Moderate,Fog,0.1,Slippery,FAIL,100.4953833385206,-95.4953833385206,4.76
100,5,Moderate,Fog,0.15,Dry,FAIL,77.56899055918664,-72.56899055918664,6.8
100,5,Moderate,Fog,0.15,Wet,FAIL,87.581165363749,-82.581165363749,5.779999999999999
100,5,Moderate,Fog,0.15,Slippery,FAIL,101.8842722274095,-96.8842722274095,4.76
100,5,Moderate,Fog,0.25,Dry,FAIL,80.34676833696442,-75.34676833696442,6.8
100,5,Moderate,Fog,0.25,Wet,FAIL,90.35894314152678,-85.35894314152678,5.779999999999999
100,5,Moderate,Fog,0.25,Slippery,FAIL,104.66205000518727,-99.66205000518727,4.76
100,5,Poor,Clear,0,Dry,FAIL,67.66975308641975,-62.669753086419746,8.0
100,5,Poor,Clear,0,Wet,FAIL,76.18010167029774,-71.18010167029774,6.8
100,5,Poor,Clear,0,Slippery,FAIL,88.33774250440918,-83.33774250440918,5.6
100,5,Poor,Clear,0.05,Dry,FAIL,69.05864197530865,-64.05864197530865,8.0
100,5,Poor,Clear,0.05,Wet,FAIL,77.56899055918664,-72.56899055918664,6.8
100,5,Poor,Clear,0.05,Slippery,FAIL,89.72663139329808,-84.72663139329808,5.6
100,5,Poor,Clear,0.1,Dry,FAIL,70.44753086419753,-65.44753086419753,8.0
100,5,Poor,Clear,0.1,Wet,FAIL,78.95787944807553,-73.95787944807553,6.8
100,5,Poor,Clear,0.1,Slippery,FAIL,91.11552028218696,-86.11552028218696,5.6
100,5,Poor,Clear,0.15,Dry,FAIL,71.83641975308643,-66.83641975308643,8.0
100,5,Poor,Clear,0.15,Wet,FAIL,80.34676833696443,-75.34676833696443,6.8
100,5,Poor,Clear,0.15,Slippery,FAIL,92.50440917107585,-87.50440917107585,5.6
100,5,Poor,Clear,0.25,Dry,FAIL,74.6141975308642,-69.6141975308642,8.0
100,5,Poor,Clear,0.25,Wet,FAIL,83.1245461147422,-78.1245461147422,6.8
100,5,Poor,Clear,0.25,Slippery,FAIL,95.28218694885362,-90.28218694885362,5.6
100,5,Poor,Rain,0,Dry,FAIL,73.0281207133059,-68.0281207133059,7.2
100,5,Poor,Rain,0,Wet,FAIL,82.48406358428144,-77.48406358428144,6.12
100,5,Poor,Rain,0,Slippery,FAIL,95.99255339996081,-90.99255339996081,5.04
100,5,Poor,Rain,0.05,Dry,FAIL,74.41700960219478,-69.41700960219478,7.2
100,5,Poor,Rain,0.05,Wet,FAIL,83.87295247317034,-78.87295247317034,6.12
100,5,Poor,Rain,0.05,Slippery,FAIL,97.38144228884971,-92.38144228884971,5.04
100,5,Poor,Rain,0.1,Dry,FAIL,75.80589849108368,-70.80589849108368,7.2
100,5,Poor,Rain,0.1,Wet,FAIL,85.26184136205923,-80.26184136205923,6.12
100,5,Poor,Rain,0.1,Slippery,FAIL,98.7703311777386,-93.7703311777386,5.04
100,5,Poor,Rain,0.15,Dry,FAIL,77.19478737997257,-72.19478737997257,7.2
100,5,Poor,Rain,0.15,Wet,FAIL,86.65073025094813,-81.65073025094813,6.12
100,5,Poor,Rain,0.15,Slippery,FAIL,100.15922006662748,-95.15922006662748,5.04
100,5,Poor,Rain,0.25,Dry,FAIL,79.97256515775034,-74.97256515775034,7.2
100,5,Poor,Rain,0.25,Wet,FAIL,89.4285080287259,-84.4285080287259,6.12
100,5,Poor,Rain,0.25,Slippery,FAIL,102.93699784440525,-97.93699784440525,5.04
100,5,Poor,Fog,0,Dry,FAIL,76.18010167029774,-71.18010167029774,6.8
100,5,Poor,Fog,0,Wet,FAIL,86.19227647486011,-81.19227647486011,5.779999999999999
100,5,Poor,Fog,0,Slippery,FAIL,100.4953833385206,-95.4953833385206,4.76
100,5,Poor,Fog,0.05,Dry,FAIL,77.56899055918664,-72.56899055918664,6.8
100,5,Poor,Fog,0.05,Wet,FAIL,87.581165363749,-82.581165363749,5.779999999999999
100,5,Poor,Fog,0.05,Slippery,FAIL,101.8842722274095,-96.8842722274095,4.76
100,5,Poor,Fog,0.1,Dry,FAIL,78.95787944807553,-73.95787944807553,6.8
100,5,Poor,Fog,0.1,Wet,FAIL,88.9700542526379,-83.9700542526379,5.779999999999999
100,5,Poor,Fog,0.1,Slippery,FAIL,103.27316111629838,-98.27316111629838,4.76
100,5,Poor,Fog,0.15,Dry,FAIL,80.34676833696443,-75.34676833696443,6.8
100,5,Poor,Fog,0.15,Wet,FAIL,90.35894314152678,-85.35894314152678,5.779999999999999
100,5,Poor,Fog,0.15,Slippery,FAIL,104.66205000518727,-99.66205000518727,4.76
100,5,Poor,Fog,0.25,Dry,FAIL,83.1245461147422,-78.1245461147422,6.8
100,5,Poor,Fog,0.25,Wet,FAIL,93.13672091930455,-88.13672091930455,5.779999999999999
100,5,Poor,Fog,0.25,Slippery,FAIL,107.43982778296504,-102.43982778296504,4.76
100,10,Good,Clear,0,Dry,FAIL,62.1141975308642,-52.1141975308642,8.0
100,10,Good,Clear,0,Wet,FAIL,70.6245461147422,-60.6245461147422,6.8
100,10,Good,Clear,0,Slippery,FAIL,82.78218694885362,-72.78218694885362,5.6
100,10,Good,Clear,0.05,Dry,FAIL,63.50308641975309,-53.50308641975309,8.0
100,10,Good,Clear,0.05,Wet,FAIL,72.01343500363109,-62.01343500363109,6.8
100,10,Good,Clear,0.05,Slippery,FAIL,84.1710758377425,-74.1710758377425,5.6
100,10,Good,Clear,0.1,Dry,FAIL,64.89197530864197,-54.891975308641975,8.0
100,10,Good,Clear,0.1,Wet,FAIL,73.40232389251997,-63.40232389251997,6.8
100,10,Good,Clear,0.1,Slippery,FAIL,85.5599647266314,-75.5599647266314,5.6
100,10,Good,Clear,0.15,Dry,FAIL,66.28086419753086,-56.28086419753086,8.0
100,10,Good,Clear,0.15,Wet,FAIL,74.79121278140886,-64.79121278140886,6.8
100,10,Good,Clear,0.15,Slippery,FAIL,86.94885361552029,-76.94885361552029,5.6
100,10,Good,Clear,0.25,Dry,FAIL,69.05864197530865,-59.058641975308646,8.0
100,10,Good,Clear,0.25,Wet,FAIL,77.56899055918664,-67.56899055918664,6.8
100,10,Good,Clear,0.25,Slippery,FAIL,89.72663139329808,-79.72663139329808,5.6
100,10,Good,Rain,0,Dry,FAIL,67.47256515775034,-57.47256515775034,7.2
100,10,Good,Rain,0,Wet,FAIL,76.9285080287259,-66.9285080287259,6.12
100,10,Good,Rain,0,Slippery,FAIL,90.43699784440525,-80.43699784440525,5.04
100,10,Good,Rain,0.05,Dry,FAIL,68.86145404663924,-58.86145404663924,7.2
100,10,Good,Rain,0.05,Wet,FAIL,78.31739691761479,-68.31739691761479,6.12
100,10,Good,Rain,0.05,Slippery,FAIL,91.82588673329414,-81.82588673329414,5.04
100,10,Good,Rain,0.1,Dry,FAIL,70.25034293552812,-60.250342935528124,7.2
100,10,Good,Rain,0.1,Wet,FAIL,79.70628580650367,-69.70628580650367,6.12
100,10,Good,Rain,0.1,Slippery,FAIL,93.21477562218304,-83.21477562218304,5.04
100,10,Good,Rain,0.15,Dry,FAIL,71.63923182441701,-61.63923182441701,7.2
100,10,Good,Rain,0.15,Wet,FAIL,81.09517469539256,-71.09517469539256,6.12
100,10,Good,Rain,0.15,Slippery,FAIL,94.60366451107193,-84.60366451107193,5.04
100,10,Good,Rain,0.25,Dry,FAIL,74.41700960219478,-64.41700960219478,7.2
100,10,Good,Rain,0.25,Wet,FAIL,83.87295247317034,-73.87295247317034,6.12
100,10,Good,Rain,0.25,Slippery,FAIL,97.38144228884971,-87.38144228884971,5.04
100,10,Good,Fog,0,Dry,FAIL,70.6245461147422,-60.6245461147422,6.8
100,10,Good,Fog,0,Wet,FAIL,80.63672091930455,-70.63672091930455,5.779999999999999
100,10,Good,Fog,0,Slippery,FAIL,94.93982778296504,-84.93982778296504,4.76
100,10,Good,Fog,0.05,Dry,FAIL,72.01343500363109,-62.01343500363109,6.8
100,10,Good,Fog,0.05,Wet,FAIL,82.02560980819345,-72.02560980819345,5.779999999999999
100,10,Good,Fog,0.05,Slippery,FAIL,96.32871667185393,-86.32871667185393,4.76
100,10,Good,Fog,0.1,Dry,FAIL,73.40232389251997,-63.40232389251997,6.8
100,10,Good,Fog,0.1,Wet,FAIL,83.41449869708234,-73.41449869708234,5.779999999999999
100,10,Good,Fog,0.1,Slippery,FAIL,97.71760556074283,-87.71760556074283,4.76
100,10,Good,Fog,0.15,Dry,FAIL,74.79121278140886,-64.79121278140886,6.8
100,10,Good,Fog,0.15,Wet,FAIL,84.80338758597122,-74.80338758597122,5.779999999999999
100,10,Good,Fog,0.15,Slippery,FAIL,99.10649444963171,-89.10649444963171,4.76
100,10,Good,Fog,0.25,Dry,FAIL,77.56899055918664,-67.56899055918664,6.8
100,10,Good,Fog,0.25,Wet,FAIL,87.581165363749,-77.581165363749,5.779999999999999
100,10,Good,Fog,0.25,Slippery,FAIL,101.8842722274095,-91.8842722274095,4.76
100,10,Moderate,Clear,0,Dry,FAIL,64.89197530864197,-54.891975308641975,8.0
100,10,Moderate,Clear,0,Wet,FAIL,73.40232389251997,-63.40232389251997,6.8
100,10,Moderate,Clear,0,Slippery,FAIL,85.5599647266314,-75.5599647266314,5.6
100,10,Moderate,Clear,0.05,Dry,FAIL,66.28086419753086,-56.28086419753086,8.0
100,10,Moderate,Clear,0.05,Wet,FAIL,74.79121278140886,-64.79121278140886,6.8
100,10,Moderate,Clear,0.05,Slippery,FAIL,86.94885361552029,-76.94885361552029,5.6
100,10,Moderate,Clear,0.1,Dry,FAIL,67.66975308641975,-57.669753086419746,8.0
100,10,Moderate,Clear,0.1,Wet,FAIL,76.18010167029774,-66.18010167029774,6.8
100,10,Moderate,Clear,0.1,Slippery,FAIL,88.33774250440918,-78.33774250440918,5.6
100,10,Moderate,Clear,0.15,Dry,FAIL,69.05864197530865,-59.058641975308646,8.0
100,10,Moderate,Clear,0.15,Wet,FAIL,77.56899055918664,-67.56899055918664,6.8
100,10,Moderate,Clear,0.15,Slippery,FAIL,89.72663139329808,-79.72663139329808,5.6
100,10,Moderate,Clear,0.25,Dry,FAIL,71.83641975308642,-61.83641975308642,8.0
100,10,Moderate,Clear,0.25,Wet,FAIL,80.34676833696442,-70.34676833696442,6.8
100,10,Moderate,Clear,0.25,Slippery,FAIL,92.50440917107585,-82.50440917107585,5.6
100,10,Moderate,Rain,0,Dry,FAIL,70.25034293552812,-60.250342935528124,7.2
100,10,Moderate,Rain,0,Wet,FAIL,79.70628580650367,-69.70628580650367,6.12
100,10,Moderate,Rain,0,Slippery,FAIL,93.21477562218304,-83.21477562218304,5.04
100,10,Moderate,Rain,0.05,Dry,FAIL,71.63923182441701,-61.63923182441701,7.2
100,10,Moderate,Rain,0.05,Wet,FAIL,81.09517469539256,-71.09517469539256,6.12
100,10,Moderate,Rain,0.05,Slippery,FAIL,94.60366451107193,-84.60366451107193,5.04
100,10,Moderate,Rain,0.1,Dry,FAIL,73.0281207133059,-63.028120713305896,7.2
100,10,Moderate,Rain,0.1,Wet,FAIL,82.48406358428144,-72.48406358428144,6.12
100,10,Moderate,Rain,0.1,Slippery,FAIL,95.99255339996081,-85.99255339996081,5.04
100,10,Moderate,Rain,0.15,Dry,FAIL,74.41700960219478,-64.41700960219478,7.2
100,10,Moderate,Rain,0.15,Wet,FAIL,83.87295247317034,-73.87295247317034,6.12
100,10,Moderate,Rain,0.15,Slippery,FAIL,97.38144228884971,-87.38144228884971,5.04
100,10,Moderate,Rain,0.25,Dry,FAIL,77.19478737997257,-67.19478737997257,7.2
100,10,Moderate,Rain,0.25,Wet,FAIL,86.65073025094811,-76.65073025094811,6.12
100,10,Moderate,Rain,0.25,Slippery,FAIL,100.15922006662748,-90.15922006662748,5.04
100,10,Moderate,Fog,0,Dry,FAIL,73.40232389251997,-63.40232389251997,6.8
100,10,Moderate,Fog,0,Wet,FAIL,83.41449869708234,-73.41449869708234,5.779999999999999
100,10,Moderate,Fog,0,Slippery,FAIL,97.71760556074283,-87.71760556074283,4.76
100,10,Moderate,Fog,0.05,Dry,FAIL,74.79121278140886,-64.79121278140886,6.8
100,10,Moderate,Fog,0.05,Wet,FAIL,84.80338758597122,-74.80338758597122,5.779999999999999
100,10,Moderate,Fog,0.05,Slippery,FAIL,99.10649444963171,-89.10649444963171,4.76
100,10,Moderate,Fog,0.1,Dry,FAIL,76.18010167029774,-66.18010167029774,6.8
100,10,Moderate,Fog,0.1,Wet,FAIL,86.19227647486011,-76.19227647486011,5.779999999999999
100,10,Moderate,Fog,0.1,Slippery,FAIL,100.4953833385206,-90.4953833385206,4.76
100,10,Moderate,Fog,0.15,Dry,FAIL,77.56899055918664,-67.56899055918664,6.8
100,10,Moderate,Fog,0.15,Wet,FAIL,87.581165363749,-77.581165363749,5.779999999999999
100,10,Moderate,Fog,0.15,Slippery,FAIL,101.8842722274095,-91.8842722274095,4.76
100,10,Moderate,Fog,0.25,Dry,FAIL,80.34676833696442,-70.34676833696442,6.8
100,10,Moderate,Fog,0.25,Wet,FAIL,90.35894314152678,-80.35894314152678,5.779999999999999
100,10,Moderate,Fog,0.25,Slippery,FAIL,104.66205000518727,-94.66205000518727,4.76
100,10,Poor,Clear,0,Dry,FAIL,67.66975308641975,-57.669753086419746,8.0
100,10,Poor,Clear,0,Wet,FAIL,76.18010167029774,-66.18010167029774,6.8
100,10,Poor,Clear,0,Slippery,FAIL,88.33774250440918,-78.33774250440918,5.6
100,10,Poor,Clear,0.05,Dry,FAIL,69.05864197530865,-59.058641975308646,8.0
100,10,Poor,Clear,0.05,Wet,FAIL,77.56899055918664,-67.56899055918664,6.8
100,10,Poor,Clear,0.05,Slippery,FAIL,89.72663139329808,-79.72663139329808,5.6
100,10,Poor,Clear,0.1,Dry,FAIL,70.44753086419753,-60.44753086419753,8.0
100,10,Poor,Clear,0.1,Wet,FAIL,78.95787944807553,-68.95787944807553,6.8
100,10,Poor,Clear,0.1,Slippery,FAIL,91.11552028218696,-81.11552028218696,5.6
100,10,Poor,Clear,0.15,Dry,FAIL,71.83641975308643,-61.83641975308643,8.0
100,10,Poor,Clear,0.15,Wet,FAIL,80.34676833696443,-70.34676833696443,6.8
100,10,Poor,Clear,0.15,Slippery,FAIL,92.50440917107585,-82.50440917107585,5.6
100,10,Poor,Clear,0.25,Dry,FAIL,74.6141975308642,-64.6141975308642,8.0
100,10,Poor,Clear,0.25,Wet,FAIL,83.1245461147422,-73.1245461147422,6.8
100,10,Poor,Clear,0.25,Slippery,FAIL,95.28218694885362,-85.28218694885362,5.6
100,10,Poor,Rain,0,Dry,FAIL,73.0281207133059,-63.028120713305896,7.2
100,10,Poor,Rain,0,Wet,FAIL,82.48406358428144,-72.48406358428144,6.12
100,10,Poor,Rain,0,Slippery,FAIL,95.99255339996081,-85.99255339996081,5.04
100,10,Poor,Rain,0.05,Dry,FAIL,74.41700960219478,-64.41700960219478,7.2
100,10,Poor,Rain,0.05,Wet,FAIL,83.87295247317034,-73.87295247317034,6.12
100,10,Poor,Rain,0.05,Slippery,FAIL,97.38144228884971,-87.38144228884971,5.04
100,10,Poor,Rain,0.1,Dry,FAIL,75.80589849108368,-65.80589849108368,7.2
100,10,Poor,Rain,0.1,Wet,FAIL,85.26184136205923,-75.26184136205923,6.12
100,10,Poor,Rain,0.1,Slippery,FAIL,98.7703311777386,-88.7703311777386,5.04
100,10,Poor,Rain,0.15,Dry,FAIL,77.19478737997257,-67.19478737997257,7.2
100,10,Poor,Rain,0.15,Wet,FAIL,86.65073025094813,-76.65073025094813,6.12
100,10,Poor,Rain,0.15,Slippery,FAIL,100.15922006662748,-90.15922006662748,5.04
100,10,Poor,Rain,0.25,Dry,FAIL,79.97256515775034,-69.97256515775034,7.2
100,10,Poor,Rain,0.25,Wet,FAIL,89.4285080287259,-79.4285080287259,6.12
100,10,Poor,Rain,0.25,Slippery,FAIL,102.93699784440525,-92.93699784440525,5.04
100,10,Poor,Fog,0,Dry,FAIL,76.18010167029774,-66.18010167029774,6.8
100,10,Poor,Fog,0,Wet,FAIL,86.19227647486011,-76.19227647486011,5.779999999999999
100,10,Poor,Fog,0,Slippery,FAIL,100.4953833385206,-90.4953833385206,4.76
100,10,Poor,Fog,0.05,Dry,FAIL,77.56899055918664,-67.56899055918664,6.8
100,10,Poor,Fog,0.05,Wet,FAIL,87.581165363749,-77.581165363749,5.779999999999999
100,10,Poor,Fog,0.05,Slippery,FAIL,101.8842722274095,-91.8842722274095,4.76
100,10,Poor,Fog,0.1,Dry,FAIL,78.95787944807553,-68.95787944807553,6.8
100,10,Poor,Fog,0.1,Wet,FAIL,88.9700542526379,-78.9700542526379,5.779999999999999
100,10,Poor,Fog,0.1,Slippery,FAIL,103.27316111629838,-93.27316111629838,4.76
100,10,Poor,Fog,0.15,Dry,FAIL,80.34676833696443,-70.34676833696443,6.8
100,10,Poor,Fog,0.15,Wet,FAIL,90.35894314152678,-80.35894314152678,5.779999999999999
100,10,Poor,Fog,0.15,Slippery,FAIL,104.66205000518727,-94.66205000518727,4.76
100,10,Poor,Fog,0.25,Dry,FAIL,83.1245461147422,-73.1245461147422,6.8
100,10,Poor,Fog,0.25,Wet,FAIL,93.13672091930455,-83.13672091930455,5.779999999999999
100,10,Poor,Fog,0.25,Slippery,FAIL,107.43982778296504,-97.43982778296504,4.76
100,15,Good,Clear,0,Dry,FAIL,62.1141975308642,-47.1141975308642,8.0
100,15,Good,Clear,0,Wet,FAIL,70.6245461147422,-55.6245461147422,6.8
100,15,Good,Clear,0,Slippery,FAIL,82.78218694885362,-67.78218694885362,5.6
100,15,Good,Clear,0.05,Dry,FAIL,63.50308641975309,-48.50308641975309,8.0
100,15,Good,Clear,0.05,Wet,FAIL,72.01343500363109,-57.01343500363109,6.8
100,15,Good,Clear,0.05,Slippery,FAIL,84.1710758377425,-69.1710758377425,5.6
100,15,Good,Clear,0.1,Dry,FAIL,64.89197530864197,-49.891975308641975,8.0
100,15,Good,Clear,0.1,Wet,FAIL,73.40232389251997,-58.40232389251997,6.8
100,15,Good,Clear,0.1,Slippery,FAIL,85.5599647266314,-70.5599647266314,5.6
100,15,Good,Clear,0.15,Dry,FAIL,66.28086419753086,-51.28086419753086,8.0
100,15,Good,Clear,0.15,Wet,FAIL,74.79121278140886,-59.79121278140886,6.8
100,15,Good,Clear,0.15,Slippery,FAIL,86.94885361552029,-71.94885361552029,5.6
100,15,Good,Clear,0.25,Dry,FAIL,69.05864197530865,-54.058641975308646,8.0
100,15,Good,Clear,0.25,Wet,FAIL,77.56899055918664,-62.568990559186645,6.8
100,15,Good,Clear,0.25,Slippery,FAIL,89.72663139329808,-74.72663139329808,5.6
100,15,Good,Rain,0,Dry,FAIL,67.47256515775034,-52.47256515775034,7.2
100,15,Good,Rain,0,Wet,FAIL,76.9285080287259,-61.9285080287259,6.12
100,15,Good,Rain,0,Slippery,FAIL,90.43699784440525,-75.43699784440525,5.04
100,15,Good,Rain,0.05,Dry,FAIL,68.86145404663924,-53.86145404663924,7.2
100,15,Good,Rain,0.05,Wet,FAIL,78.31739691761479,-63.317396917614786,6.12
100,15,Good,Rain,0.05,Slippery,FAIL,91.82588673329414,-76.82588673329414,5.04
100,15,Good,Rain,0.1,Dry,FAIL,70.25034293552812,-55.250342935528124,7.2
100,15,Good,Rain,0.1,Wet,FAIL,79.70628580650367,-64.70628580650367,6.12
100,15,Good,Rain,0.1,Slippery,FAIL,93.21477562218304,-78.21477562218304,5.04
100,15,Good,Rain,0.15,Dry,FAIL,71.63923182441701,-56.63923182441701,7.2
100,15,Good,Rain,0.15,Wet,FAIL,81.09517469539256,-66.09517469539256,6.12
100,15,Good,Rain,0.15,Slippery,FAIL,94.60366451107193,-79.60366451107193,5.04
100,15,Good,Rain,0.25,Dry,FAIL,74.41700960219478,-59.41700960219478,7.2
100,15,Good,Rain,0.25,Wet,FAIL,83.87295247317034,-68.87295247317034,6.12
100,15,Good,Rain,0.25,Slippery,FAIL,97.38144228884971,-82.38144228884971,5.04
100,15,Good,Fog,0,Dry,FAIL,70.6245461147422,-55.6245461147422,6.8
100,15,Good,Fog,0,Wet,FAIL,80.63672091930455,-65.63672091930455,5.779999999999999
100,15,Good,Fog,0,Slippery,FAIL,94.93982778296504,-79.93982778296504,4.76
100,15,Good,Fog,0.05,Dry,FAIL,72.01343500363109,-57.01343500363109,6.8
100,15,Good,Fog,0.05,Wet,FAIL,82.02560980819345,-67.02560980819345,5.779999999999999
100,15,Good,Fog,0.05,Slippery,FAIL,96.32871667185393,-81.32871667185393,4.76
100,15,Good,Fog,0.1,Dry,FAIL,73.40232389251997,-58.40232389251997,6.8
100,15,Good,Fog,0.1,Wet,FAIL,83.41449869708234,-68.41449869708234,5.779999999999999
100,15,Good,Fog,0.1,Slippery,FAIL,97.71760556074283,-82.71760556074283,4.76
100,15,Good,Fog,0.15,Dry,FAIL,74.79121278140886,-59.79121278140886,6.8
100,15,Good,Fog,0.15,Wet,FAIL,84.80338758597122,-69.80338758597122,5.779999999999999
100,15,Good,Fog,0.15,Slippery,FAIL,99.10649444963171,-84.10649444963171,4.76
100,15,Good,Fog,0.25,Dry,FAIL,77.56899055918664,-62.568990559186645,6.8
100,15,Good,Fog,0.25,Wet,FAIL,87.581165363749,-72.581165363749,5.779999999999999
100,15,Good,Fog,0.25,Slippery,FAIL,101.8842722274095,-86.8842722274095,4.76
100,15,Moderate,Clear,0,Dry,FAIL,64.89197530864197,-49.891975308641975,8.0
100,15,Moderate,Clear,0,Wet,FAIL,73.40232389251997,-58.40232389251997,6.8
100,15,Moderate,Clear,0,Slippery,FAIL,85.5599647266314,-70.5599647266314,5.6
100,15,Moderate,Clear,0.05,Dry,FAIL,66.28086419753086,-51.28086419753086,8.0
100,15,Moderate,Clear,0.05,Wet,FAIL,74.79121278140886,-59.79121278140886,6.8
100,15,Moderate,Clear,0.05,Slippery,FAIL,86.94885361552029,-71.94885361552029,5.6
100,15,Moderate,Clear,0.1,Dry,FAIL,67.66975308641975,-52.669753086419746,8.0
100,15,Moderate,Clear,0.1,Wet,FAIL,76.18010167029774,-61.180101670297745,6.8
100,15,Moderate,Clear,0.1,Slippery,FAIL,88.33774250440918,-73.33774250440918,5.6
100,15,Moderate,Clear,0.15,Dry,FAIL,69.05864197530865,-54.058641975308646,8.0
100,15,Moderate,Clear,0.15,Wet,FAIL,77.56899055918664,-62.568990559186645,6.8
100,15,Moderate,Clear,0.15,Slippery,FAIL,89.72663139329808,-74.72663139329808,5.6
100,15,Moderate,Clear,0.25,Dry,FAIL,71.83641975308642,-56.83641975308642,8.0
100,15,Moderate,Clear,0.25,Wet,FAIL,80.34676833696442,-65.34676833696442,6.8
100,15,Moderate,Clear,0.25,Slippery,FAIL,92.50440917107585,-77.50440917107585,5.6
100,15,Moderate,Rain,0,Dry,FAIL,70.25034293552812,-55.250342935528124,7.2
100,15,Moderate,Rain,0,Wet,FAIL,79.70628580650367,-64.70628580650367,6.12
100,15,Moderate,Rain,0,Slippery,FAIL,93.21477562218304,-78.21477562218304,5.04
100,15,Moderate,Rain,0.05,Dry,FAIL,71.63923182441701,-56.63923182441701,7.2
100,15,Moderate,Rain,0.05,Wet,FAIL,81.09517469539256,-66.09517469539256,6.12
100,15,Moderate,Rain,0.05,Slippery,FAIL,94.60366451107193,-79.60366451107193,5.04
100,15,Moderate,Rain,0.1,Dry,FAIL,73.0281207133059,-58.028120713305896,7.2
100,15,Moderate,Rain,0.1,Wet,FAIL,82.48406358428144,-67.48406358428144,6.12
100,15,Moderate,Rain,0.1,Slippery,FAIL,95.99255339996081,-80.99255339996081,5.04
100,15,Moderate,Rain,0.15,Dry,FAIL,74.41700960219478,-59.41700960219478,7.2
100,15,Moderate,Rain,0.15,Wet,FAIL,83.87295247317034,-68.87295247317034,6.12
100,15,Moderate,Rain,0.15,Slippery,FAIL,97.38144228884971,-82.38144228884971,5.04
100,15,Moderate,Rain,0.25,Dry,FAIL,77.19478737997257,-62.19478737997257,7.2
100,15,Moderate,Rain,0.25,Wet,FAIL,86.65073025094811,-71.65073025094811,6.12
100,15,Moderate,Rain,0.25,Slippery,FAIL,100.15922006662748,-85.15922006662748,5.04
100,15,Moderate,Fog,0,Dry,FAIL,73.40232389251997,-58.40232389251997,6.8
100,15,Moderate,Fog,0,Wet,FAIL,83.41449869708234,-68.41449869708234,5.779999999999999
100,15,Moderate,Fog,0,Slippery,FAIL,97.71760556074283,-82.71760556074283,4.76
100,15,Moderate,Fog,0.05,Dry,FAIL,74.79121278140886,-59.79121278140886,6.8
100,15,Moderate,Fog,0.05,Wet,FAIL,84.80338758597122,-69.80338758597122,5.779999999999999
100,15,Moderate,Fog,0.05,Slippery,FAIL,99.10649444963171,-84.10649444963171,4.76
100,15,Moderate,Fog,0.1,Dry,FAIL,76.18010167029774,-61.180101670297745,6.8
100,15,Moderate,Fog,0.1,Wet,FAIL,86.19227647486011,-71.19227647486011,5.779999999999999
100,15,Moderate,Fog,0.1,Slippery,FAIL,100.4953833385206,-85.4953833385206,4.76
100,15,Moderate,Fog,0.15,Dry,FAIL,77.56899055918664,-62.568990559186645,6.8
100,15,Moderate,Fog,0.15,Wet,FAIL,87.581165363749,-72.581165363749,5.779999999999999
100,15,Moderate,Fog,0.15,Slippery,FAIL,101.8842722274095,-86.8842722274095,4.76
100,15,Moderate,Fog,0.25,Dry,FAIL,80.34676833696442,-65.34676833696442,6.8
100,15,Moderate,Fog,0.25,Wet,FAIL,90.35894314152678,-75.35894314152678,5.779999999999999
100,15,Moderate,Fog,0.25,Slippery,FAIL,104.66205000518727,-89.66205000518727,4.76
100,15,Poor,Clear,0,Dry,FAIL,67.66975308641975,-52.669753086419746,8.0
100,15,Poor,Clear,0,Wet,FAIL,76.18010167029774,-61.180101670297745,6.8
100,15,Poor,Clear,0,Slippery,FAIL,88.33774250440918,-73.33774250440918,5.6
100,15,Poor,Clear,0.05,Dry,FAIL,69.05864197530865,-54.058641975308646,8.0
100,15,Poor,Clear,0.05,Wet,FAIL,77.56899055918664,-62.568990559186645,6.8
100,15,Poor,Clear,0.05,Slippery,FAIL,89.72663139329808,-74.72663139329808,5.6
100,15,Poor,Clear,0.1,Dry,FAIL,70.44753086419753,-55.44753086419753,8.0
100,15,Poor,Clear,0.1,Wet,FAIL,78.95787944807553,-63.95787944807553,6.8
100,15,Poor,Clear,0.1,Slippery,FAIL,91.11552028218696,-76.11552028218696,5.6
100,15,Poor,Clear,0.15,Dry,FAIL,71.83641975308643,-56.83641975308643,8.0
100,15,Poor,Clear,0.15,Wet,FAIL,80.34676833696443,-65.34676833696443,6.8
100,15,Poor,Clear,0.15,Slippery,FAIL,92.50440917107585,-77.50440917107585,5.6
100,15,Poor,Clear,0.25,Dry,FAIL,74.6141975308642,-59.6141975308642,8.0
100,15,Poor,Clear,0.25,Wet,FAIL,83.1245461147422,-68.1245461147422,6.8
100,15,Poor,Clear,0.25,Slippery,FAIL,95.28218694885362,-80.28218694885362,5.6
100,15,Poor,Rain,0,Dry,FAIL,73.0281207133059,-58.028120713305896,7.2
100,15,Poor,Rain,0,Wet,FAIL,82.48406358428144,-67.48406358428144,6.12
100,15,Poor,Rain,0,Slippery,FAIL,95.99255339996081,-80.99255339996081,5.04
100,15,Poor,Rain,0.05,Dry,FAIL,74.41700960219478,-59.41700960219478,7.2
100,15,Poor,Rain,0.05,Wet,FAIL,83.87295247317034,-68.87295247317034,6.12
100,15,Poor,Rain,0.05,Slippery,FAIL,97.38144228884971,-82.38144228884971,5.04
100,15,Poor,Rain,0.1,Dry,FAIL,75.80589849108368,-60.80589849108368,7.2
100,15,Poor,Rain,0.1,Wet,FAIL,85.26184136205923,-70.26184136205923,6.12
100,15,Poor,Rain,0.1,Slippery,FAIL,98.7703311777386,-83.7703311777386,5.04
100,15,Poor,Rain,0.15,Dry,FAIL,77.19478737997257,-62.19478737997257,7.2
100,15,Poor,Rain,0.15,Wet,FAIL,86.65073025094813,-71.65073025094813,6.12
100,15,Poor,Rain,0.15,Slippery,FAIL,100.15922006662748,-85.15922006662748,5.04
100,15,Poor,Rain,0.25,Dry,FAIL,79.97256515775034,-64.97256515775034,7.2
100,15,Poor,Rain,0.25,Wet,FAIL,89.4285080287259,-74.4285080287259,6.12
100,15,Poor,Rain,0.25,Slippery,FAIL,102.93699784440525,-87.93699784440525,5.04
100,15,Poor,Fog,0,Dry,FAIL,76.18010167029774,-61.180101670297745,6.8
100,15,Poor,Fog,0,Wet,FAIL,86.19227647486011,-71.19227647486011,5.779999999999999
100,15,Poor,Fog,0,Slippery,FAIL,100.4953833385206,-85.4953833385206,4.76
100,15,Poor,Fog,0.05,Dry,FAIL,77.56899055918664,-62.568990559186645,6.8
100,15,Poor,Fog,0.05,Wet,FAIL,87.581165363749,-72.581165363749,5.779999999999999
100,15,Poor,Fog,0.05,Slippery,FAIL,101.8842722274095,-86.8842722274095,4.76
100,15,Poor,Fog,0.1,Dry,FAIL,78.95787944807553,-63.95787944807553,6.8
100,15,Poor,Fog,0.1,Wet,FAIL,88.9700542526379,-73.9700542526379,5.779999999999999
100,15,Poor,Fog,0.1,Slippery,FAIL,103.27316111629838,-88.27316111629838,4.76
100,15,Poor,Fog,0.15,Dry,FAIL,80.34676833696443,-65.34676833696443,6.8
100,15,Poor,Fog,0.15,Wet,FAIL,90.35894314152678,-75.35894314152678,5.779999999999999
100,15,Poor,Fog,0.15,Slippery,FAIL,104.66205000518727,-89.66205000518727,4.76
100,15,Poor,Fog,0.25,Dry,FAIL,83.1245461147422,-68.1245461147422,6.8
100,15,Poor,Fog,0.25,Wet,FAIL,93.13672091930455,-78.13672091930455,5.779999999999999
100,15,Poor,Fog,0.25,Slippery,FAIL,107.43982778296504,-92.43982778296504,4.76
100,20,Good,Clear,0,Dry,FAIL,62.1141975308642,-42.1141975308642,8.0
100,20,Good,Clear,0,Wet,FAIL,70.6245461147422,-50.6245461147422,6.8
100,20,Good,Clear,0,Slippery,FAIL,82.78218694885362,-62.78218694885362,5.6
100,20,Good,Clear,0.05,Dry,FAIL,63.50308641975309,-43.50308641975309,8.0
100,20,Good,Clear,0.05,Wet,FAIL,72.01343500363109,-52.01343500363109,6.8
100,20,Good,Clear,0.05,Slippery,FAIL,84.1710758377425,-64.1710758377425,5.6
100,20,Good,Clear,0.1,Dry,FAIL,64.89197530864197,-44.891975308641975,8.0
100,20,Good,Clear,0.1,Wet,FAIL,73.40232389251997,-53.40232389251997,6.8
100,20,Good,Clear,0.1,Slippery,FAIL,85.5599647266314,-65.5599647266314,5.6
100,20,Good,Clear,0.15,Dry,FAIL,66.28086419753086,-46.28086419753086,8.0
100,20,Good,Clear,0.15,Wet,FAIL,74.79121278140886,-54.79121278140886,6.8
100,20,Good,Clear,0.15,Slippery,FAIL,86.94885361552029,-66.94885361552029,5.6
100,20,Good,Clear,0.25,Dry,FAIL,69.05864197530865,-49.058641975308646,8.0
100,20,Good,Clear,0.25,Wet,FAIL,77.56899055918664,-57.568990559186645,6.8
100,20,Good,Clear,0.25,Slippery,FAIL,89.72663139329808,-69.72663139329808,5.6
100,20,Good,Rain,0,Dry,FAIL,67.47256515775034,-47.47256515775034,7.2
100,20,Good,Rain,0,Wet,FAIL,76.9285080287259,-56.9285080287259,6.12
100,20,Good,Rain,0,Slippery,FAIL,90.43699784440525,-70.43699784440525,5.04
100,20,Good,Rain,0.05,Dry,FAIL,68.86145404663924,-48.86145404663924,7.2
100,20,Good,Rain,0.05,Wet,FAIL,78.31739691761479,-58.317396917614786,6.12
100,20,Good,Rain,0.05,Slippery,FAIL,91.82588673329414,-71.82588673329414,5.04
100,20,Good,Rain,0.1,Dry,FAIL,70.25034293552812,-50.250342935528124,7.2
100,20,Good,Rain,0.1,Wet,FAIL,79.70628580650367,-59.70628580650367,6.12
100,20,Good,Rain,0.1,Slippery,FAIL,93.21477562218304,-73.21477562218304,5.04
100,20,Good,Rain,0.15,Dry,FAIL,71.63923182441701,-51.63923182441701,7.2
100,20,Good,Rain,0.15,Wet,FAIL,81.09517469539256,-61.09517469539256,6.12
100,20,Good,Rain,0.15,Slippery,FAIL,94.60366451107193,-74.60366451107193,5.04
100,20,Good,Rain,0.25,Dry,FAIL,74.41700960219478,-54.41700960219478,7.2
100,20,Good,Rain,0.25,Wet,FAIL,83.87295247317034,-63.87295247317034,6.12
100,20,Good,Rain,0.25,Slippery,FAIL,97.38144228884971,-77.38144228884971,5.04
100,20,Good,Fog,0,Dry,FAIL,70.6245461147422,-50.6245461147422,6.8
100,20,Good,Fog,0,Wet,FAIL,80.63672091930455,-60.63672091930455,5.779999999999999
100,20,Good,Fog,0,Slippery,FAIL,94.93982778296504,-74.93982778296504,4.76
100,20,Good,Fog,0.05,Dry,FAIL,72.01343500363109,-52.01343500363109,6.8
100,20,Good,Fog,0.05,Wet,FAIL,82.02560980819345,-62.02560980819345,5.779999999999999
100,20,Good,Fog,0.05,Slippery,FAIL,96.32871667185393,-76.32871667185393,4.76
100,20,Good,Fog,0.1,Dry,FAIL,73.40232389251997,-53.40232389251997,6.8
100,20,Good,Fog,0.1,Wet,FAIL,83.41449869708234,-63.41449869708234,5.779999999999999
100,20,Good,Fog,0.1,Slippery,FAIL,97.71760556074283,-77.71760556074283,4.76
100,20,Good,Fog,0.15,Dry,FAIL,74.79121278140886,-54.79121278140886,6.8
100,20,Good,Fog,0.15,Wet,FAIL,84.80338758597122,-64.80338758597122,5.779999999999999
100,20,Good,Fog,0.15,Slippery,FAIL,99.10649444963171,-79.10649444963171,4.76
100,20,Good,Fog,0.25,Dry,FAIL,77.56899055918664,-57.568990559186645,6.8
100,20,Good,Fog,0.25,Wet,FAIL,87.581165363749,-67.581165363749,5.779999999999999
100,20,Good,Fog,0.25,Slippery,FAIL,101.8842722274095,-81.8842722274095,4.76
100,20,Moderate,Clear,0,Dry,FAIL,64.89197530864197,-44.891975308641975,8.0
100,20,Moderate,Clear,0,Wet,FAIL,73.40232389251997,-53.40232389251997,6.8
100,20,Moderate,Clear,0,Slippery,FAIL,85.5599647266314,-65.5599647266314,5.6
100,20,Moderate,Clear,0.05,Dry,FAIL,66.28086419753086,-46.28086419753086,8.0
100,20,Moderate,Clear,0.05,Wet,FAIL,74.79121278140886,-54.79121278140886,6.8
100,20,Moderate,Clear,0.05,Slippery,FAIL,86.94885361552029,-66.94885361552029,5.6
100,20,Moderate,Clear,0.1,Dry,FAIL,67.66975308641975,-47.669753086419746,8.0
100,20,Moderate,Clear,0.1,Wet,FAIL,76.18010167029774,-56.180101670297745,6.8
100,20,Moderate,Clear,0.1,Slippery,FAIL,88.33774250440918,-68.33774250440918,5.6
100,20,Moderate,Clear,0.15,Dry,FAIL,69.05864197530865,-49.058641975308646,8.0
100,20,Moderate,Clear,0.15,Wet,FAIL,77.56899055918664,-57.568990559186645,6.8
100,20,Moderate,Clear,0.15,Slippery,FAIL,89.72663139329808,-69.72663139329808,5.6
100,20,Moderate,Clear,0.25,Dry,FAIL,71.83641975308642,-51.83641975308642,8.0
100,20,Moderate,Clear,0.25,Wet,FAIL,80.34676833696442,-60.346768336964416,6.8
100,20,Moderate,Clear,0.25,Slippery,FAIL,92.50440917107585,-72.50440917107585,5.6
100,20,Moderate,Rain,0,Dry,FAIL,70.25034293552812,-50.250342935528124,7.2
100,20,Moderate,Rain,0,Wet,FAIL,79.70628580650367,-59.70628580650367,6.12
100,20,Moderate,Rain,0,Slippery,FAIL,93.21477562218304,-73.21477562218304,5.04
100,20,Moderate,Rain,0.05,Dry,FAIL,71.63923182441701,-51.63923182441701,7.2
100,20,Moderate,Rain,0.05,Wet,FAIL,81.09517469539256,-61.09517469539256,6.12
100,20,Moderate,Rain,0.05,Slippery,FAIL,94.60366451107193,-74.60366451107193,5.04
100,20,Moderate,Rain,0.1,Dry,FAIL,73.0281207133059,-53.028120713305896,7.2
100,20,Moderate,Rain,0.1,Wet,FAIL,82.48406358428144,-62.484063584281444,6.12
100,20,Moderate,Rain,0.1,Slippery,FAIL,95.99255339996081,-75.99255339996081,5.04
100,20,Moderate,Rain,0.15,Dry,FAIL,74.41700960219478,-54.41700960219478,7.2
100,20,Moderate,Rain,0.15,Wet,FAIL,83.87295247317034,-63.87295247317034,6.12
100,20,Moderate,Rain,0.15,Slippery,FAIL,97.38144228884971,-77.38144228884971,5.04
100,20,Moderate,Rain,0.25,Dry,FAIL,77.19478737997257,-57.19478737997257,7.2
100,20,Moderate,Rain,0.25,Wet,FAIL,86.65073025094811,-66.65073025094811,6.12
100,20,Moderate,Rain,0.25,Slippery,FAIL,100.15922006662748,-80.15922006662748,5.04
100,20,Moderate,Fog,0,Dry,FAIL,73.40232389251997,-53.40232389251997,6.8
100,20,Moderate,Fog,0,Wet,FAIL,83.41449869708234,-63.41449869708234,5.779999999999999
100,20,Moderate,Fog,0,Slippery,FAIL,97.71760556074283,-77.71760556074283,4.76
100,20,Moderate,Fog,0.05,Dry,FAIL,74.79121278140886,-54.79121278140886,6.8
100,20,Moderate,Fog,0.05,Wet,FAIL,84.80338758597122,-64.80338758597122,5.779999999999999
100,20,Moderate,Fog,0.05,Slippery,FAIL,99.10649444963171,-79.10649444963171,4.76
100,20,Moderate,Fog,0.1,Dry,FAIL,76.18010167029774,-56.180101670297745,6.8
100,20,Moderate,Fog,0.1,Wet,FAIL,86.19227647486011,-66.19227647486011,5.779999999999999
100,20,Moderate,Fog,0.1,Slippery,FAIL,100.4953833385206,-80.4953833385206,4.76
100,20,Moderate,Fog,0.15,Dry,FAIL,77.56899055918664,-57.568990559186645,6.8
100,20,Moderate,Fog,0.15,Wet,FAIL,87.581165363749,-67.581165363749,5.779999999999999
100,20,Moderate,Fog,0.15,Slippery,FAIL,101.8842722274095,-81.8842722274095,4.76
100,20,Moderate,Fog,0.25,Dry,FAIL,80.34676833696442,-60.346768336964416,6.8
100,20,Moderate,Fog,0.25,Wet,FAIL,90.35894314152678,-70.35894314152678,5.779999999999999
100,20,Moderate,Fog,0.25,Slippery,FAIL,104.66205000518727,-84.66205000518727,4.76
100,20,Poor,Clear,0,Dry,FAIL,67.66975308641975,-47.669753086419746,8.0
100,20,Poor,Clear,0,Wet,FAIL,76.18010167029774,-56.180101670297745,6.8
100,20,Poor,Clear,0,Slippery,FAIL,88.33774250440918,-68.33774250440918,5.6
100,20,Poor,Clear,0.05,Dry,FAIL,69.05864197530865,-49.058641975308646,8.0
100,20,Poor,Clear,0.05,Wet,FAIL,77.56899055918664,-57.568990559186645,6.8
100,20,Poor,Clear,0.05,Slippery,FAIL,89.72663139329808,-69.72663139329808,5.6
100,20,Poor,Clear,0.1,Dry,FAIL,70.44753086419753,-50.44753086419753,8.0
100,20,Poor,Clear,0.1,Wet,FAIL,78.95787944807553,-58.95787944807553,6.8
100,20,Poor,Clear,0.1,Slippery,FAIL,91.11552028218696,-71.11552028218696,5.6
100,20,Poor,Clear,0.15,Dry,FAIL,71.83641975308643,-51.83641975308643,8.0
100,20,Poor,Clear,0.15,Wet,FAIL,80.34676833696443,-60.34676833696443,6.8
100,20,Poor,Clear,0.15,Slippery,FAIL,92.50440917107585,-72.50440917107585,5.6
100,20,Poor,Clear,0.25,Dry,FAIL,74.6141975308642,-54.6141975308642,8.0
100,20,Poor,Clear,0.25,Wet,FAIL,83.1245461147422,-63.1245461147422,6.8
100,20,Poor,Clear,0.25,Slippery,FAIL,95.28218694885362,-75.28218694885362,5.6
100,20,Poor,Rain,0,Dry,FAIL,73.0281207133059,-53.028120713305896,7.2
100,20,Poor,Rain,0,Wet,FAIL,82.48406358428144,-62.484063584281444,6.12
100,20,Poor,Rain,0,Slippery,FAIL,95.99255339996081,-75.99255339996081,5.04
100,20,Poor,Rain,0.05,Dry,FAIL,74.41700960219478,-54.41700960219478,7.2
100,20,Poor,Rain,0.05,Wet,FAIL,83.87295247317034,-63.87295247317034,6.12
100,20,Poor,Rain,0.05,Slippery,FAIL,97.38144228884971,-77.38144228884971,5.04
100,20,Poor,Rain,0.1,Dry,FAIL,75.80589849108368,-55.80589849108368,7.2
100,20,Poor,Rain,0.1,Wet,FAIL,85.26184136205923,-65.26184136205923,6.12
100,20,Poor,Rain,0.1,Slippery,FAIL,98.7703311777386,-78.7703311777386,5.04
100,20,Poor,Rain,0.15,Dry,FAIL,77.19478737997257,-57.19478737997257,7.2
100,20,Poor,Rain,0.15,Wet,FAIL,86.65073025094813,-66.65073025094813,6.12
100,20,Poor,Rain,0.15,Slippery,FAIL,100.15922006662748,-80.15922006662748,5.04
100,20,Poor,Rain,0.25,Dry,FAIL,79.97256515775034,-59.97256515775034,7.2
100,20,Poor,Rain,0.25,Wet,FAIL,89.4285080287259,-69.4285080287259,6.12
100,20,Poor,Rain,0.25,Slippery,FAIL,102.93699784440525,-82.93699784440525,5.04
100,20,Poor,Fog,0,Dry,FAIL,76.18010167029774,-56.180101670297745,6.8
100,20,Poor,Fog,0,Wet,FAIL,86.19227647486011,-66.19227647486011,5.779999999999999
100,20,Poor,Fog,0,Slippery,FAIL,100.4953833385206,-80.4953833385206,4.76
100,20,Poor,Fog,0.05,Dry,FAIL,77.56899055918664,-57.568990559186645,6.8
100,20,Poor,Fog,0.05,Wet,FAIL,87.581165363749,-67.581165363749,5.779999999999999
100,20,Poor,Fog,0.05,Slippery,FAIL,101.8842722274095,-81.8842722274095,4.76
100,20,Poor,Fog,0.1,Dry,FAIL,78.95787944807553,-58.95787944807553,6.8
100,20,Poor,Fog,0.1,Wet,FAIL,88.9700542526379,-68.9700542526379,5.779999999999999
100,20,Poor,Fog,0.1,Slippery,FAIL,103.27316111629838,-83.27316111629838,4.76
100,20,Poor,Fog,0.15,Dry,FAIL,80.34676833696443,-60.34676833696443,6.8
100,20,Poor,Fog,0.15,Wet,FAIL,90.35894314152678,-70.35894314152678,5.779999999999999
100,20,Poor,Fog,0.15,Slippery,FAIL,104.66205000518727,-84.66205000518727,4.76
100,20,Poor,Fog,0.25,Dry,FAIL,83.1245461147422,-63.1245461147422,6.8
100,20,Poor,Fog,0.25,Wet,FAIL,93.13672091930455,-73.13672091930455,5.779999999999999
100,20,Poor,Fog,0.25,Slippery,FAIL,107.43982778296504,-87.43982778296504,4.76
100,30,Good,Clear,0,Dry,FAIL,62.1141975308642,-32.1141975308642,8.0
100,30,Good,Clear,0,Wet,FAIL,70.6245461147422,-40.6245461147422,6.8
100,30,Good,Clear,0,Slippery,FAIL,82.78218694885362,-52.78218694885362,5.6
100,30,Good,Clear,0.05,Dry,FAIL,63.50308641975309,-33.50308641975309,8.0
100,30,Good,Clear,0.05,Wet,FAIL,72.01343500363109,-42.01343500363109,6.8
100,30,Good,Clear,0.05,Slippery,FAIL,84.1710758377425,-54.17107583774251,5.6
100,30,Good,Clear,0.1,Dry,FAIL,64.89197530864197,-34.891975308641975,8.0
100,30,Good,Clear,0.1,Wet,FAIL,73.40232389251997,-43.40232389251997,6.8
100,30,Good,Clear,0.1,Slippery,FAIL,85.5599647266314,-55.55996472663141,5.6
100,30,Good,Clear,0.15,Dry,FAIL,66.28086419753086,-36.28086419753086,8.0
100,30,Good,Clear,0.15,Wet,FAIL,74.79121278140886,-44.79121278140886,6.8
100,30,Good,Clear,0.15,Slippery,FAIL,86.94885361552029,-56.94885361552029,5.6
100,30,Good,Clear,0.25,Dry,FAIL,69.05864197530865,-39.058641975308646,8.0
100,30,Good,Clear,0.25,Wet,FAIL,77.56899055918664,-47.568990559186645,6.8
100,30,Good,Clear,0.25,Slippery,FAIL,89.72663139329808,-59.72663139329808,5.6
100,30,Good,Rain,0,Dry,FAIL,67.47256515775034,-37.47256515775034,7.2
100,30,Good,Rain,0,Wet,FAIL,76.9285080287259,-46.9285080287259,6.12
100,30,Good,Rain,0,Slippery,FAIL,90.43699784440525,-60.436997844405255,5.04
100,30,Good,Rain,0.05,Dry,FAIL,68.86145404663924,-38.86145404663924,7.2
100,30,Good,Rain,0.05,Wet,FAIL,78.31739691761479,-48.317396917614786,6.12
100,30,Good,Rain,0.05,Slippery,FAIL,91.82588673329414,-61.82588673329414,5.04
100,30,Good,Rain,0.1,Dry,FAIL,70.25034293552812,-40.250342935528124,7.2
100,30,Good,Rain,0.1,Wet,FAIL,79.70628580650367,-49.70628580650367,6.12
100,30,Good,Rain,0.1,Slippery,FAIL,93.21477562218304,-63.21477562218304,5.04
100,30,Good,Rain,0.15,Dry,FAIL,71.63923182441701,-41.63923182441701,7.2
100,30,Good,Rain,0.15,Wet,FAIL,81.09517469539256,-51.09517469539256,6.12
100,30,Good,Rain,0.15,Slippery,FAIL,94.60366451107193,-64.60366451107193,5.04
100,30,Good,Rain,0.25,Dry,FAIL,74.41700960219478,-44.41700960219478,7.2
100,30,Good,Rain,0.25,Wet,FAIL,83.87295247317034,-53.87295247317034,6.12
100,30,Good,Rain,0.25,Slippery,FAIL,97.38144228884971,-67.38144228884971,5.04
100,30,Good,Fog,0,Dry,FAIL,70.6245461147422,-40.6245461147422,6.8
100,30,Good,Fog,0,Wet,FAIL,80.63672091930455,-50.63672091930455,5.779999999999999
100,30,Good,Fog,0,Slippery,FAIL,94.93982778296504,-64.93982778296504,4.76
100,30,Good,Fog,0.05,Dry,FAIL,72.01343500363109,-42.01343500363109,6.8
100,30,Good,Fog,0.05,Wet,FAIL,82.02560980819345,-52.02560980819345,5.779999999999999
100,30,Good,Fog,0.05,Slippery,FAIL,96.32871667185393,-66.32871667185393,4.76
100,30,Good,Fog,0.1,Dry,FAIL,73.40232389251997,-43.40232389251997,6.8
100,30,Good,Fog,0.1,Wet,FAIL,83.41449869708234,-53.41449869708234,5.779999999999999
100,30,Good,Fog,0.1,Slippery,FAIL,97.71760556074283,-67.71760556074283,4.76
100,30,Good,Fog,0.15,Dry,FAIL,74.79121278140886,-44.79121278140886,6.8
100,30,Good,Fog,0.15,Wet,FAIL,84.80338758597122,-54.80338758597122,5.779999999999999
100,30,Good,Fog,0.15,Slippery,FAIL,99.10649444963171,-69.10649444963171,4.76
100,30,Good,Fog,0.25,Dry,FAIL,77.56899055918664,-47.568990559186645,6.8
100,30,Good,Fog,0.25,Wet,FAIL,87.581165363749,-57.581165363748994,5.779999999999999
100,30,Good,Fog,0.25,Slippery,FAIL,101.8842722274095,-71.8842722274095,4.76
100,30,Moderate,Clear,0,Dry,FAIL,64.89197530864197,-34.891975308641975,8.0
100,30,Moderate,Clear,0,Wet,FAIL,73.40232389251997,-43.40232389251997,6.8
100,30,Moderate,Clear,0,Slippery,FAIL,85.5599647266314,-55.55996472663141,5.6
100,30,Moderate,Clear,0.05,Dry,FAIL,66.28086419753086,-36.28086419753086,8.0
100,30,Moderate,Clear,0.05,Wet,FAIL,74.79121278140886,-44.79121278140886,6.8
100,30,Moderate,Clear,0.05,Slippery,FAIL,86.94885361552029,-56.94885361552029,5.6
100,30,Moderate,Clear,0.1,Dry,FAIL,67.66975308641975,-37.669753086419746,8.0
100,30,Moderate,Clear,0.1,Wet,FAIL,76.18010167029774,-46.180101670297745,6.8
100,30,Moderate,Clear,0.1,Slippery,FAIL,88.33774250440918,-58.33774250440918,5.6
100,30,Moderate,Clear,0.15,Dry,FAIL,69.05864197530865,-39.058641975308646,8.0
100,30,Moderate,Clear,0.15,Wet,FAIL,77.56899055918664,-47.568990559186645,6.8
100,30,Moderate,Clear,0.15,Slippery,FAIL,89.72663139329808,-59.72663139329808,5.6
100,30,Moderate,Clear,0.25,Dry,FAIL,71.83641975308642,-41.83641975308642,8.0
100,30,Moderate,Clear,0.25,Wet,FAIL,80.34676833696442,-50.346768336964416,6.8
100,30,Moderate,Clear,0.25,Slippery,FAIL,92.50440917107585,-62.50440917107585,5.6
100,30,Moderate,Rain,0,Dry,FAIL,70.25034293552812,-40.250342935528124,7.2
100,30,Moderate,Rain,0,Wet,FAIL,79.70628580650367,-49.70628580650367,6.12
100,30,Moderate,Rain,0,Slippery,FAIL,93.21477562218304,-63.21477562218304,5.04
100,30,Moderate,Rain,0.05,Dry,FAIL,71.63923182441701,-41.63923182441701,7.2
100,30,Moderate,Rain,0.05,Wet,FAIL,81.09517469539256,-51.09517469539256,6.12
100,30,Moderate,Rain,0.05,Slippery,FAIL,94.60366451107193,-64.60366451107193,5.04
100,30,Moderate,Rain,0.1,Dry,FAIL,73.0281207133059,-43.028120713305896,7.2
100,30,Moderate,Rain,0.1,Wet,FAIL,82.48406358428144,-52.484063584281444,6.12
100,30,Moderate,Rain,0.1,Slippery,FAIL,95.99255339996081,-65.99255339996081,5.04
100,30,Moderate,Rain,0.15,Dry,FAIL,74.41700960219478,-44.41700960219478,7.2
100,30,Moderate,Rain,0.15,Wet,FAIL,83.87295247317034,-53.87295247317034,6.12
100,30,Moderate,Rain,0.15,Slippery,FAIL,97.38144228884971,-67.38144228884971,5.04
100,30,Moderate,Rain,0.25,Dry,FAIL,77.19478737997257,-47.19478737997257,7.2
100,30,Moderate,Rain,0.25,Wet,FAIL,86.65073025094811,-56.650730250948115,6.12
100,30,Moderate,Rain,0.25,Slippery,FAIL,100.15922006662748,-70.15922006662748,5.04
100,30,Moderate,Fog,0,Dry,FAIL,73.40232389251997,-43.40232389251997,6.8
100,30,Moderate,Fog,0,Wet,FAIL,83.41449869708234,-53.41449869708234,5.779999999999999
100,30,Moderate,Fog,0,Slippery,FAIL,97.71760556074283,-67.71760556074283,4.76
100,30,Moderate,Fog,0.05,Dry,FAIL,74.79121278140886,-44.79121278140886,6.8
100,30,Moderate,Fog,0.05,Wet,FAIL,84.80338758597122,-54.80338758597122,5.779999999999999
100,30,Moderate,Fog,0.05,Slippery,FAIL,99.10649444963171,-69.10649444963171,4.76
100,30,Moderate,Fog,0.1,Dry,FAIL,76.18010167029774,-46.180101670297745,6.8
100,30,Moderate,Fog,0.1,Wet,FAIL,86.19227647486011,-56.19227647486011,5.779999999999999
100,30,Moderate,Fog,0.1,Slippery,FAIL,100.4953833385206,-70.4953833385206,4.76
100,30,Moderate,Fog,0.15,Dry,FAIL,77.56899055918664,-47.568990559186645,6.8
100,30,Moderate,Fog,0.15,Wet,FAIL,87.581165363749,-57.581165363748994,5.779999999999999
100,30,Moderate,Fog,0.15,Slippery,FAIL,101.8842722274095,-71.8842722274095,4.76
100,30,Moderate,Fog,0.25,Dry,FAIL,80.34676833696442,-50.346768336964416,6.8
100,30,Moderate,Fog,0.25,Wet,FAIL,90.35894314152678,-60.35894314152678,5.779999999999999
100,30,Moderate,Fog,0.25,Slippery,FAIL,104.66205000518727,-74.66205000518727,4.76
100,30,Poor,Clear,0,Dry,FAIL,67.66975308641975,-37.669753086419746,8.0
100,30,Poor,Clear,0,Wet,FAIL,76.18010167029774,-46.180101670297745,6.8
100,30,Poor,Clear,0,Slippery,FAIL,88.33774250440918,-58.33774250440918,5.6
100,30,Poor,Clear,0.05,Dry,FAIL,69.05864197530865,-39.058641975308646,8.0
100,30,Poor,Clear,0.05,Wet,FAIL,77.56899055918664,-47.568990559186645,6.8
100,30,Poor,Clear,0.05,Slippery,FAIL,89.72663139329808,-59.72663139329808,5.6
100,30,Poor,Clear,0.1,Dry,FAIL,70.44753086419753,-40.44753086419753,8.0
100,30,Poor,Clear,0.1,Wet,FAIL,78.95787944807553,-48.95787944807553,6.8
100,30,Poor,Clear,0.1,Slippery,FAIL,91.11552028218696,-61.115520282186964,5.6
100,30,Poor,Clear,0.15,Dry,FAIL,71.83641975308643,-41.83641975308643,8.0
100,30,Poor,Clear,0.15,Wet,FAIL,80.34676833696443,-50.34676833696443,6.8
100,30,Poor,Clear,0.15,Slippery,FAIL,92.50440917107585,-62.50440917107585,5.6
100,30,Poor,Clear,0.25,Dry,FAIL,74.6141975308642,-44.6141975308642,8.0
100,30,Poor,Clear,0.25,Wet,FAIL,83.1245461147422,-53.1245461147422,6.8
100,30,Poor,Clear,0.25,Slippery,FAIL,95.28218694885362,-65.28218694885362,5.6
100,30,Poor,Rain,0,Dry,FAIL,73.0281207133059,-43.028120713305896,7.2
100,30,Poor,Rain,0,Wet,FAIL,82.48406358428144,-52.484063584281444,6.12
100,30,Poor,Rain,0,Slippery,FAIL,95.99255339996081,-65.99255339996081,5.04
100,30,Poor,Rain,0.05,Dry,FAIL,74.41700960219478,-44.41700960219478,7.2
100,30,Poor,Rain,0.05,Wet,FAIL,83.87295247317034,-53.87295247317034,6.12
100,30,Poor,Rain,0.05,Slippery,FAIL,97.38144228884971,-67.38144228884971,5.04
100,30,Poor,Rain,0.1,Dry,FAIL,75.80589849108368,-45.80589849108368,7.2
100,30,Poor,Rain,0.1,Wet,FAIL,85.26184136205923,-55.26184136205923,6.12
100,30,Poor,Rain,0.1,Slippery,FAIL,98.7703311777386,-68.7703311777386,5.04
100,30,Poor,Rain,0.15,Dry,FAIL,77.19478737997257,-47.19478737997257,7.2
100,30,Poor,Rain,0.15,Wet,FAIL,86.65073025094813,-56.65073025094813,6.12
100,30,Poor,Rain,0.15,Slippery,FAIL,100.15922006662748,-70.15922006662748,5.04
100,30,Poor,Rain,0.25,Dry,FAIL,79.97256515775034,-49.97256515775034,7.2
100,30,Poor,Rain,0.25,Wet,FAIL,89.4285080287259,-59.4285080287259,6.12
100,30,Poor,Rain,0.25,Slippery,FAIL,102.93699784440525,-72.93699784440525,5.04
100,30,Poor,Fog,0,Dry,FAIL,76.18010167029774,-46.180101670297745,6.8
100,30,Poor,Fog,0,Wet,FAIL,86.19227647486011,-56.19227647486011,5.779999999999999
100,30,Poor,Fog,0,Slippery,FAIL,100.4953833385206,-70.4953833385206,4.76
100,30,Poor,Fog,0.05,Dry,FAIL,77.56899055918664,-47.568990559186645,6.8
100,30,Poor,Fog,0.05,Wet,FAIL,87.581165363749,-57.581165363748994,5.779999999999999
100,30,Poor,Fog,0.05,Slippery,FAIL,101.8842722274095,-71.8842722274095,4.76
100,30,Poor,Fog,0.1,Dry,FAIL,78.95787944807553,-48.95787944807553,6.8
100,30,Poor,Fog,0.1,Wet,FAIL,88.9700542526379,-58.970054252637894,5.779999999999999
100,30,Poor,Fog,0.1,Slippery,FAIL,103.27316111629838,-73.27316111629838,4.76
100,30,Poor,Fog,0.15,Dry,FAIL,80.34676833696443,-50.34676833696443,6.8
100,30,Poor,Fog,0.15,Wet,FAIL,90.35894314152678,-60.35894314152678,5.779999999999999
100,30,Poor,Fog,0.15,Slippery,FAIL,104.66205000518727,-74.66205000518727,4.76
100,30,Poor,Fog,0.25,Dry,FAIL,83.1245461147422,-53.1245461147422,6.8
100,30,Poor,Fog,0.25,Wet,FAIL,93.13672091930455,-63.13672091930455,5.779999999999999
100,30,Poor,Fog,0.25,Slippery,FAIL,107.43982778296504,-77.43982778296504,4.76
120,5,Good,Clear,0,Dry,FAIL,86.11111111111113,-81.11111111111113,8.0
120,5,Good,Clear,0,Wet,FAIL,98.36601307189545,-93.36601307189545,6.8
120,5,Good,Clear,0,Slippery,FAIL,115.8730158730159,-110.8730158730159,5.6
120,5,Good,Clear,0.05,Dry,FAIL,87.7777777777778,-82.7777777777778,8.0
120,5,Good,Clear,0.05,Wet,FAIL,100.03267973856211,-95.03267973856211,6.8
120,5,Good,Clear,0.05,Slippery,FAIL,117.53968253968256,-112.53968253968256,5.6
120,5,Good,Clear,0.1,Dry,FAIL,89.44444444444446,-84.44444444444446,8.0
120,5,Good,Clear,0.1,Wet,FAIL,101.69934640522878,-96.69934640522878,6.8
120,5,Good,Clear,0.1,Slippery,FAIL,119.20634920634923,-114.20634920634923,5.6
120,5,Good,Clear,0.15,Dry,FAIL,91.11111111111113,-86.11111111111113,8.0
120,5,Good,Clear,0.15,Wet,FAIL,103.36601307189545,-98.36601307189545,6.8
120,5,Good,Clear,0.15,Slippery,FAIL,120.8730158730159,-115.8730158730159,5.6
120,5,Good,Clear,0.25,Dry,FAIL,94.44444444444446,-89.44444444444446,8.0
120,5,Good,Clear,0.25,Wet,FAIL,106.69934640522878,-101.69934640522878,6.8
120,5,Good,Clear,0.25,Slippery,FAIL,124.20634920634923,-119.20634920634923,5.6
120,5,Good,Rain,0,Dry,FAIL,93.82716049382718,-88.82716049382718,7.2
120,5,Good,Rain,0,Wet,FAIL,107.44371822803197,-102.44371822803197,6.12
120,5,Good,Rain,0,Slippery,FAIL,126.89594356261026,-121.89594356261026,5.04
120,5,Good,Rain,0.05,Dry,FAIL,95.49382716049385,-90.49382716049385,7.2
120,5,Good,Rain,0.05,Wet,FAIL,109.11038489469863,-104.11038489469863,6.12
120,5,Good,Rain,0.05,Slippery,FAIL,128.5626102292769,-123.56261022927691,5.04
120,5,Good,Rain,0.1,Dry,FAIL,97.16049382716051,-92.16049382716051,7.2
120,5,Good,Rain,0.1,Wet,FAIL,110.7770515613653,-105.7770515613653,6.12
120,5,Good,Rain,0.1,Slippery,FAIL,130.2292768959436,-125.2292768959436,5.04
120,5,Good,Rain,0.15,Dry,FAIL,98.82716049382718,-93.82716049382718,7.2
120,5,Good,Rain,0.15,Wet,FAIL,112.44371822803197,-107.44371822803197,6.12
120,5,Good,Rain,0.15,Slippery,FAIL,131.89594356261026,-126.89594356261026,5.04
120,5,Good,Rain,0.25,Dry,FAIL,102.16049382716051,-97.16049382716051,7.2
120,5,Good,Rain,0.25,Wet,FAIL,115.7770515613653,-110.7770515613653,6.12
120,5,Good,Rain,0.25,Slippery,FAIL,135.2292768959436,-130.2292768959436,5.04
120,5,Good,Fog,0,Dry,FAIL,98.36601307189545,-93.36601307189545,6.8
120,5,Good,Fog,0,Wet,FAIL,112.78354479046524,-107.78354479046524,5.779999999999999
120,5,Good,Fog,0,Slippery,FAIL,133.38001867413635,-128.38001867413635,4.76
120,5,Good,Fog,0.05,Dry,FAIL,100.03267973856211,-95.03267973856211,6.8
120,5,Good,Fog,0.05,Wet,FAIL,114.4502114571319,-109.4502114571319,5.779999999999999
120,5,Good,Fog,0.05,Slippery,FAIL,135.046685340803,-130.046685340803,4.76
120,5,Good,Fog,0.1,Dry,FAIL,101.69934640522878,-96.69934640522878,6.8
120,5,Good,Fog,0.1,Wet,FAIL,116.11687812379857,-111.11687812379857,5.779999999999999
120,5,Good,Fog,0.1,Slippery,FAIL,136.71335200746967,-131.71335200746967,4.76
120,5,Good,Fog,0.15,Dry,FAIL,103.36601307189545,-98.36601307189545,6.8
120,5,Good,Fog,0.15,Wet,FAIL,117.78354479046524,-112.78354479046524,5.779999999999999
120,5,Good,Fog,0.15,Slippery,FAIL,138.38001867413635,-133.38001867413635,4.76
120,5,Good,Fog,0.25,Dry,FAIL,106.69934640522878,-101.69934640522878,6.8
120,5,Good,Fog,0.25,Wet,FAIL,121.11687812379857,-116.11687812379857,5.779999999999999
120,5,Good,Fog,0.25,Slippery,FAIL,141.71335200746967,-136.71335200746967,4.76
120,5,Moderate,Clear,0,Dry,FAIL,89.44444444444446,-84.44444444444446,8.0
120,5,Moderate,Clear,0,Wet,FAIL,101.69934640522878,-96.69934640522878,6.8
120,5,Moderate,Clear,0,Slippery,FAIL,119.20634920634923,-114.20634920634923,5.6
120,5,Moderate,Clear,0.05,Dry,FAIL,91.11111111111113,-86.11111111111113,8.0
120,5,Moderate,Clear,0.05,Wet,FAIL,103.36601307189545,-98.36601307189545,6.8
120,5,Moderate,Clear,0.05,Slippery,FAIL,120.8730158730159,-115.8730158730159,5.6
120,5,Moderate,Clear,0.1,Dry,FAIL,92.77777777777779,-87.77777777777779,8.0
120,5,Moderate,Clear,0.1,Wet,FAIL,105.03267973856211,-100.03267973856211,6.8
120,5,Moderate,Clear,0.1,Slippery,FAIL,122.53968253968256,-117.53968253968256,5.6
120,5,Moderate,Clear,0.15,Dry,FAIL,94.44444444444446,-89.44444444444446,8.0
120,5,Moderate,Clear,0.15,Wet,FAIL,106.69934640522878,-101.69934640522878,6.8
120,5,Moderate,Clear,0.15,Slippery,FAIL,124.20634920634923,-119.20634920634923,5.6
120,5,Moderate,Clear,0.25,Dry,FAIL,97.7777777777778,-92.7777777777778,8.0
120,5,Moderate,Clear,0.25,Wet,FAIL,110.03267973856211,-105.03267973856211,6.8
120,5,Moderate,Clear,0.25,Slippery,FAIL,127.53968253968256,-122.53968253968256,5.6
120,5,Moderate,Rain,0,Dry,FAIL,97.16049382716051,-92.16049382716051,7.2
120,5,Moderate,Rain,0,Wet,FAIL,110.7770515613653,-105.7770515613653,6.12
120,5,Moderate,Rain,0,Slippery,FAIL,130.2292768959436,-125.2292768959436,5.04
120,5,Moderate,Rain,0.05,Dry,FAIL,98.82716049382718,-93.82716049382718,7.2
120,5,Moderate,Rain,0.05,Wet,FAIL,112.44371822803197,-107.44371822803197,6.12
120,5,Moderate,Rain,0.05,Slippery,FAIL,131.89594356261026,-126.89594356261026,5.04
120,5,Moderate,Rain,0.1,Dry,FAIL,100.49382716049384,-95.49382716049384,7.2
120,5,Moderate,Rain,0.1,Wet,FAIL,114.11038489469863,-109.11038489469863,6.12
120,5,Moderate,Rain,0.1,Slippery,FAIL,133.5626102292769,-128.5626102292769,5.04
120,5,Moderate,Rain,0.15,Dry,FAIL,102.16049382716051,-97.16049382716051,7.2
120,5,Moderate,Rain,0.15,Wet,FAIL,115.7770515613653,-110.7770515613653,6.12
120,5,Moderate,Rain,0.15,Slippery,FAIL,135.2292768959436,-130.2292768959436,5.04
120,5,Moderate,Rain,0.25,Dry,FAIL,105.49382716049385,-100.49382716049385,7.2
120,5,Moderate,Rain,0.25,Wet,FAIL,119.11038489469863,-114.11038489469863,6.12
120,5,Moderate,Rain,0.25,Slippery,FAIL,138.5626102292769,-133.5626102292769,5.04
120,5,Moderate,Fog,0,Dry,FAIL,101.69934640522878,-96.69934640522878,6.8
120,5,Moderate,Fog,0,Wet,FAIL,116.11687812379857,-111.11687812379857,5.779999999999999
120,5,Moderate,Fog,0,Slippery,FAIL,136.71335200746967,-131.71335200746967,4.76
120,5,Moderate,Fog,0.05,Dry,FAIL,103.36601307189545,-98.36601307189545,6.8
120,5,Moderate,Fog,0.05,Wet,FAIL,117.78354479046524,-112.78354479046524,5.779999999999999
120,5,Moderate,Fog,0.05,Slippery,FAIL,138.38001867413635,-133.38001867413635,4.76
120,5,Moderate,Fog,0.1,Dry,FAIL,105.03267973856211,-100.03267973856211,6.8
120,5,Moderate,Fog,0.1,Wet,FAIL,119.4502114571319,-114.4502114571319,5.779999999999999
120,5,Moderate,Fog,0.1,Slippery,FAIL,140.046685340803,-135.046685340803,4.76
120,5,Moderate,Fog,0.15,Dry,FAIL,106.69934640522878,-101.69934640522878,6.8
120,5,Moderate,Fog,0.15,Wet,FAIL,121.11687812379857,-116.11687812379857,5.779999999999999
120,5,Moderate,Fog,0.15,Slippery,FAIL,141.71335200746967,-136.71335200746967,4.76
120,5,Moderate,Fog,0.25,Dry,FAIL,110.03267973856211,-105.03267973856211,6.8
120,5,Moderate,Fog,0.25,Wet,FAIL,124.4502114571319,-119.4502114571319,5.779999999999999
120,5,Moderate,Fog,0.25,Slippery,FAIL,145.046685340803,-140.046685340803,4.76
120,5,Poor,Clear,0,Dry,FAIL,92.77777777777779,-87.77777777777779,8.0
120,5,Poor,Clear,0,Wet,FAIL,105.03267973856211,-100.03267973856211,6.8
120,5,Poor,Clear,0,Slippery,FAIL,122.53968253968256,-117.53968253968256,5.6
120,5,Poor,Clear,0.05,Dry,FAIL,94.44444444444446,-89.44444444444446,8.0
120,5,Poor,Clear,0.05,Wet,FAIL,106.69934640522878,-101.69934640522878,6.8
120,5,Poor,Clear,0.05,Slippery,FAIL,124.20634920634923,-119.20634920634923,5.6
120,5,Poor,Clear,0.1,Dry,FAIL,96.11111111111113,-91.11111111111113,8.0
120,5,Poor,Clear,0.1,Wet,FAIL,108.36601307189545,-103.36601307189545,6.8
120,5,Poor,Clear,0.1,Slippery,FAIL,125.8730158730159,-120.8730158730159,5.6
120,5,Poor,Clear,0.15,Dry,FAIL,97.7777777777778,-92.7777777777778,8.0
120,5,Poor,Clear,0.15,Wet,FAIL,110.03267973856212,-105.03267973856212,6.8
120,5,Poor,Clear,0.15,Slippery,FAIL,127.53968253968257,-122.53968253968257,5.6
120,5,Poor,Clear,0.25,Dry,FAIL,101.11111111111113,-96.11111111111113,8.0
120,5,Poor,Clear,0.25,Wet,FAIL,113.36601307189545,-108.36601307189545,6.8
120,5,Poor,Clear,0.25,Slippery,FAIL,130.8730158730159,-125.8730158730159,5.6
120,5,Poor,Rain,0,Dry,FAIL,100.49382716049384,-95.49382716049384,7.2
120,5,Poor,Rain,0,Wet,FAIL,114.11038489469863,-109.11038489469863,6.12
120,5,Poor,Rain,0,Slippery,FAIL,133.5626102292769,-128.5626102292769,5.04
120,5,Poor,Rain,0.05,Dry,FAIL,102.16049382716051,-97.16049382716051,7.2
120,5,Poor,Rain,0.05,Wet,FAIL,115.7770515613653,-110.7770515613653,6.12
120,5,Poor,Rain,0.05,Slippery,FAIL,135.2292768959436,-130.2292768959436,5.04
120,5,Poor,Rain,0.1,Dry,FAIL,103.82716049382718,-98.82716049382718,7.2
120,5,Poor,Rain,0.1,Wet,FAIL,117.44371822803197,-112.44371822803197,6.12
120,5,Poor,Rain,0.1,Slippery,FAIL,136.89594356261026,-131.89594356261026,5.04
120,5,Poor,Rain,0.15,Dry,FAIL,105.49382716049385,-100.49382716049385,7.2
120,5,Poor,Rain,0.15,Wet,FAIL,119.11038489469864,-114.11038489469864,6.12
120,5,Poor,Rain,0.15,Slippery,FAIL,138.5626102292769,-133.5626102292769,5.04
120,5,Poor,Rain,0.25,Dry,FAIL,108.82716049382718,-103.82716049382718,7.2
120,5,Poor,Rain,0.25,Wet,FAIL,122.44371822803197,-117.44371822803197,6.12
120,5,Poor,Rain,0.25,Slippery,FAIL,141.89594356261026,-136.89594356261026,5.04
120,5,Poor,Fog,0,Dry,FAIL,105.03267973856211,-100.03267973856211,6.8
120,5,Poor,Fog,0,Wet,FAIL,119.4502114571319,-114.4502114571319,5.779999999999999
120,5,Poor,Fog,0,Slippery,FAIL,140.046685340803,-135.046685340803,4.76
120,5,Poor,Fog,0.05,Dry,FAIL,106.69934640522878,-101.69934640522878,6.8
120,5,Poor,Fog,0.05,Wet,FAIL,121.11687812379857,-116.11687812379857,5.779999999999999
120,5,Poor,Fog,0.05,Slippery,FAIL,141.71335200746967,-136.71335200746967,4.76
120,5,Poor,Fog,0.1,Dry,FAIL,108.36601307189545,-103.36601307189545,6.8
120,5,Poor,Fog,0.1,Wet,FAIL,122.78354479046524,-117.78354479046524,5.779999999999999
120,5,Poor,Fog,0.1,Slippery,FAIL,143.38001867413635,-138.38001867413635,4.76
120,5,Poor,Fog,0.15,Dry,FAIL,110.03267973856212,-105.03267973856212,6.8
120,5,Poor,Fog,0.15,Wet,FAIL,124.45021145713191,-119.45021145713191,5.779999999999999
120,5,Poor,Fog,0.15,Slippery,FAIL,145.046685340803,-140.046685340803,4.76
120,5,Poor,Fog,0.25,Dry,FAIL,113.36601307189545,-108.36601307189545,6.8
120,5,Poor,Fog,0.25,Wet,FAIL,127.78354479046524,-122.78354479046524,5.779999999999999
120,5,Poor,Fog,0.25,Slippery,FAIL,148.38001867413635,-143.38001867413635,4.76
120,10,Good,Clear,0,Dry,FAIL,86.11111111111113,-76.11111111111113,8.0
120,10,Good,Clear,0,Wet,FAIL,98.36601307189545,-88.36601307189545,6.8
120,10,Good,Clear,0,Slippery,FAIL,115.8730158730159,-105.8730158730159,5.6
120,10,Good,Clear,0.05,Dry,FAIL,87.7777777777778,-77.7777777777778,8.0
120,10,Good,Clear,0.05,Wet,FAIL,100.03267973856211,-90.03267973856211,6.8
120,10,Good,Clear,0.05,Slippery,FAIL,117.53968253968256,-107.53968253968256,5.6
120,10,Good,Clear,0.1,Dry,FAIL,89.44444444444446,-79.44444444444446,8.0
120,10,Good,Clear,0.1,Wet,FAIL,101.69934640522878,-91.69934640522878,6.8
120,10,Good,Clear,0.1,Slippery,FAIL,119.20634920634923,-109.20634920634923,5.6
120,10,Good,Clear,0.15,Dry,FAIL,91.11111111111113,-81.11111111111113,8.0
120,10,Good,Clear,0.15,Wet,FAIL,103.36601307189545,-93.36601307189545,6.8
120,10,Good,Clear,0.15,Slippery,FAIL,120.8730158730159,-110.8730158730159,5.6
120,10,Good,Clear,0.25,Dry,FAIL,94.44444444444446,-84.44444444444446,8.0
120,10,Good,Clear,0.25,Wet,FAIL,106.69934640522878,-96.69934640522878,6.8
120,10,Good,Clear,0.25,Slippery,FAIL,124.20634920634923,-114.20634920634923,5.6
120,10,Good,Rain,0,Dry,FAIL,93.82716049382718,-83.82716049382718,7.2
120,10,Good,Rain,0,Wet,FAIL,107.44371822803197,-97.44371822803197,6.12
120,10,Good,Rain,0,Slippery,FAIL,126.89594356261026,-116.89594356261026,5.04
120,10,Good,Rain,0.05,Dry,FAIL,95.49382716049385,-85.49382716049385,7.2
120,10,Good,Rain,0.05,Wet,FAIL,109.11038489469863,-99.11038489469863,6.12
120,10,Good,Rain,0.05,Slippery,FAIL,128.5626102292769,-118.56261022927691,5.04
120,10,Good,Rain,0.1,Dry,FAIL,97.16049382716051,-87.16049382716051,7.2
120,10,Good,Rain,0.1,Wet,FAIL,110.7770515613653,-100.7770515613653,6.12
120,10,Good,Rain,0.1,Slippery,FAIL,130.2292768959436,-120.2292768959436,5.04
120,10,Good,Rain,0.15,Dry,FAIL,98.82716049382718,-88.82716049382718,7.2
120,10,Good,Rain,0.15,Wet,FAIL,112.44371822803197,-102.44371822803197,6.12
120,10,Good,Rain,0.15,Slippery,FAIL,131.89594356261026,-121.89594356261026,5.04
120,10,Good,Rain,0.25,Dry,FAIL,102.16049382716051,-92.16049382716051,7.2
120,10,Good,Rain,0.25,Wet,FAIL,115.7770515613653,-105.7770515613653,6.12
120,10,Good,Rain,0.25,Slippery,FAIL,135.2292768959436,-125.2292768959436,5.04
120,10,Good,Fog,0,Dry,FAIL,98.36601307189545,-88.36601307189545,6.8
120,10,Good,Fog,0,Wet,FAIL,112.78354479046524,-102.78354479046524,5.779999999999999
120,10,Good,Fog,0,Slippery,FAIL,133.38001867413635,-123.38001867413635,4.76
120,10,Good,Fog,0.05,Dry,FAIL,100.03267973856211,-90.03267973856211,6.8
120,10,Good,Fog,0.05,Wet,FAIL,114.4502114571319,-104.4502114571319,5.779999999999999
120,10,Good,Fog,0.05,Slippery,FAIL,135.046685340803,-125.04668534080301,4.76
120,10,Good,Fog,0.1,Dry,FAIL,101.69934640522878,-91.69934640522878,6.8
120,10,Good,Fog,0.1,Wet,FAIL,116.11687812379857,-106.11687812379857,5.779999999999999
120,10,Good,Fog,0.1,Slippery,FAIL,136.71335200746967,-126.71335200746967,4.76
120,10,Good,Fog,0.15,Dry,FAIL,103.36601307189545,-93.36601307189545,6.8
120,10,Good,Fog,0.15,Wet,FAIL,117.78354479046524,-107.78354479046524,5.779999999999999
120,10,Good,Fog,0.15,Slippery,FAIL,138.38001867413635,-128.38001867413635,4.76
120,10,Good,Fog,0.25,Dry,FAIL,106.69934640522878,-96.69934640522878,6.8
120,10,Good,Fog,0.25,Wet,FAIL,121.11687812379857,-111.11687812379857,5.779999999999999
120,10,Good,Fog,0.25,Slippery,FAIL,141.71335200746967,-131.71335200746967,4.76
120,10,Moderate,Clear,0,Dry,FAIL,89.44444444444446,-79.44444444444446,8.0
120,10,Moderate,Clear,0,Wet,FAIL,101.69934640522878,-91.69934640522878,6.8
120,10,Moderate,Clear,0,Slippery,FAIL,119.20634920634923,-109.20634920634923,5.6
120,10,Moderate,Clear,0.05,Dry,FAIL,91.11111111111113,-81.11111111111113,8.0
120,10,Moderate,Clear,0.05,Wet,FAIL,103.36601307189545,-93.36601307189545,6.8
120,10,Moderate,Clear,0.05,Slippery,FAIL,120.8730158730159,-110.8730158730159,5.6
120,10,Moderate,Clear,0.1,Dry,FAIL,92.77777777777779,-82.77777777777779,8.0
120,10,Moderate,Clear,0.1,Wet,FAIL,105.03267973856211,-95.03267973856211,6.8
120,10,Moderate,Clear,0.1,Slippery,FAIL,122.53968253968256,-112.53968253968256,5.6
120,10,Moderate,Clear,0.15,Dry,FAIL,94.44444444444446,-84.44444444444446,8.0
120,10,Moderate,Clear,0.15,Wet,FAIL,106.69934640522878,-96.69934640522878,6.8
120,10,Moderate,Clear,0.15,Slippery,FAIL,124.20634920634923,-114.20634920634923,5.6
120,10,Moderate,Clear,0.25,Dry,FAIL,97.7777777777778,-87.7777777777778,8.0
120,10,Moderate,Clear,0.25,Wet,FAIL,110.03267973856211,-100.03267973856211,6.8
120,10,Moderate,Clear,0.25,Slippery,FAIL,127.53968253968256,-117.53968253968256,5.6
120,10,Moderate,Rain,0,Dry,FAIL,97.16049382716051,-87.16049382716051,7.2
120,10,Moderate,Rain,0,Wet,FAIL,110.7770515613653,-100.7770515613653,6.12
120,10,Moderate,Rain,0,Slippery,FAIL,130.2292768959436,-120.2292768959436,5.04
120,10,Moderate,Rain,0.05,Dry,FAIL,98.82716049382718,-88.82716049382718,7.2
120,10,Moderate,Rain,0.05,Wet,FAIL,112.44371822803197,-102.44371822803197,6.12
120,10,Moderate,Rain,0.05,Slippery,FAIL,131.89594356261026,-121.89594356261026,5.04
120,10,Moderate,Rain,0.1,Dry,FAIL,100.49382716049384,-90.49382716049384,7.2
120,10,Moderate,Rain,0.1,Wet,FAIL,114.11038489469863,-104.11038489469863,6.12
120,10,Moderate,Rain,0.1,Slippery,FAIL,133.5626102292769,-123.56261022927691,5.04
120,10,Moderate,Rain,0.15,Dry,FAIL,102.16049382716051,-92.16049382716051,7.2
120,10,Moderate,Rain,0.15,Wet,FAIL,115.7770515613653,-105.7770515613653,6.12
120,10,Moderate,Rain,0.15,Slippery,FAIL,135.2292768959436,-125.2292768959436,5.04
120,10,Moderate,Rain,0.25,Dry,FAIL,105.49382716049385,-95.49382716049385,7.2
120,10,Moderate,Rain,0.25,Wet,FAIL,119.11038489469863,-109.11038489469863,6.12
120,10,Moderate,Rain,0.25,Slippery,FAIL,138.5626102292769,-128.5626102292769,5.04
120,10,Moderate,Fog,0,Dry,FAIL,101.69934640522878,-91.69934640522878,6.8
120,10,Moderate,Fog,0,Wet,FAIL,116.11687812379857,-106.11687812379857,5.779999999999999
120,10,Moderate,Fog,0,Slippery,FAIL,136.71335200746967,-126.71335200746967,4.76
120,10,Moderate,Fog,0.05,Dry,FAIL,103.36601307189545,-93.36601307189545,6.8
120,10,Moderate,Fog,0.05,Wet,FAIL,117.78354479046524,-107.78354479046524,5.779999999999999
120,10,Moderate,Fog,0.05,Slippery,FAIL,138.38001867413635,-128.38001867413635,4.76
120,10,Moderate,Fog,0.1,Dry,FAIL,105.03267973856211,-95.03267973856211,6.8
120,10,Moderate,Fog,0.1,Wet,FAIL,119.4502114571319,-109.4502114571319,5.779999999999999
120,10,Moderate,Fog,0.1,Slippery,FAIL,140.046685340803,-130.046685340803,4.76
120,10,Moderate,Fog,0.15,Dry,FAIL,106.69934640522878,-96.69934640522878,6.8
120,10,Moderate,Fog,0.15,Wet,FAIL,121.11687812379857,-111.11687812379857,5.779999999999999
120,10,Moderate,Fog,0.15,Slippery,FAIL,141.71335200746967,-131.71335200746967,4.76
120,10,Moderate,Fog,0.25,Dry,FAIL,110.03267973856211,-100.03267973856211,6.8
120,10,Moderate,Fog,0.25,Wet,FAIL,124.4502114571319,-114.4502114571319,5.779999999999999
120,10,Moderate,Fog,0.25,Slippery,FAIL,145.046685340803,-135.046685340803,4.76
120,10,Poor,Clear,0,Dry,FAIL,92.77777777777779,-82.77777777777779,8.0
120,10,Poor,Clear,0,Wet,FAIL,105.03267973856211,-95.03267973856211,6.8
120,10,Poor,Clear,0,Slippery,FAIL,122.53968253968256,-112.53968253968256,5.6
120,10,Poor,Clear,0.05,Dry,FAIL,94.44444444444446,-84.44444444444446,8.0
120,10,Poor,Clear,0.05,Wet,FAIL,106.69934640522878,-96.69934640522878,6.8
120,10,Poor,Clear,0.05,Slippery,FAIL,124.20634920634923,-114.20634920634923,5.6
120,10,Poor,Clear,0.1,Dry,FAIL,96.11111111111113,-86.11111111111113,8.0
120,10,Poor,Clear,0.1,Wet,FAIL,108.36601307189545,-98.36601307189545,6.8
120,10,Poor,Clear,0.1,Slippery,FAIL,125.8730158730159,-115.8730158730159,5.6
120,10,Poor,Clear,0.15,Dry,FAIL,97.7777777777778,-87.7777777777778,8.0
120,10,Poor,Clear,0.15,Wet,FAIL,110.03267973856212,-100.03267973856212,6.8
120,10,Poor,Clear,0.15,Slippery,FAIL,127.53968253968257,-117.53968253968257,5.6
120,10,Poor,Clear,0.25,Dry,FAIL,101.11111111111113,-91.11111111111113,8.0
120,10,Poor,Clear,0.25,Wet,FAIL,113.36601307189545,-103.36601307189545,6.8
120,10,Poor,Clear,0.25,Slippery,FAIL,130.8730158730159,-120.8730158730159,5.6
120,10,Poor,Rain,0,Dry,FAIL,100.49382716049384,-90.49382716049384,7.2
120,10,Poor,Rain,0,Wet,FAIL,114.11038489469863,-104.11038489469863,6.12
120,10,Poor,Rain,0,Slippery,FAIL,133.5626102292769,-123.56261022927691,5.04
120,10,Poor,Rain,0.05,Dry,FAIL,102.16049382716051,-92.16049382716051,7.2
120,10,Poor,Rain,0.05,Wet,FAIL,115.7770515613653,-105.7770515613653,6.12
120,10,Poor,Rain,0.05,Slippery,FAIL,135.2292768959436,-125.2292768959436,5.04
120,10,Poor,Rain,0.1,Dry,FAIL,103.82716049382718,-93.82716049382718,7.2
120,10,Poor,Rain,0.1,Wet,FAIL,117.44371822803197,-107.44371822803197,6.12
120,10,Poor,Rain,0.1,Slippery,FAIL,136.89594356261026,-126.89594356261026,5.04
120,10,Poor,Rain,0.15,Dry,FAIL,105.49382716049385,-95.49382716049385,7.2
120,10,Poor,Rain,0.15,Wet,FAIL,119.11038489469864,-109.11038489469864,6.12
120,10,Poor,Rain,0.15,Slippery,FAIL,138.5626102292769,-128.5626102292769,5.04
120,10,Poor,Rain,0.25,Dry,FAIL,108.82716049382718,-98.82716049382718,7.2
120,10,Poor,Rain,0.25,Wet,FAIL,122.44371822803197,-112.44371822803197,6.12
120,10,Poor,Rain,0.25,Slippery,FAIL,141.89594356261026,-131.89594356261026,5.04
120,10,Poor,Fog,0,Dry,FAIL,105.03267973856211,-95.03267973856211,6.8
120,10,Poor,Fog,0,Wet,FAIL,119.4502114571319,-109.4502114571319,5.779999999999999
120,10,Poor,Fog,0,Slippery,FAIL,140.046685340803,-130.046685340803,4.76
120,10,Poor,Fog,0.05,Dry,FAIL,106.69934640522878,-96.69934640522878,6.8
120,10,Poor,Fog,0.05,Wet,FAIL,121.11687812379857,-111.11687812379857,5.779999999999999
120,10,Poor,Fog,0.05,Slippery,FAIL,141.71335200746967,-131.71335200746967,4.76
120,10,Poor,Fog,0.1,Dry,FAIL,108.36601307189545,-98.36601307189545,6.8
120,10,Poor,Fog,0.1,Wet,FAIL,122.78354479046524,-112.78354479046524,5.779999999999999
120,10,Poor,Fog,0.1,Slippery,FAIL,143.38001867413635,-133.38001867413635,4.76
120,10,Poor,Fog,0.15,Dry,FAIL,110.03267973856212,-100.03267973856212,6.8
120,10,Poor,Fog,0.15,Wet,FAIL,124.45021145713191,-114.45021145713191,5.779999999999999
120,10,Poor,Fog,0.15,Slippery,FAIL,145.046685340803,-135.046685340803,4.76
120,10,Poor,Fog,0.25,Dry,FAIL,113.36601307189545,-103.36601307189545,6.8
120,10,Poor,Fog,0.25,Wet,FAIL,127.78354479046524,-117.78354479046524,5.779999999999999
120,10,Poor,Fog,0.25,Slippery,FAIL,148.38001867413635,-138.38001867413635,4.76
120,15,Good,Clear,0,Dry,FAIL,86.11111111111113,-71.11111111111113,8.0
120,15,Good,Clear,0,Wet,FAIL,98.36601307189545,-83.36601307189545,6.8
120,15,Good,Clear,0,Slippery,FAIL,115.8730158730159,-100.8730158730159,5.6
120,15,Good,Clear,0.05,Dry,FAIL,87.7777777777778,-72.7777777777778,8.0
120,15,Good,Clear,0.05,Wet,FAIL,100.03267973856211,-85.03267973856211,6.8
120,15,Good,Clear,0.05,Slippery,FAIL,117.53968253968256,-102.53968253968256,5.6
120,15,Good,Clear,0.1,Dry,FAIL,89.44444444444446,-74.44444444444446,8.0
120,15,Good,Clear,0.1,Wet,FAIL,101.69934640522878,-86.69934640522878,6.8
120,15,Good,Clear,0.1,Slippery,FAIL,119.20634920634923,-104.20634920634923,5.6
120,15,Good,Clear,0.15,Dry,FAIL,91.11111111111113,-76.11111111111113,8.0
120,15,Good,Clear,0.15,Wet,FAIL,103.36601307189545,-88.36601307189545,6.8
120,15,Good,Clear,0.15,Slippery,FAIL,120.8730158730159,-105.8730158730159,5.6
120,15,Good,Clear,0.25,Dry,FAIL,94.44444444444446,-79.44444444444446,8.0
120,15,Good,Clear,0.25,Wet,FAIL,106.69934640522878,-91.69934640522878,6.8
120,15,Good,Clear,0.25,Slippery,FAIL,124.20634920634923,-109.20634920634923,5.6
120,15,Good,Rain,0,Dry,FAIL,93.82716049382718,-78.82716049382718,7.2
120,15,Good,Rain,0,Wet,FAIL,107.44371822803197,-92.44371822803197,6.12
120,15,Good,Rain,0,Slippery,FAIL,126.89594356261026,-111.89594356261026,5.04
120,15,Good,Rain,0.05,Dry,FAIL,95.49382716049385,-80.49382716049385,7.2
120,15,Good,Rain,0.05,Wet,FAIL,109.11038489469863,-94.11038489469863,6.12
120,15,Good,Rain,0.05,Slippery,FAIL,128.5626102292769,-113.56261022927691,5.04
120,15,Good,Rain,0.1,Dry,FAIL,97.16049382716051,-82.16049382716051,7.2
120,15,Good,Rain,0.1,Wet,FAIL,110.7770515613653,-95.7770515613653,6.12
120,15,Good,Rain,0.1,Slippery,FAIL,130.2292768959436,-115.2292768959436,5.04
120,15,Good,Rain,0.15,Dry,FAIL,98.82716049382718,-83.82716049382718,7.2
120,15,Good,Rain,0.15,Wet,FAIL,112.44371822803197,-97.44371822803197,6.12
120,15,Good,Rain,0.15,Slippery,FAIL,131.89594356261026,-116.89594356261026,5.04
120,15,Good,Rain,0.25,Dry,FAIL,102.16049382716051,-87.16049382716051,7.2
120,15,Good,Rain,0.25,Wet,FAIL,115.7770515613653,-100.7770515613653,6.12
120,15,Good,Rain,0.25,Slippery,FAIL,135.2292768959436,-120.2292768959436,5.04
120,15,Good,Fog,0,Dry,FAIL,98.36601307189545,-83.36601307189545,6.8
120,15,Good,Fog,0,Wet,FAIL,112.78354479046524,-97.78354479046524,5.779999999999999
120,15,Good,Fog,0,Slippery,FAIL,133.38001867413635,-118.38001867413635,4.76
120,15,Good,Fog,0.05,Dry,FAIL,100.03267973856211,-85.03267973856211,6.8
120,15,Good,Fog,0.05,Wet,FAIL,114.4502114571319,-99.4502114571319,5.779999999999999
120,15,Good,Fog,0.05,Slippery,FAIL,135.046685340803,-120.04668534080301,4.76
120,15,Good,Fog,0.1,Dry,FAIL,101.69934640522878,-86.69934640522878,6.8
120,15,Good,Fog,0.1,Wet,FAIL,116.11687812379857,-101.11687812379857,5.779999999999999
120,15,Good,Fog,0.1,Slippery,FAIL,136.71335200746967,-121.71335200746967,4.76
120,15,Good,Fog,0.15,Dry,FAIL,103.36601307189545,-88.36601307189545,6.8
120,15,Good,Fog,0.15,Wet,FAIL,117.78354479046524,-102.78354479046524,5.779999999999999
120,15,Good,Fog,0.15,Slippery,FAIL,138.38001867413635,-123.38001867413635,4.76
120,15,Good,Fog,0.25,Dry,FAIL,106.69934640522878,-91.69934640522878,6.8
120,15,Good,Fog,0.25,Wet,FAIL,121.11687812379857,-106.11687812379857,5.779999999999999
120,15,Good,Fog,0.25,Slippery,FAIL,141.71335200746967,-126.71335200746967,4.76
120,15,Moderate,Clear,0,Dry,FAIL,89.44444444444446,-74.44444444444446,8.0
120,15,Moderate,Clear,0,Wet,FAIL,101.69934640522878,-86.69934640522878,6.8
120,15,Moderate,Clear,0,Slippery,FAIL,119.20634920634923,-104.20634920634923,5.6
120,15,Moderate,Clear,0.05,Dry,FAIL,91.11111111111113,-76.11111111111113,8.0
120,15,Moderate,Clear,0.05,Wet,FAIL,103.36601307189545,-88.36601307189545,6.8
120,15,Moderate,Clear,0.05,Slippery,FAIL,120.8730158730159,-105.8730158730159,5.6
120,15,Moderate,Clear,0.1,Dry,FAIL,92.77777777777779,-77.77777777777779,8.0
120,15,Moderate,Clear,0.1,Wet,FAIL,105.03267973856211,-90.03267973856211,6.8
120,15,Moderate,Clear,0.1,Slippery,FAIL,122.53968253968256,-107.53968253968256,5.6
120,15,Moderate,Clear,0.15,Dry,FAIL,94.44444444444446,-79.44444444444446,8.0
120,15,Moderate,Clear,0.15,Wet,FAIL,106.69934640522878,-91.69934640522878,6.8
120,15,Moderate,Clear,0.15,Slippery,FAIL,124.20634920634923,-109.20634920634923,5.6
120,15,Moderate,Clear,0.25,Dry,FAIL,97.7777777777778,-82.7777777777778,8.0
120,15,Moderate,Clear,0.25,Wet,FAIL,110.03267973856211,-95.03267973856211,6.8
120,15,Moderate,Clear,0.25,Slippery,FAIL,127.53968253968256,-112.53968253968256,5.6
120,15,Moderate,Rain,0,Dry,FAIL,97.16049382716051,-82.16049382716051,7.2
120,15,Moderate,Rain,0,Wet,FAIL,110.7770515613653,-95.7770515613653,6.12
120,15,Moderate,Rain,0,Slippery,FAIL,130.2292768959436,-115.2292768959436,5.04
120,15,Moderate,Rain,0.05,Dry,FAIL,98.82716049382718,-83.82716049382718,7.2
120,15,Moderate,Rain,0.05,Wet,FAIL,112.44371822803197,-97.44371822803197,6.12
120,15,Moderate,Rain,0.05,Slippery,FAIL,131.89594356261026,-116.89594356261026,5.04
120,15,Moderate,Rain,0.1,Dry,FAIL,100.49382716049384,-85.49382716049384,7.2
120,15,Moderate,Rain,0.1,Wet,FAIL,114.11038489469863,-99.11038489469863,6.12
120,15,Moderate,Rain,0.1,Slippery,FAIL,133.5626102292769,-118.56261022927691,5.04
120,15,Moderate,Rain,0.15,Dry,FAIL,102.16049382716051,-87.16049382716051,7.2
120,15,Moderate,Rain,0.15,Wet,FAIL,115.7770515613653,-100.7770515613653,6.12
120,15,Moderate,Rain,0.15,Slippery,FAIL,135.2292768959436,-120.2292768959436,5.04
120,15,Moderate,Rain,0.25,Dry,FAIL,105.49382716049385,-90.49382716049385,7.2
120,15,Moderate,Rain,0.25,Wet,FAIL,119.11038489469863,-104.11038489469863,6.12
120,15,Moderate,Rain,0.25,Slippery,FAIL,138.5626102292769,-123.56261022927691,5.04
120,15,Moderate,Fog,0,Dry,FAIL,101.69934640522878,-86.69934640522878,6.8
120,15,Moderate,Fog,0,Wet,FAIL,116.11687812379857,-101.11687812379857,5.779999999999999
120,15,Moderate,Fog,0,Slippery,FAIL,136.71335200746967,-121.71335200746967,4.76
120,15,Moderate,Fog,0.05,Dry,FAIL,103.36601307189545,-88.36601307189545,6.8
120,15,Moderate,Fog,0.05,Wet,FAIL,117.78354479046524,-102.78354479046524,5.779999999999999
120,15,Moderate,Fog,0.05,Slippery,FAIL,138.38001867413635,-123.38001867413635,4.76
120,15,Moderate,Fog,0.1,Dry,FAIL,105.03267973856211,-90.03267973856211,6.8
120,15,Moderate,Fog,0.1,Wet,FAIL,119.4502114571319,-104.4502114571319,5.779999999999999
120,15,Moderate,Fog,0.1,Slippery,FAIL,140.046685340803,-125.04668534080301,4.76
120,15,Moderate,Fog,0.15,Dry,FAIL,106.69934640522878,-91.69934640522878,6.8
120,15,Moderate,Fog,0.15,Wet,FAIL,121.11687812379857,-106.11687812379857,5.779999999999999
120,15,Moderate,Fog,0.15,Slippery,FAIL,141.71335200746967,-126.71335200746967,4.76
120,15,Moderate,Fog,0.25,Dry,FAIL,110.03267973856211,-95.03267973856211,6.8
120,15,Moderate,Fog,0.25,Wet,FAIL,124.4502114571319,-109.4502114571319,5.779999999999999
120,15,Moderate,Fog,0.25,Slippery,FAIL,145.046685340803,-130.046685340803,4.76
120,15,Poor,Clear,0,Dry,FAIL,92.77777777777779,-77.77777777777779,8.0
120,15,Poor,Clear,0,Wet,FAIL,105.03267973856211,-90.03267973856211,6.8
120,15,Poor,Clear,0,Slippery,FAIL,122.53968253968256,-107.53968253968256,5.6
120,15,Poor,Clear,0.05,Dry,FAIL,94.44444444444446,-79.44444444444446,8.0
120,15,Poor,Clear,0.05,Wet,FAIL,106.69934640522878,-91.69934640522878,6.8
120,15,Poor,Clear,0.05,Slippery,FAIL,124.20634920634923,-109.20634920634923,5.6
120,15,Poor,Clear,0.1,Dry,FAIL,96.11111111111113,-81.11111111111113,8.0
120,15,Poor,Clear,0.1,Wet,FAIL,108.36601307189545,-93.36601307189545,6.8
120,15,Poor,Clear,0.1,Slippery,FAIL,125.8730158730159,-110.8730158730159,5.6
120,15,Poor,Clear,0.15,Dry,FAIL,97.7777777777778,-82.7777777777778,8.0
120,15,Poor,Clear,0.15,Wet,FAIL,110.03267973856212,-95.03267973856212,6.8
120,15,Poor,Clear,0.15,Slippery,FAIL,127.53968253968257,-112.53968253968257,5.6
120,15,Poor,Clear,0.25,Dry,FAIL,101.11111111111113,-86.11111111111113,8.0
120,15,Poor,Clear,0.25,Wet,FAIL,113.36601307189545,-98.36601307189545,6.8
120,15,Poor,Clear,0.25,Slippery,FAIL,130.8730158730159,-115.8730158730159,5.6
120,15,Poor,Rain,0,Dry,FAIL,100.49382716049384,-85.49382716049384,7.2
120,15,Poor,Rain,0,Wet,FAIL,114.11038489469863,-99.11038489469863,6.12
120,15,Poor,Rain,0,Slippery,FAIL,133.5626102292769,-118.56261022927691,5.04
120,15,Poor,Rain,0.05,Dry,FAIL,102.16049382716051,-87.16049382716051,7.2
120,15,Poor,Rain,0.05,Wet,FAIL,115.7770515613653,-100.7770515613653,6.12
120,15,Poor,Rain,0.05,Slippery,FAIL,135.2292768959436,-120.2292768959436,5.04
120,15,Poor,Rain,0.1,Dry,FAIL,103.82716049382718,-88.82716049382718,7.2
120,15,Poor,Rain,0.1,Wet,FAIL,117.44371822803197,-102.44371822803197,6.12
120,15,Poor,Rain,0.1,Slippery,FAIL,136.89594356261026,-121.89594356261026,5.04
120,15,Poor,Rain,0.15,Dry,FAIL,105.49382716049385,-90.49382716049385,7.2
120,15,Poor,Rain,0.15,Wet,FAIL,119.11038489469864,-104.11038489469864,6.12
120,15,Poor,Rain,0.15,Slippery,FAIL,138.5626102292769,-123.56261022927691,5.04
120,15,Poor,Rain,0.25,Dry,FAIL,108.82716049382718,-93.82716049382718,7.2
120,15,Poor,Rain,0.25,Wet,FAIL,122.44371822803197,-107.44371822803197,6.12
120,15,Poor,Rain,0.25,Slippery,FAIL,141.89594356261026,-126.89594356261026,5.04
120,15,Poor,Fog,0,Dry,FAIL,105.03267973856211,-90.03267973856211,6.8
120,15,Poor,Fog,0,Wet,FAIL,119.4502114571319,-104.4502114571319,5.779999999999999
120,15,Poor,Fog,0,Slippery,FAIL,140.046685340803,-125.04668534080301,4.76
120,15,Poor,Fog,0.05,Dry,FAIL,106.69934640522878,-91.69934640522878,6.8
120,15,Poor,Fog,0.05,Wet,FAIL,121.11687812379857,-106.11687812379857,5.779999999999999
120,15,Poor,Fog,0.05,Slippery,FAIL,141.71335200746967,-126.71335200746967,4.76
120,15,Poor,Fog,0.1,Dry,FAIL,108.36601307189545,-93.36601307189545,6.8
120,15,Poor,Fog,0.1,Wet,FAIL,122.78354479046524,-107.78354479046524,5.779999999999999
120,15,Poor,Fog,0.1,Slippery,FAIL,143.38001867413635,-128.38001867413635,4.76
120,15,Poor,Fog,0.15,Dry,FAIL,110.03267973856212,-95.03267973856212,6.8
120,15,Poor,Fog,0.15,Wet,FAIL,124.45021145713191,-109.45021145713191,5.779999999999999
120,15,Poor,Fog,0.15,Slippery,FAIL,145.046685340803,-130.046685340803,4.76
120,15,Poor,Fog,0.25,Dry,FAIL,113.36601307189545,-98.36601307189545,6.8
120,15,Poor,Fog,0.25,Wet,FAIL,127.78354479046524,-112.78354479046524,5.779999999999999
120,15,Poor,Fog,0.25,Slippery,FAIL,148.38001867413635,-133.38001867413635,4.76
120,20,Good,Clear,0,Dry,FAIL,86.11111111111113,-66.11111111111113,8.0
120,20,Good,Clear,0,Wet,FAIL,98.36601307189545,-78.36601307189545,6.8
120,20,Good,Clear,0,Slippery,FAIL,115.8730158730159,-95.8730158730159,5.6
120,20,Good,Clear,0.05,Dry,FAIL,87.7777777777778,-67.7777777777778,8.0
120,20,Good,Clear,0.05,Wet,FAIL,100.03267973856211,-80.03267973856211,6.8
120,20,Good,Clear,0.05,Slippery,FAIL,117.53968253968256,-97.53968253968256,5.6
120,20,Good,Clear,0.1,Dry,FAIL,89.44444444444446,-69.44444444444446,8.0
120,20,Good,Clear,0.1,Wet,FAIL,101.69934640522878,-81.69934640522878,6.8
120,20,Good,Clear,0.1,Slippery,FAIL,119.20634920634923,-99.20634920634923,5.6
120,20,Good,Clear,0.15,Dry,FAIL,91.11111111111113,-71.11111111111113,8.0
120,20,Good,Clear,0.15,Wet,FAIL,103.36601307189545,-83.36601307189545,6.8
120,20,Good,Clear,0.15,Slippery,FAIL,120.8730158730159,-100.8730158730159,5.6
120,20,Good,Clear,0.25,Dry,FAIL,94.44444444444446,-74.44444444444446,8.0
120,20,Good,Clear,0.25,Wet,FAIL,106.69934640522878,-86.69934640522878,6.8
120,20,Good,Clear,0.25,Slippery,FAIL,124.20634920634923,-104.20634920634923,5.6
120,20,Good,Rain,0,Dry,FAIL,93.82716049382718,-73.82716049382718,7.2
120,20,Good,Rain,0,Wet,FAIL,107.44371822803197,-87.44371822803197,6.12
120,20,Good,Rain,0,Slippery,FAIL,126.89594356261026,-106.89594356261026,5.04
120,20,Good,Rain,0.05,Dry,FAIL,95.49382716049385,-75.49382716049385,7.2
120,20,Good,Rain,0.05,Wet,FAIL,109.11038489469863,-89.11038489469863,6.12
120,20,Good,Rain,0.05,Slippery,FAIL,128.5626102292769,-108.56261022927691,5.04
120,20,Good,Rain,0.1,Dry,FAIL,97.16049382716051,-77.16049382716051,7.2
120,20,Good,Rain,0.1,Wet,FAIL,110.7770515613653,-90.7770515613653,6.12
120,20,Good,Rain,0.1,Slippery,FAIL,130.2292768959436,-110.2292768959436,5.04
120,20,Good,Rain,0.15,Dry,FAIL,98.82716049382718,-78.82716049382718,7.2
120,20,Good,Rain,0.15,Wet,FAIL,112.44371822803197,-92.44371822803197,6.12
120,20,Good,Rain,0.15,Slippery,FAIL,131.89594356261026,-111.89594356261026,5.04
120,20,Good,Rain,0.25,Dry,FAIL,102.16049382716051,-82.16049382716051,7.2
120,20,Good,Rain,0.25,Wet,FAIL,115.7770515613653,-95.7770515613653,6.12
120,20,Good,Rain,0.25,Slippery,FAIL,135.2292768959436,-115.2292768959436,5.04
120,20,Good,Fog,0,Dry,FAIL,98.36601307189545,-78.36601307189545,6.8
120,20,Good,Fog,0,Wet,FAIL,112.78354479046524,-92.78354479046524,5.779999999999999
120,20,Good,Fog,0,Slippery,FAIL,133.38001867413635,-113.38001867413635,4.76
120,20,Good,Fog,0.05,Dry,FAIL,100.03267973856211,-80.03267973856211,6.8
120,20,Good,Fog,0.05,Wet,FAIL,114.4502114571319,-94.4502114571319,5.779999999999999
120,20,Good,Fog,0.05,Slippery,FAIL,135.046685340803,-115.04668534080301,4.76
120,20,Good,Fog,0.1,Dry,FAIL,101.69934640522878,-81.69934640522878,6.8
120,20,Good,Fog,0.1,Wet,FAIL,116.11687812379857,-96.11687812379857,5.779999999999999
120,20,Good,Fog,0.1,Slippery,FAIL,136.71335200746967,-116.71335200746967,4.76
120,20,Good,Fog,0.15,Dry,FAIL,103.36601307189545,-83.36601307189545,6.8
120,20,Good,Fog,0.15,Wet,FAIL,117.78354479046524,-97.78354479046524,5.779999999999999
120,20,Good,Fog,0.15,Slippery,FAIL,138.38001867413635,-118.38001867413635,4.76
120,20,Good,Fog,0.25,Dry,FAIL,106.69934640522878,-86.69934640522878,6.8
120,20,Good,Fog,0.25,Wet,FAIL,121.11687812379857,-101.11687812379857,5.779999999999999
120,20,Good,Fog,0.25,Slippery,FAIL,141.71335200746967,-121.71335200746967,4.76
120,20,Moderate,Clear,0,Dry,FAIL,89.44444444444446,-69.44444444444446,8.0
120,20,Moderate,Clear,0,Wet,FAIL,101.69934640522878,-81.69934640522878,6.8
120,20,Moderate,Clear,0,Slippery,FAIL,119.20634920634923,-99.20634920634923,5.6
120,20,Moderate,Clear,0.05,Dry,FAIL,91.11111111111113,-71.11111111111113,8.0
120,20,Moderate,Clear,0.05,Wet,FAIL,103.36601307189545,-83.36601307189545,6.8
120,20,Moderate,Clear,0.05,Slippery,FAIL,120.8730158730159,-100.8730158730159,5.6
120,20,Moderate,Clear,0.1,Dry,FAIL,92.77777777777779,-72.77777777777779,8.0
120,20,Moderate,Clear,0.1,Wet,FAIL,105.03267973856211,-85.03267973856211,6.8
120,20,Moderate,Clear,0.1,Slippery,FAIL,122.53968253968256,-102.53968253968256,5.6
120,20,Moderate,Clear,0.15,Dry,FAIL,94.44444444444446,-74.44444444444446,8.0
120,20,Moderate,Clear,0.15,Wet,FAIL,106.69934640522878,-86.69934640522878,6.8
120,20,Moderate,Clear,0.15,Slippery,FAIL,124.20634920634923,-104.20634920634923,5.6
120,20,Moderate,Clear,0.25,Dry,FAIL,97.7777777777778,-77.7777777777778,8.0
120,20,Moderate,Clear,0.25,Wet,FAIL,110.03267973856211,-90.03267973856211,6.8
120,20,Moderate,Clear,0.25,Slippery,FAIL,127.53968253968256,-107.53968253968256,5.6
120,20,Moderate,Rain,0,Dry,FAIL,97.16049382716051,-77.16049382716051,7.2
120,20,Moderate,Rain,0,Wet,FAIL,110.7770515613653,-90.7770515613653,6.12
120,20,Moderate,Rain,0,Slippery,FAIL,130.2292768959436,-110.2292768959436,5.04
120,20,Moderate,Rain,0.05,Dry,FAIL,98.82716049382718,-78.82716049382718,7.2
120,20,Moderate,Rain,0.05,Wet,FAIL,112.44371822803197,-92.44371822803197,6.12
120,20,Moderate,Rain,0.05,Slippery,FAIL,131.89594356261026,-111.89594356261026,5.04
120,20,Moderate,Rain,0.1,Dry,FAIL,100.49382716049384,-80.49382716049384,7.2
120,20,Moderate,Rain,0.1,Wet,FAIL,114.11038489469863,-94.11038489469863,6.12
120,20,Moderate,Rain,0.1,Slippery,FAIL,133.5626102292769,-113.56261022927691,5.04
120,20,Moderate,Rain,0.15,Dry,FAIL,102.16049382716051,-82.16049382716051,7.2
120,20,Moderate,Rain,0.15,Wet,FAIL,115.7770515613653,-95.7770515613653,6.12
120,20,Moderate,Rain,0.15,Slippery,FAIL,135.2292768959436,-115.2292768959436,5.04
120,20,Moderate,Rain,0.25,Dry,FAIL,105.49382716049385,-85.49382716049385,7.2
120,20,Moderate,Rain,0.25,Wet,FAIL,119.11038489469863,-99.11038489469863,6.12
120,20,Moderate,Rain,0.25,Slippery,FAIL,138.5626102292769,-118.56261022927691,5.04
120,20,Moderate,Fog,0,Dry,FAIL,101.69934640522878,-81.69934640522878,6.8
120,20,Moderate,Fog,0,Wet,FAIL,116.11687812379857,-96.11687812379857,5.779999999999999
120,20,Moderate,Fog,0,Slippery,FAIL,136.71335200746967,-116.71335200746967,4.76
120,20,Moderate,Fog,0.05,Dry,FAIL,103.36601307189545,-83.36601307189545,6.8
120,20,Moderate,Fog,0.05,Wet,FAIL,117.78354479046524,-97.78354479046524,5.779999999999999
120,20,Moderate,Fog,0.05,Slippery,FAIL,138.38001867413635,-118.38001867413635,4.76
120,20,Moderate,Fog,0.1,Dry,FAIL,105.03267973856211,-85.03267973856211,6.8
120,20,Moderate,Fog,0.1,Wet,FAIL,119.4502114571319,-99.4502114571319,5.779999999999999
120,20,Moderate,Fog,0.1,Slippery,FAIL,140.046685340803,-120.04668534080301,4.76
120,20,Moderate,Fog,0.15,Dry,FAIL,106.69934640522878,-86.69934640522878,6.8
120,20,Moderate,Fog,0.15,Wet,FAIL,121.11687812379857,-101.11687812379857,5.779999999999999
120,20,Moderate,Fog,0.15,Slippery,FAIL,141.71335200746967,-121.71335200746967,4.76
120,20,Moderate,Fog,0.25,Dry,FAIL,110.03267973856211,-90.03267973856211,6.8
120,20,Moderate,Fog,0.25,Wet,FAIL,124.4502114571319,-104.4502114571319,5.779999999999999
120,20,Moderate,Fog,0.25,Slippery,FAIL,145.046685340803,-125.04668534080301,4.76
120,20,Poor,Clear,0,Dry,FAIL,92.77777777777779,-72.77777777777779,8.0
120,20,Poor,Clear,0,Wet,FAIL,105.03267973856211,-85.03267973856211,6.8
120,20,Poor,Clear,0,Slippery,FAIL,122.53968253968256,-102.53968253968256,5.6
120,20,Poor,Clear,0.05,Dry,FAIL,94.44444444444446,-74.44444444444446,8.0
120,20,Poor,Clear,0.05,Wet,FAIL,106.69934640522878,-86.69934640522878,6.8
120,20,Poor,Clear,0.05,Slippery,FAIL,124.20634920634923,-104.20634920634923,5.6
120,20,Poor,Clear,0.1,Dry,FAIL,96.11111111111113,-76.11111111111113,8.0
120,20,Poor,Clear,0.1,Wet,FAIL,108.36601307189545,-88.36601307189545,6.8
120,20,Poor,Clear,0.1,Slippery,FAIL,125.8730158730159,-105.8730158730159,5.6
120,20,Poor,Clear,0.15,Dry,FAIL,97.7777777777778,-77.7777777777778,8.0
120,20,Poor,Clear,0.15,Wet,FAIL,110.03267973856212,-90.03267973856212,6.8
120,20,Poor,Clear,0.15,Slippery,FAIL,127.53968253968257,-107.53968253968257,5.6
120,20,Poor,Clear,0.25,Dry,FAIL,101.11111111111113,-81.11111111111113,8.0
120,20,Poor,Clear,0.25,Wet,FAIL,113.36601307189545,-93.36601307189545,6.8
120,20,Poor,Clear,0.25,Slippery,FAIL,130.8730158730159,-110.8730158730159,5.6
120,20,Poor,Rain,0,Dry,FAIL,100.49382716049384,-80.49382716049384,7.2
120,20,Poor,Rain,0,Wet,FAIL,114.11038489469863,-94.11038489469863,6.12
120,20,Poor,Rain,0,Slippery,FAIL,133.5626102292769,-113.56261022927691,5.04
120,20,Poor,Rain,0.05,Dry,FAIL,102.16049382716051,-82.16049382716051,7.2
120,20,Poor,Rain,0.05,Wet,FAIL,115.7770515613653,-95.7770515613653,6.12
120,20,Poor,Rain,0.05,Slippery,FAIL,135.2292768959436,-115.2292768959436,5.04
120,20,Poor,Rain,0.1,Dry,FAIL,103.82716049382718,-83.82716049382718,7.2
120,20,Poor,Rain,0.1,Wet,FAIL,117.44371822803197,-97.44371822803197,6.12
120,20,Poor,Rain,0.1,Slippery,FAIL,136.89594356261026,-116.89594356261026,5.04
120,20,Poor,Rain,0.15,Dry,FAIL,105.49382716049385,-85.49382716049385,7.2
120,20,Poor,Rain,0.15,Wet,FAIL,119.11038489469864,-99.11038489469864,6.12
120,20,Poor,Rain,0.15,Slippery,FAIL,138.5626102292769,-118.56261022927691,5.04
120,20,Poor,Rain,0.25,Dry,FAIL,108.82716049382718,-88.82716049382718,7.2
120,20,Poor,Rain,0.25,Wet,FAIL,122.44371822803197,-102.44371822803197,6.12
120,20,Poor,Rain,0.25,Slippery,FAIL,141.89594356261026,-121.89594356261026,5.04
120,20,Poor,Fog,0,Dry,FAIL,105.03267973856211,-85.03267973856211,6.8
120,20,Poor,Fog,0,Wet,FAIL,119.4502114571319,-99.4502114571319,5.779999999999999
120,20,Poor,Fog,0,Slippery,FAIL,140.046685340803,-120.04668534080301,4.76
120,20,Poor,Fog,0.05,Dry,FAIL,106.69934640522878,-86.69934640522878,6.8
120,20,Poor,Fog,0.05,Wet,FAIL,121.11687812379857,-101.11687812379857,5.779999999999999
120,20,Poor,Fog,0.05,Slippery,FAIL,141.71335200746967,-121.71335200746967,4.76
120,20,Poor,Fog,0.1,Dry,FAIL,108.36601307189545,-88.36601307189545,6.8
120,20,Poor,Fog,0.1,Wet,FAIL,122.78354479046524,-102.78354479046524,5.779999999999999
120,20,Poor,Fog,0.1,Slippery,FAIL,143.38001867413635,-123.38001867413635,4.76
120,20,Poor,Fog,0.15,Dry,FAIL,110.03267973856212,-90.03267973856212,6.8
120,20,Poor,Fog,0.15,Wet,FAIL,124.45021145713191,-104.45021145713191,5.779999999999999
120,20,Poor,Fog,0.15,Slippery,FAIL,145.046685340803,-125.04668534080301,4.76
120,20,Poor,Fog,0.25,Dry,FAIL,113.36601307189545,-93.36601307189545,6.8
120,20,Poor,Fog,0.25,Wet,FAIL,127.78354479046524,-107.78354479046524,5.779999999999999
120,20,Poor,Fog,0.25,Slippery,FAIL,148.38001867413635,-128.38001867413635,4.76
120,30,Good,Clear,0,Dry,FAIL,86.11111111111113,-56.11111111111113,8.0
120,30,Good,Clear,0,Wet,FAIL,98.36601307189545,-68.36601307189545,6.8
120,30,Good,Clear,0,Slippery,FAIL,115.8730158730159,-85.8730158730159,5.6
120,30,Good,Clear,0.05,Dry,FAIL,87.7777777777778,-57.7777777777778,8.0
120,30,Good,Clear,0.05,Wet,FAIL,100.03267973856211,-70.03267973856211,6.8
120,30,Good,Clear,0.05,Slippery,FAIL,117.53968253968256,-87.53968253968256,5.6
120,30,Good,Clear,0.1,Dry,FAIL,89.44444444444446,-59.44444444444446,8.0
120,30,Good,Clear,0.1,Wet,FAIL,101.69934640522878,-71.69934640522878,6.8
120,30,Good,Clear,0.1,Slippery,FAIL,119.20634920634923,-89.20634920634923,5.6
120,30,Good,Clear,0.15,Dry,FAIL,91.11111111111113,-61.11111111111113,8.0
120,30,Good,Clear,0.15,Wet,FAIL,103.36601307189545,-73.36601307189545,6.8
120,30,Good,Clear,0.15,Slippery,FAIL,120.8730158730159,-90.8730158730159,5.6
120,30,Good,Clear,0.25,Dry,FAIL,94.44444444444446,-64.44444444444446,8.0
120,30,Good,Clear,0.25,Wet,FAIL,106.69934640522878,-76.69934640522878,6.8
120,30,Good,Clear,0.25,Slippery,FAIL,124.20634920634923,-94.20634920634923,5.6
120,30,Good,Rain,0,Dry,FAIL,93.82716049382718,-63.82716049382718,7.2
120,30,Good,Rain,0,Wet,FAIL,107.44371822803197,-77.44371822803197,6.12
120,30,Good,Rain,0,Slippery,FAIL,126.89594356261026,-96.89594356261026,5.04
120,30,Good,Rain,0.05,Dry,FAIL,95.49382716049385,-65.49382716049385,7.2
120,30,Good,Rain,0.05,Wet,FAIL,109.11038489469863,-79.11038489469863,6.12
120,30,Good,Rain,0.05,Slippery,FAIL,128.5626102292769,-98.56261022927691,5.04
120,30,Good,Rain,0.1,Dry,FAIL,97.16049382716051,-67.16049382716051,7.2
120,30,Good,Rain,0.1,Wet,FAIL,110.7770515613653,-80.7770515613653,6.12
120,30,Good,Rain,0.1,Slippery,FAIL,130.2292768959436,-100.2292768959436,5.04
120,30,Good,Rain,0.15,Dry,FAIL,98.82716049382718,-68.82716049382718,7.2
120,30,Good,Rain,0.15,Wet,FAIL,112.44371822803197,-82.44371822803197,6.12
120,30,Good,Rain,0.15,Slippery,FAIL,131.89594356261026,-101.89594356261026,5.04
120,30,Good,Rain,0.25,Dry,FAIL,102.16049382716051,-72.16049382716051,7.2
120,30,Good,Rain,0.25,Wet,FAIL,115.7770515613653,-85.7770515613653,6.12
120,30,Good,Rain,0.25,Slippery,FAIL,135.2292768959436,-105.2292768959436,5.04
120,30,Good,Fog,0,Dry,FAIL,98.36601307189545,-68.36601307189545,6.8
120,30,Good,Fog,0,Wet,FAIL,112.78354479046524,-82.78354479046524,5.779999999999999
120,30,Good,Fog,0,Slippery,FAIL,133.38001867413635,-103.38001867413635,4.76
120,30,Good,Fog,0.05,Dry,FAIL,100.03267973856211,-70.03267973856211,6.8
120,30,Good,Fog,0.05,Wet,FAIL,114.4502114571319,-84.4502114571319,5.779999999999999
120,30,Good,Fog,0.05,Slippery,FAIL,135.046685340803,-105.04668534080301,4.76
120,30,Good,Fog,0.1,Dry,FAIL,101.69934640522878,-71.69934640522878,6.8
120,30,Good,Fog,0.1,Wet,FAIL,116.11687812379857,-86.11687812379857,5.779999999999999
120,30,Good,Fog,0.1,Slippery,FAIL,136.71335200746967,-106.71335200746967,4.76
120,30,Good,Fog,0.15,Dry,FAIL,103.36601307189545,-73.36601307189545,6.8
120,30,Good,Fog,0.15,Wet,FAIL,117.78354479046524,-87.78354479046524,5.779999999999999
120,30,Good,Fog,0.15,Slippery,FAIL,138.38001867413635,-108.38001867413635,4.76
120,30,Good,Fog,0.25,Dry,FAIL,106.69934640522878,-76.69934640522878,6.8
120,30,Good,Fog,0.25,Wet,FAIL,121.11687812379857,-91.11687812379857,5.779999999999999
120,30,Good,Fog,0.25,Slippery,FAIL,141.71335200746967,-111.71335200746967,4.76
120,30,Moderate,Clear,0,Dry,FAIL,89.44444444444446,-59.44444444444446,8.0
120,30,Moderate,Clear,0,Wet,FAIL,101.69934640522878,-71.69934640522878,6.8
120,30,Moderate,Clear,0,Slippery,FAIL,119.20634920634923,-89.20634920634923,5.6
120,30,Moderate,Clear,0.05,Dry,FAIL,91.11111111111113,-61.11111111111113,8.0
120,30,Moderate,Clear,0.05,Wet,FAIL,103.36601307189545,-73.36601307189545,6.8
120,30,Moderate,Clear,0.05,Slippery,FAIL,120.8730158730159,-90.8730158730159,5.6
120,30,Moderate,Clear,0.1,Dry,FAIL,92.77777777777779,-62.777777777777786,8.0
120,30,Moderate,Clear,0.1,Wet,FAIL,105.03267973856211,-75.03267973856211,6.8
120,30,Moderate,Clear,0.1,Slippery,FAIL,122.53968253968256,-92.53968253968256,5.6
120,30,Moderate,Clear,0.15,Dry,FAIL,94.44444444444446,-64.44444444444446,8.0
120,30,Moderate,Clear,0.15,Wet,FAIL,106.69934640522878,-76.69934640522878,6.8
120,30,Moderate,Clear,0.15,Slippery,FAIL,124.20634920634923,-94.20634920634923,5.6
120,30,Moderate,Clear,0.25,Dry,FAIL,97.7777777777778,-67.7777777777778,8.0
120,30,Moderate,Clear,0.25,Wet,FAIL,110.03267973856211,-80.03267973856211,6.8
120,30,Moderate,Clear,0.25,Slippery,FAIL,127.53968253968256,-97.53968253968256,5.6
120,30,Moderate,Rain,0,Dry,FAIL,97.16049382716051,-67.16049382716051,7.2
120,30,Moderate,Rain,0,Wet,FAIL,110.7770515613653,-80.7770515613653,6.12
120,30,Moderate,Rain,0,Slippery,FAIL,130.2292768959436,-100.2292768959436,5.04
120,30,Moderate,Rain,0.05,Dry,FAIL,98.82716049382718,-68.82716049382718,7.2
120,30,Moderate,Rain,0.05,Wet,FAIL,112.44371822803197,-82.44371822803197,6.12
120,30,Moderate,Rain,0.05,Slippery,FAIL,131.89594356261026,-101.89594356261026,5.04
120,30,Moderate,Rain,0.1,Dry,FAIL,100.49382716049384,-70.49382716049384,7.2
120,30,Moderate,Rain,0.1,Wet,FAIL,114.11038489469863,-84.11038489469863,6.12
120,30,Moderate,Rain,0.1,Slippery,FAIL,133.5626102292769,-103.56261022927691,5.04
120,30,Moderate,Rain,0.15,Dry,FAIL,102.16049382716051,-72.16049382716051,7.2
120,30,Moderate,Rain,0.15,Wet,FAIL,115.7770515613653,-85.7770515613653,6.12
120,30,Moderate,Rain,0.15,Slippery,FAIL,135.2292768959436,-105.2292768959436,5.04
120,30,Moderate,Rain,0.25,Dry,FAIL,105.49382716049385,-75.49382716049385,7.2
120,30,Moderate,Rain,0.25,Wet,FAIL,119.11038489469863,-89.11038489469863,6.12
120,30,Moderate,Rain,0.25,Slippery,FAIL,138.5626102292769,-108.56261022927691,5.04
120,30,Moderate,Fog,0,Dry,FAIL,101.69934640522878,-71.69934640522878,6.8
120,30,Moderate,Fog,0,Wet,FAIL,116.11687812379857,-86.11687812379857,5.779999999999999
120,30,Moderate,Fog,0,Slippery,FAIL,136.71335200746967,-106.71335200746967,4.76
120,30,Moderate,Fog,0.05,Dry,FAIL,103.36601307189545,-73.36601307189545,6.8
120,30,Moderate,Fog,0.05,Wet,FAIL,117.78354479046524,-87.78354479046524,5.779999999999999
120,30,Moderate,Fog,0.05,Slippery,FAIL,138.38001867413635,-108.38001867413635,4.76
120,30,Moderate,Fog,0.1,Dry,FAIL,105.03267973856211,-75.03267973856211,6.8
120,30,Moderate,Fog,0.1,Wet,FAIL,119.4502114571319,-89.4502114571319,5.779999999999999
120,30,Moderate,Fog,0.1,Slippery,FAIL,140.046685340803,-110.04668534080301,4.76
120,30,Moderate,Fog,0.15,Dry,FAIL,106.69934640522878,-76.69934640522878,6.8
120,30,Moderate,Fog,0.15,Wet,FAIL,121.11687812379857,-91.11687812379857,5.779999999999999
120,30,Moderate,Fog,0.15,Slippery,FAIL,141.71335200746967,-111.71335200746967,4.76
120,30,Moderate,Fog,0.25,Dry,FAIL,110.03267973856211,-80.03267973856211,6.8
120,30,Moderate,Fog,0.25,Wet,FAIL,124.4502114571319,-94.4502114571319,5.779999999999999
120,30,Moderate,Fog,0.25,Slippery,FAIL,145.046685340803,-115.04668534080301,4.76
120,30,Poor,Clear,0,Dry,FAIL,92.77777777777779,-62.777777777777786,8.0
120,30,Poor,Clear,0,Wet,FAIL,105.03267973856211,-75.03267973856211,6.8
120,30,Poor,Clear,0,Slippery,FAIL,122.53968253968256,-92.53968253968256,5.6
120,30,Poor,Clear,0.05,Dry,FAIL,94.44444444444446,-64.44444444444446,8.0
120,30,Poor,Clear,0.05,Wet,FAIL,106.69934640522878,-76.69934640522878,6.8
120,30,Poor,Clear,0.05,Slippery,FAIL,124.20634920634923,-94.20634920634923,5.6
120,30,Poor,Clear,0.1,Dry,FAIL,96.11111111111113,-66.11111111111113,8.0
120,30,Poor,Clear,0.1,Wet,FAIL,108.36601307189545,-78.36601307189545,6.8
120,30,Poor,Clear,0.1,Slippery,FAIL,125.8730158730159,-95.8730158730159,5.6
120,30,Poor,Clear,0.15,Dry,FAIL,97.7777777777778,-67.7777777777778,8.0
120,30,Poor,Clear,0.15,Wet,FAIL,110.03267973856212,-80.03267973856212,6.8
120,30,Poor,Clear,0.15,Slippery,FAIL,127.53968253968257,-97.53968253968257,5.6
120,30,Poor,Clear,0.25,Dry,FAIL,101.11111111111113,-71.11111111111113,8.0
120,30,Poor,Clear,0.25,Wet,FAIL,113.36601307189545,-83.36601307189545,6.8
120,30,Poor,Clear,0.25,Slippery,FAIL,130.8730158730159,-100.8730158730159,5.6
120,30,Poor,Rain,0,Dry,FAIL,100.49382716049384,-70.49382716049384,7.2
120,30,Poor,Rain,0,Wet,FAIL,114.11038489469863,-84.11038489469863,6.12
120,30,Poor,Rain,0,Slippery,FAIL,133.5626102292769,-103.56261022927691,5.04
120,30,Poor,Rain,0.05,Dry,FAIL,102.16049382716051,-72.16049382716051,7.2
120,30,Poor,Rain,0.05,Wet,FAIL,115.7770515613653,-85.7770515613653,6.12
120,30,Poor,Rain,0.05,Slippery,FAIL,135.2292768959436,-105.2292768959436,5.04
120,30,Poor,Rain,0.1,Dry,FAIL,103.82716049382718,-73.82716049382718,7.2
120,30,Poor,Rain,0.1,Wet,FAIL,117.44371822803197,-87.44371822803197,6.12
120,30,Poor,Rain,0.1,Slippery,FAIL,136.89594356261026,-106.89594356261026,5.04
120,30,Poor,Rain,0.15,Dry,FAIL,105.49382716049385,-75.49382716049385,7.2
120,30,Poor,Rain,0.15,Wet,FAIL,119.11038489469864,-89.11038489469864,6.12
120,30,Poor,Rain,0.15,Slippery,FAIL,138.5626102292769,-108.56261022927691,5.04
120,30,Poor,Rain,0.25,Dry,FAIL,108.82716049382718,-78.82716049382718,7.2
120,30,Poor,Rain,0.25,Wet,FAIL,122.44371822803197,-92.44371822803197,6.12
120,30,Poor,Rain,0.25,Slippery,FAIL,141.89594356261026,-111.89594356261026,5.04
120,30,Poor,Fog,0,Dry,FAIL,105.03267973856211,-75.03267973856211,6.8
120,30,Poor,Fog,0,Wet,FAIL,119.4502114571319,-89.4502114571319,5.779999999999999
120,30,Poor,Fog,0,Slippery,FAIL,140.046685340803,-110.04668534080301,4.76
120,30,Poor,Fog,0.05,Dry,FAIL,106.69934640522878,-76.69934640522878,6.8
120,30,Poor,Fog,0.05,Wet,FAIL,121.11687812379857,-91.11687812379857,5.779999999999999
120,30,Poor,Fog,0.05,Slippery,FAIL,141.71335200746967,-111.71335200746967,4.76
120,30,Poor,Fog,0.1,Dry,FAIL,108.36601307189545,-78.36601307189545,6.8
120,30,Poor,Fog,0.1,Wet,FAIL,122.78354479046524,-92.78354479046524,5.779999999999999
120,30,Poor,Fog,0.1,Slippery,FAIL,143.38001867413635,-113.38001867413635,4.76
120,30,Poor,Fog,0.15,Dry,FAIL,110.03267973856212,-80.03267973856212,6.8
120,30,Poor,Fog,0.15,Wet,FAIL,124.45021145713191,-94.45021145713191,5.779999999999999
120,30,Poor,Fog,0.15,Slippery,FAIL,145.046685340803,-115.04668534080301,4.76
120,30,Poor,Fog,0.25,Dry,FAIL,113.36601307189545,-83.36601307189545,6.8
120,30,Poor,Fog,0.25,Wet,FAIL,127.78354479046524,-97.78354479046524,5.779999999999999
120,30,Poor,Fog,0.25,Slippery,FAIL,148.38001867413635,-118.38001867413635,4.76
